[0.009s] Invoking command in '/home/frankie/ros2_ws/build/aws_robomaker_small_house_world': CMAKE_PREFIX_PATH=/opt/ros/humble /usr/bin/cmake /home/frankie/ros2_ws/src/aws-robomaker-small-house-world -DCMAKE_INSTALL_PREFIX=/home/frankie/ros2_ws/install/aws_robomaker_small_house_world
[0.113s] -- The C compiler identification is GNU 11.4.0
[0.190s] -- The CXX compiler identification is GNU 11.4.0
[0.197s] -- Detecting C compiler ABI info
[0.266s] -- Detecting C compiler ABI info - done
[0.274s] -- Check for working C compiler: /usr/bin/cc - skipped
[0.274s] -- Detecting C compile features
[0.275s] -- Detecting C compile features - done
[0.278s] -- Detecting CXX compiler ABI info
[0.347s] -- Detecting CXX compiler ABI info - done
[0.352s] -- Check for working CXX compiler: /usr/bin/c++ - skipped
[0.352s] -- Detecting CXX compile features
[0.353s] -- Detecting CXX compile features - done
[0.355s] -- Found ament_cmake_ros: 0.10.0 (/opt/ros/humble/share/ament_cmake_ros/cmake)
[0.483s] -- Found Python3: /usr/bin/python3 (found version "3.10.12") found components: Interpreter 
[0.615s] -- Configuring done
[0.616s] -- Generating done
[0.617s] -- Build files have been written to: /home/frankie/ros2_ws/build/aws_robomaker_small_house_world
[0.621s] Invoked command in '/home/frankie/ros2_ws/build/aws_robomaker_small_house_world' returned '0': CMAKE_PREFIX_PATH=/opt/ros/humble /usr/bin/cmake /home/frankie/ros2_ws/src/aws-robomaker-small-house-world -DCMAKE_INSTALL_PREFIX=/home/frankie/ros2_ws/install/aws_robomaker_small_house_world
[0.622s] Invoking command in '/home/frankie/ros2_ws/build/aws_robomaker_small_house_world': CMAKE_PREFIX_PATH=/opt/ros/humble /usr/bin/cmake --build /home/frankie/ros2_ws/build/aws_robomaker_small_house_world -- -j8 -l8
[0.654s] Invoked command in '/home/frankie/ros2_ws/build/aws_robomaker_small_house_world' returned '0': CMAKE_PREFIX_PATH=/opt/ros/humble /usr/bin/cmake --build /home/frankie/ros2_ws/build/aws_robomaker_small_house_world -- -j8 -l8
[0.661s] Invoking command in '/home/frankie/ros2_ws/build/aws_robomaker_small_house_world': CMAKE_PREFIX_PATH=/opt/ros/humble /usr/bin/cmake --install /home/frankie/ros2_ws/build/aws_robomaker_small_house_world
[0.667s] -- Install configuration: ""
[0.667s] -- Installing: /home/frankie/ros2_ws/install/aws_robomaker_small_house_world/share/aws_robomaker_small_house_world/launch
[0.667s] -- Installing: /home/frankie/ros2_ws/install/aws_robomaker_small_house_world/share/aws_robomaker_small_house_world/launch/small_house.launch.py
[0.667s] -- Installing: /home/frankie/ros2_ws/install/aws_robomaker_small_house_world/share/aws_robomaker_small_house_world/models
[0.667s] -- Installing: /home/frankie/ros2_ws/install/aws_robomaker_small_house_world/share/aws_robomaker_small_house_world/models/aws_robomaker_residential_KitchenTable_01
[0.667s] -- Installing: /home/frankie/ros2_ws/install/aws_robomaker_small_house_world/share/aws_robomaker_small_house_world/models/aws_robomaker_residential_KitchenTable_01/materials
[0.667s] -- Installing: /home/frankie/ros2_ws/install/aws_robomaker_small_house_world/share/aws_robomaker_small_house_world/models/aws_robomaker_residential_KitchenTable_01/materials/textures
[0.667s] -- Installing: /home/frankie/ros2_ws/install/aws_robomaker_small_house_world/share/aws_robomaker_small_house_world/models/aws_robomaker_residential_KitchenTable_01/materials/textures/aws_KitchenTable_01.png
[0.668s] -- Installing: /home/frankie/ros2_ws/install/aws_robomaker_small_house_world/share/aws_robomaker_small_house_world/models/aws_robomaker_residential_KitchenTable_01/meshes
[0.668s] -- Installing: /home/frankie/ros2_ws/install/aws_robomaker_small_house_world/share/aws_robomaker_small_house_world/models/aws_robomaker_residential_KitchenTable_01/meshes/aws_KitchenTable_01_collision.DAE
[0.668s] -- Installing: /home/frankie/ros2_ws/install/aws_robomaker_small_house_world/share/aws_robomaker_small_house_world/models/aws_robomaker_residential_KitchenTable_01/meshes/aws_KitchenTable_01_visual.DAE
[0.668s] -- Installing: /home/frankie/ros2_ws/install/aws_robomaker_small_house_world/share/aws_robomaker_small_house_world/models/aws_robomaker_residential_KitchenTable_01/model.config
[0.669s] -- Installing: /home/frankie/ros2_ws/install/aws_robomaker_small_house_world/share/aws_robomaker_small_house_world/models/aws_robomaker_residential_KitchenTable_01/model.sdf
[0.669s] -- Installing: /home/frankie/ros2_ws/install/aws_robomaker_small_house_world/share/aws_robomaker_small_house_world/models/aws_robomaker_residential_RoomCeiling_01
[0.669s] -- Installing: /home/frankie/ros2_ws/install/aws_robomaker_small_house_world/share/aws_robomaker_small_house_world/models/aws_robomaker_residential_RoomCeiling_01/materials
[0.669s] -- Installing: /home/frankie/ros2_ws/install/aws_robomaker_small_house_world/share/aws_robomaker_small_house_world/models/aws_robomaker_residential_RoomCeiling_01/materials/textures
[0.669s] -- Installing: /home/frankie/ros2_ws/install/aws_robomaker_small_house_world/share/aws_robomaker_small_house_world/models/aws_robomaker_residential_RoomCeiling_01/materials/textures/aws_RoomCeiling_01.png
[0.669s] -- Installing: /home/frankie/ros2_ws/install/aws_robomaker_small_house_world/share/aws_robomaker_small_house_world/models/aws_robomaker_residential_RoomCeiling_01/meshes
[0.669s] -- Installing: /home/frankie/ros2_ws/install/aws_robomaker_small_house_world/share/aws_robomaker_small_house_world/models/aws_robomaker_residential_RoomCeiling_01/meshes/aws_RoomCeiling_01_collision.DAE
[0.669s] -- Installing: /home/frankie/ros2_ws/install/aws_robomaker_small_house_world/share/aws_robomaker_small_house_world/models/aws_robomaker_residential_RoomCeiling_01/meshes/aws_RoomCeiling_01_visual.DAE
[0.669s] -- Installing: /home/frankie/ros2_ws/install/aws_robomaker_small_house_world/share/aws_robomaker_small_house_world/models/aws_robomaker_residential_RoomCeiling_01/model.config
[0.669s] -- Installing: /home/frankie/ros2_ws/install/aws_robomaker_small_house_world/share/aws_robomaker_small_house_world/models/aws_robomaker_residential_RoomCeiling_01/model.sdf
[0.669s] -- Installing: /home/frankie/ros2_ws/install/aws_robomaker_small_house_world/share/aws_robomaker_small_house_world/models/aws_robomaker_residential_SofaB_01
[0.669s] -- Installing: /home/frankie/ros2_ws/install/aws_robomaker_small_house_world/share/aws_robomaker_small_house_world/models/aws_robomaker_residential_SofaB_01/materials
[0.669s] -- Installing: /home/frankie/ros2_ws/install/aws_robomaker_small_house_world/share/aws_robomaker_small_house_world/models/aws_robomaker_residential_SofaB_01/materials/textures
[0.669s] -- Installing: /home/frankie/ros2_ws/install/aws_robomaker_small_house_world/share/aws_robomaker_small_house_world/models/aws_robomaker_residential_SofaB_01/materials/textures/aws_SofaB_01.png
[0.670s] -- Installing: /home/frankie/ros2_ws/install/aws_robomaker_small_house_world/share/aws_robomaker_small_house_world/models/aws_robomaker_residential_SofaB_01/meshes
[0.670s] -- Installing: /home/frankie/ros2_ws/install/aws_robomaker_small_house_world/share/aws_robomaker_small_house_world/models/aws_robomaker_residential_SofaB_01/meshes/aws_SofaB_01_visual.DAE
[0.670s] -- Installing: /home/frankie/ros2_ws/install/aws_robomaker_small_house_world/share/aws_robomaker_small_house_world/models/aws_robomaker_residential_SofaB_01/meshes/aws_SofaB_01_collision.DAE
[0.670s] -- Installing: /home/frankie/ros2_ws/install/aws_robomaker_small_house_world/share/aws_robomaker_small_house_world/models/aws_robomaker_residential_SofaB_01/model.config
[0.670s] -- Installing: /home/frankie/ros2_ws/install/aws_robomaker_small_house_world/share/aws_robomaker_small_house_world/models/aws_robomaker_residential_SofaB_01/model.sdf
[0.670s] -- Installing: /home/frankie/ros2_ws/install/aws_robomaker_small_house_world/share/aws_robomaker_small_house_world/models/aws_robomaker_residential_Board_01
[0.670s] -- Installing: /home/frankie/ros2_ws/install/aws_robomaker_small_house_world/share/aws_robomaker_small_house_world/models/aws_robomaker_residential_Board_01/materials
[0.670s] -- Installing: /home/frankie/ros2_ws/install/aws_robomaker_small_house_world/share/aws_robomaker_small_house_world/models/aws_robomaker_residential_Board_01/materials/textures
[0.670s] -- Installing: /home/frankie/ros2_ws/install/aws_robomaker_small_house_world/share/aws_robomaker_small_house_world/models/aws_robomaker_residential_Board_01/materials/textures/aws_Board_01.png
[0.670s] -- Installing: /home/frankie/ros2_ws/install/aws_robomaker_small_house_world/share/aws_robomaker_small_house_world/models/aws_robomaker_residential_Board_01/meshes
[0.670s] -- Installing: /home/frankie/ros2_ws/install/aws_robomaker_small_house_world/share/aws_robomaker_small_house_world/models/aws_robomaker_residential_Board_01/meshes/aws_Board_01_visual.DAE
[0.670s] -- Installing: /home/frankie/ros2_ws/install/aws_robomaker_small_house_world/share/aws_robomaker_small_house_world/models/aws_robomaker_residential_Board_01/meshes/aws_Board_01_collision.DAE
[0.670s] -- Installing: /home/frankie/ros2_ws/install/aws_robomaker_small_house_world/share/aws_robomaker_small_house_world/models/aws_robomaker_residential_Board_01/model.config
[0.671s] -- Installing: /home/frankie/ros2_ws/install/aws_robomaker_small_house_world/share/aws_robomaker_small_house_world/models/aws_robomaker_residential_Board_01/model.sdf
[0.671s] -- Installing: /home/frankie/ros2_ws/install/aws_robomaker_small_house_world/share/aws_robomaker_small_house_world/models/aws_robomaker_residential_FoldingDoor_01
[0.671s] -- Installing: /home/frankie/ros2_ws/install/aws_robomaker_small_house_world/share/aws_robomaker_small_house_world/models/aws_robomaker_residential_FoldingDoor_01/materials
[0.671s] -- Installing: /home/frankie/ros2_ws/install/aws_robomaker_small_house_world/share/aws_robomaker_small_house_world/models/aws_robomaker_residential_FoldingDoor_01/materials/textures
[0.671s] -- Installing: /home/frankie/ros2_ws/install/aws_robomaker_small_house_world/share/aws_robomaker_small_house_world/models/aws_robomaker_residential_FoldingDoor_01/materials/textures/aws_FoldingDoor_01.png
[0.671s] -- Installing: /home/frankie/ros2_ws/install/aws_robomaker_small_house_world/share/aws_robomaker_small_house_world/models/aws_robomaker_residential_FoldingDoor_01/meshes
[0.671s] -- Installing: /home/frankie/ros2_ws/install/aws_robomaker_small_house_world/share/aws_robomaker_small_house_world/models/aws_robomaker_residential_FoldingDoor_01/meshes/aws_FoldingDoor_01_collision.DAE
[0.671s] -- Installing: /home/frankie/ros2_ws/install/aws_robomaker_small_house_world/share/aws_robomaker_small_house_world/models/aws_robomaker_residential_FoldingDoor_01/meshes/aws_FoldingDoor_01_visual.DAE
[0.672s] -- Installing: /home/frankie/ros2_ws/install/aws_robomaker_small_house_world/share/aws_robomaker_small_house_world/models/aws_robomaker_residential_FoldingDoor_01/model.config
[0.672s] -- Installing: /home/frankie/ros2_ws/install/aws_robomaker_small_house_world/share/aws_robomaker_small_house_world/models/aws_robomaker_residential_FoldingDoor_01/model.sdf
[0.672s] -- Installing: /home/frankie/ros2_ws/install/aws_robomaker_small_house_world/share/aws_robomaker_small_house_world/models/aws_robomaker_residential_DeskPortraitC_01
[0.673s] -- Installing: /home/frankie/ros2_ws/install/aws_robomaker_small_house_world/share/aws_robomaker_small_house_world/models/aws_robomaker_residential_DeskPortraitC_01/materials
[0.673s] -- Installing: /home/frankie/ros2_ws/install/aws_robomaker_small_house_world/share/aws_robomaker_small_house_world/models/aws_robomaker_residential_DeskPortraitC_01/materials/textures
[0.673s] -- Installing: /home/frankie/ros2_ws/install/aws_robomaker_small_house_world/share/aws_robomaker_small_house_world/models/aws_robomaker_residential_DeskPortraitC_01/materials/textures/aws_DeskPortraitC_02.png
[0.673s] -- Installing: /home/frankie/ros2_ws/install/aws_robomaker_small_house_world/share/aws_robomaker_small_house_world/models/aws_robomaker_residential_DeskPortraitC_01/materials/textures/aws_DeskPortraitC_01.png
[0.674s] -- Installing: /home/frankie/ros2_ws/install/aws_robomaker_small_house_world/share/aws_robomaker_small_house_world/models/aws_robomaker_residential_DeskPortraitC_01/meshes
[0.674s] -- Installing: /home/frankie/ros2_ws/install/aws_robomaker_small_house_world/share/aws_robomaker_small_house_world/models/aws_robomaker_residential_DeskPortraitC_01/meshes/aws_DeskPortraitC_01_collision.DAE
[0.674s] -- Installing: /home/frankie/ros2_ws/install/aws_robomaker_small_house_world/share/aws_robomaker_small_house_world/models/aws_robomaker_residential_DeskPortraitC_01/meshes/aws_DeskPortraitC_01_visual.DAE
[0.674s] -- Installing: /home/frankie/ros2_ws/install/aws_robomaker_small_house_world/share/aws_robomaker_small_house_world/models/aws_robomaker_residential_DeskPortraitC_01/model.config
[0.674s] -- Installing: /home/frankie/ros2_ws/install/aws_robomaker_small_house_world/share/aws_robomaker_small_house_world/models/aws_robomaker_residential_DeskPortraitC_01/model.sdf
[0.674s] -- Installing: /home/frankie/ros2_ws/install/aws_robomaker_small_house_world/share/aws_robomaker_small_house_world/models/aws_robomaker_residential_TV_01
[0.674s] -- Installing: /home/frankie/ros2_ws/install/aws_robomaker_small_house_world/share/aws_robomaker_small_house_world/models/aws_robomaker_residential_TV_01/materials
[0.674s] -- Installing: /home/frankie/ros2_ws/install/aws_robomaker_small_house_world/share/aws_robomaker_small_house_world/models/aws_robomaker_residential_TV_01/materials/textures
[0.674s] -- Installing: /home/frankie/ros2_ws/install/aws_robomaker_small_house_world/share/aws_robomaker_small_house_world/models/aws_robomaker_residential_TV_01/materials/textures/aws_TV_01.png
[0.675s] -- Installing: /home/frankie/ros2_ws/install/aws_robomaker_small_house_world/share/aws_robomaker_small_house_world/models/aws_robomaker_residential_TV_01/meshes
[0.675s] -- Installing: /home/frankie/ros2_ws/install/aws_robomaker_small_house_world/share/aws_robomaker_small_house_world/models/aws_robomaker_residential_TV_01/meshes/aws_TV_01_collision.DAE
[0.675s] -- Installing: /home/frankie/ros2_ws/install/aws_robomaker_small_house_world/share/aws_robomaker_small_house_world/models/aws_robomaker_residential_TV_01/meshes/aws_TV_01_visual.DAE
[0.675s] -- Installing: /home/frankie/ros2_ws/install/aws_robomaker_small_house_world/share/aws_robomaker_small_house_world/models/aws_robomaker_residential_TV_01/model.config
[0.675s] -- Installing: /home/frankie/ros2_ws/install/aws_robomaker_small_house_world/share/aws_robomaker_small_house_world/models/aws_robomaker_residential_TV_01/model.sdf
[0.675s] -- Installing: /home/frankie/ros2_ws/install/aws_robomaker_small_house_world/share/aws_robomaker_small_house_world/models/aws_robomaker_residential_Quilt_01
[0.675s] -- Installing: /home/frankie/ros2_ws/install/aws_robomaker_small_house_world/share/aws_robomaker_small_house_world/models/aws_robomaker_residential_Quilt_01/materials
[0.675s] -- Installing: /home/frankie/ros2_ws/install/aws_robomaker_small_house_world/share/aws_robomaker_small_house_world/models/aws_robomaker_residential_Quilt_01/materials/textures
[0.675s] -- Installing: /home/frankie/ros2_ws/install/aws_robomaker_small_house_world/share/aws_robomaker_small_house_world/models/aws_robomaker_residential_Quilt_01/materials/textures/aws_Quilt_01.png
[0.676s] -- Installing: /home/frankie/ros2_ws/install/aws_robomaker_small_house_world/share/aws_robomaker_small_house_world/models/aws_robomaker_residential_Quilt_01/meshes
[0.676s] -- Installing: /home/frankie/ros2_ws/install/aws_robomaker_small_house_world/share/aws_robomaker_small_house_world/models/aws_robomaker_residential_Quilt_01/meshes/aws_Quilt_01_collision.DAE
[0.676s] -- Installing: /home/frankie/ros2_ws/install/aws_robomaker_small_house_world/share/aws_robomaker_small_house_world/models/aws_robomaker_residential_Quilt_01/meshes/aws_Quilt_01_visual.DAE
[0.676s] -- Installing: /home/frankie/ros2_ws/install/aws_robomaker_small_house_world/share/aws_robomaker_small_house_world/models/aws_robomaker_residential_Quilt_01/model.config
[0.676s] -- Installing: /home/frankie/ros2_ws/install/aws_robomaker_small_house_world/share/aws_robomaker_small_house_world/models/aws_robomaker_residential_Quilt_01/model.sdf
[0.676s] -- Installing: /home/frankie/ros2_ws/install/aws_robomaker_small_house_world/share/aws_robomaker_small_house_world/models/aws_robomaker_residential_CoffeeTable_01
[0.676s] -- Installing: /home/frankie/ros2_ws/install/aws_robomaker_small_house_world/share/aws_robomaker_small_house_world/models/aws_robomaker_residential_CoffeeTable_01/materials
[0.676s] -- Installing: /home/frankie/ros2_ws/install/aws_robomaker_small_house_world/share/aws_robomaker_small_house_world/models/aws_robomaker_residential_CoffeeTable_01/materials/textures
[0.676s] -- Installing: /home/frankie/ros2_ws/install/aws_robomaker_small_house_world/share/aws_robomaker_small_house_world/models/aws_robomaker_residential_CoffeeTable_01/materials/textures/aws_CoffeeTable_01.png
[0.677s] -- Installing: /home/frankie/ros2_ws/install/aws_robomaker_small_house_world/share/aws_robomaker_small_house_world/models/aws_robomaker_residential_CoffeeTable_01/meshes
[0.677s] -- Installing: /home/frankie/ros2_ws/install/aws_robomaker_small_house_world/share/aws_robomaker_small_house_world/models/aws_robomaker_residential_CoffeeTable_01/meshes/aws_CoffeeTable_01_visual.DAE
[0.677s] -- Installing: /home/frankie/ros2_ws/install/aws_robomaker_small_house_world/share/aws_robomaker_small_house_world/models/aws_robomaker_residential_CoffeeTable_01/meshes/aws_CoffeeTable_01_collision.DAE
[0.677s] -- Installing: /home/frankie/ros2_ws/install/aws_robomaker_small_house_world/share/aws_robomaker_small_house_world/models/aws_robomaker_residential_CoffeeTable_01/model.config
[0.677s] -- Installing: /home/frankie/ros2_ws/install/aws_robomaker_small_house_world/share/aws_robomaker_small_house_world/models/aws_robomaker_residential_CoffeeTable_01/model.sdf
[0.677s] -- Installing: /home/frankie/ros2_ws/install/aws_robomaker_small_house_world/share/aws_robomaker_small_house_world/models/aws_robomaker_residential_RoomWall_01
[0.677s] -- Installing: /home/frankie/ros2_ws/install/aws_robomaker_small_house_world/share/aws_robomaker_small_house_world/models/aws_robomaker_residential_RoomWall_01/materials
[0.677s] -- Installing: /home/frankie/ros2_ws/install/aws_robomaker_small_house_world/share/aws_robomaker_small_house_world/models/aws_robomaker_residential_RoomWall_01/materials/textures
[0.678s] -- Installing: /home/frankie/ros2_ws/install/aws_robomaker_small_house_world/share/aws_robomaker_small_house_world/models/aws_robomaker_residential_RoomWall_01/materials/textures/aws_RoomWall_01.png
[0.679s] -- Installing: /home/frankie/ros2_ws/install/aws_robomaker_small_house_world/share/aws_robomaker_small_house_world/models/aws_robomaker_residential_RoomWall_01/meshes
[0.680s] -- Installing: /home/frankie/ros2_ws/install/aws_robomaker_small_house_world/share/aws_robomaker_small_house_world/models/aws_robomaker_residential_RoomWall_01/meshes/aws_RoomWall_01_visual.DAE
[0.680s] -- Installing: /home/frankie/ros2_ws/install/aws_robomaker_small_house_world/share/aws_robomaker_small_house_world/models/aws_robomaker_residential_RoomWall_01/meshes/aws_RoomWall_01_collision.DAE
[0.680s] -- Installing: /home/frankie/ros2_ws/install/aws_robomaker_small_house_world/share/aws_robomaker_small_house_world/models/aws_robomaker_residential_RoomWall_01/model.config
[0.680s] -- Installing: /home/frankie/ros2_ws/install/aws_robomaker_small_house_world/share/aws_robomaker_small_house_world/models/aws_robomaker_residential_RoomWall_01/model.sdf
[0.680s] -- Installing: /home/frankie/ros2_ws/install/aws_robomaker_small_house_world/share/aws_robomaker_small_house_world/models/aws_robomaker_residential_DeskPortraitD_04
[0.680s] -- Installing: /home/frankie/ros2_ws/install/aws_robomaker_small_house_world/share/aws_robomaker_small_house_world/models/aws_robomaker_residential_DeskPortraitD_04/materials
[0.680s] -- Installing: /home/frankie/ros2_ws/install/aws_robomaker_small_house_world/share/aws_robomaker_small_house_world/models/aws_robomaker_residential_DeskPortraitD_04/materials/textures
[0.680s] -- Installing: /home/frankie/ros2_ws/install/aws_robomaker_small_house_world/share/aws_robomaker_small_house_world/models/aws_robomaker_residential_DeskPortraitD_04/materials/textures/aws_DeskPortraitD_02.png
[0.681s] -- Installing: /home/frankie/ros2_ws/install/aws_robomaker_small_house_world/share/aws_robomaker_small_house_world/models/aws_robomaker_residential_DeskPortraitD_04/materials/textures/aws_DeskPortraitD_01.png
[0.681s] -- Installing: /home/frankie/ros2_ws/install/aws_robomaker_small_house_world/share/aws_robomaker_small_house_world/models/aws_robomaker_residential_DeskPortraitD_04/meshes
[0.681s] -- Installing: /home/frankie/ros2_ws/install/aws_robomaker_small_house_world/share/aws_robomaker_small_house_world/models/aws_robomaker_residential_DeskPortraitD_04/meshes/aws_DeskPortraitD_01_collision.DAE
[0.681s] -- Installing: /home/frankie/ros2_ws/install/aws_robomaker_small_house_world/share/aws_robomaker_small_house_world/models/aws_robomaker_residential_DeskPortraitD_04/meshes/aws_DeskPortraitD_01_visual.DAE
[0.681s] -- Installing: /home/frankie/ros2_ws/install/aws_robomaker_small_house_world/share/aws_robomaker_small_house_world/models/aws_robomaker_residential_DeskPortraitD_04/model.config
[0.681s] -- Installing: /home/frankie/ros2_ws/install/aws_robomaker_small_house_world/share/aws_robomaker_small_house_world/models/aws_robomaker_residential_DeskPortraitD_04/model.sdf
[0.682s] -- Installing: /home/frankie/ros2_ws/install/aws_robomaker_small_house_world/share/aws_robomaker_small_house_world/models/aws_robomaker_residential_SecurityCamera_01
[0.682s] -- Installing: /home/frankie/ros2_ws/install/aws_robomaker_small_house_world/share/aws_robomaker_small_house_world/models/aws_robomaker_residential_SecurityCamera_01/materials
[0.682s] -- Installing: /home/frankie/ros2_ws/install/aws_robomaker_small_house_world/share/aws_robomaker_small_house_world/models/aws_robomaker_residential_SecurityCamera_01/materials/textures
[0.682s] -- Installing: /home/frankie/ros2_ws/install/aws_robomaker_small_house_world/share/aws_robomaker_small_house_world/models/aws_robomaker_residential_SecurityCamera_01/materials/textures/aws_SecurityCamera_01.png
[0.682s] -- Installing: /home/frankie/ros2_ws/install/aws_robomaker_small_house_world/share/aws_robomaker_small_house_world/models/aws_robomaker_residential_SecurityCamera_01/meshes
[0.682s] -- Installing: /home/frankie/ros2_ws/install/aws_robomaker_small_house_world/share/aws_robomaker_small_house_world/models/aws_robomaker_residential_SecurityCamera_01/meshes/aws_SecurityCamera_01_visual.DAE
[0.682s] -- Installing: /home/frankie/ros2_ws/install/aws_robomaker_small_house_world/share/aws_robomaker_small_house_world/models/aws_robomaker_residential_SecurityCamera_01/meshes/aws_SecurityCamera_01_collision.DAE
[0.682s] -- Installing: /home/frankie/ros2_ws/install/aws_robomaker_small_house_world/share/aws_robomaker_small_house_world/models/aws_robomaker_residential_SecurityCamera_01/model.config
[0.682s] -- Installing: /home/frankie/ros2_ws/install/aws_robomaker_small_house_world/share/aws_robomaker_small_house_world/models/aws_robomaker_residential_SecurityCamera_01/model.sdf
[0.682s] -- Installing: /home/frankie/ros2_ws/install/aws_robomaker_small_house_world/share/aws_robomaker_small_house_world/models/aws_robomaker_residential_AirconditionerA_01
[0.682s] -- Installing: /home/frankie/ros2_ws/install/aws_robomaker_small_house_world/share/aws_robomaker_small_house_world/models/aws_robomaker_residential_AirconditionerA_01/materials
[0.682s] -- Installing: /home/frankie/ros2_ws/install/aws_robomaker_small_house_world/share/aws_robomaker_small_house_world/models/aws_robomaker_residential_AirconditionerA_01/materials/textures
[0.682s] -- Installing: /home/frankie/ros2_ws/install/aws_robomaker_small_house_world/share/aws_robomaker_small_house_world/models/aws_robomaker_residential_AirconditionerA_01/materials/textures/aws_AirconditionerA_01.png
[0.683s] -- Installing: /home/frankie/ros2_ws/install/aws_robomaker_small_house_world/share/aws_robomaker_small_house_world/models/aws_robomaker_residential_AirconditionerA_01/meshes
[0.683s] -- Installing: /home/frankie/ros2_ws/install/aws_robomaker_small_house_world/share/aws_robomaker_small_house_world/models/aws_robomaker_residential_AirconditionerA_01/meshes/aws_AirconditionerA_01_visual.DAE
[0.683s] -- Installing: /home/frankie/ros2_ws/install/aws_robomaker_small_house_world/share/aws_robomaker_small_house_world/models/aws_robomaker_residential_AirconditionerA_01/meshes/aws__Air conditioner_01.DAE
[0.683s] -- Installing: /home/frankie/ros2_ws/install/aws_robomaker_small_house_world/share/aws_robomaker_small_house_world/models/aws_robomaker_residential_AirconditionerA_01/meshes/aws_AirconditionerA_01_collision.DAE
[0.683s] -- Installing: /home/frankie/ros2_ws/install/aws_robomaker_small_house_world/share/aws_robomaker_small_house_world/models/aws_robomaker_residential_AirconditionerA_01/model.config
[0.683s] -- Installing: /home/frankie/ros2_ws/install/aws_robomaker_small_house_world/share/aws_robomaker_small_house_world/models/aws_robomaker_residential_AirconditionerA_01/model.sdf
[0.683s] -- Installing: /home/frankie/ros2_ws/install/aws_robomaker_small_house_world/share/aws_robomaker_small_house_world/models/box_bot
[0.684s] -- Installing: /home/frankie/ros2_ws/install/aws_robomaker_small_house_world/share/aws_robomaker_small_house_world/models/box_bot/urdf
[0.684s] -- Installing: /home/frankie/ros2_ws/install/aws_robomaker_small_house_world/share/aws_robomaker_small_house_world/models/box_bot/urdf/box_bot_description.urdf
[0.684s] -- Installing: /home/frankie/ros2_ws/install/aws_robomaker_small_house_world/share/aws_robomaker_small_house_world/models/aws_robomaker_residential_Refrigerator_01
[0.684s] -- Installing: /home/frankie/ros2_ws/install/aws_robomaker_small_house_world/share/aws_robomaker_small_house_world/models/aws_robomaker_residential_Refrigerator_01/materials
[0.684s] -- Installing: /home/frankie/ros2_ws/install/aws_robomaker_small_house_world/share/aws_robomaker_small_house_world/models/aws_robomaker_residential_Refrigerator_01/materials/textures
[0.684s] -- Installing: /home/frankie/ros2_ws/install/aws_robomaker_small_house_world/share/aws_robomaker_small_house_world/models/aws_robomaker_residential_Refrigerator_01/materials/textures/aws_Refrigerator_02.png
[0.684s] -- Installing: /home/frankie/ros2_ws/install/aws_robomaker_small_house_world/share/aws_robomaker_small_house_world/models/aws_robomaker_residential_Refrigerator_01/materials/textures/aws_Refrigerator_01.png
[0.684s] -- Installing: /home/frankie/ros2_ws/install/aws_robomaker_small_house_world/share/aws_robomaker_small_house_world/models/aws_robomaker_residential_Refrigerator_01/meshes
[0.684s] -- Installing: /home/frankie/ros2_ws/install/aws_robomaker_small_house_world/share/aws_robomaker_small_house_world/models/aws_robomaker_residential_Refrigerator_01/meshes/aws_Refrigerator_01_visual.DAE
[0.684s] -- Installing: /home/frankie/ros2_ws/install/aws_robomaker_small_house_world/share/aws_robomaker_small_house_world/models/aws_robomaker_residential_Refrigerator_01/meshes/aws_Refrigerator_01.DAE
[0.684s] -- Installing: /home/frankie/ros2_ws/install/aws_robomaker_small_house_world/share/aws_robomaker_small_house_world/models/aws_robomaker_residential_Refrigerator_01/meshes/aws_Refrigerator_01_collision.DAE
[0.684s] -- Installing: /home/frankie/ros2_ws/install/aws_robomaker_small_house_world/share/aws_robomaker_small_house_world/models/aws_robomaker_residential_Refrigerator_01/model.config
[0.685s] -- Installing: /home/frankie/ros2_ws/install/aws_robomaker_small_house_world/share/aws_robomaker_small_house_world/models/aws_robomaker_residential_Refrigerator_01/model.sdf
[0.685s] -- Installing: /home/frankie/ros2_ws/install/aws_robomaker_small_house_world/share/aws_robomaker_small_house_world/models/aws_robomaker_residential_AirconditionerB_01
[0.685s] -- Installing: /home/frankie/ros2_ws/install/aws_robomaker_small_house_world/share/aws_robomaker_small_house_world/models/aws_robomaker_residential_AirconditionerB_01/materials
[0.685s] -- Installing: /home/frankie/ros2_ws/install/aws_robomaker_small_house_world/share/aws_robomaker_small_house_world/models/aws_robomaker_residential_AirconditionerB_01/materials/textures
[0.685s] -- Installing: /home/frankie/ros2_ws/install/aws_robomaker_small_house_world/share/aws_robomaker_small_house_world/models/aws_robomaker_residential_AirconditionerB_01/materials/textures/aws_AirconditionerB_01.png
[0.685s] -- Installing: /home/frankie/ros2_ws/install/aws_robomaker_small_house_world/share/aws_robomaker_small_house_world/models/aws_robomaker_residential_AirconditionerB_01/meshes
[0.685s] -- Installing: /home/frankie/ros2_ws/install/aws_robomaker_small_house_world/share/aws_robomaker_small_house_world/models/aws_robomaker_residential_AirconditionerB_01/meshes/aws_AirconditionerB_01_visual.DAE
[0.685s] -- Installing: /home/frankie/ros2_ws/install/aws_robomaker_small_house_world/share/aws_robomaker_small_house_world/models/aws_robomaker_residential_AirconditionerB_01/meshes/aws_AirconditionerB_01_collision.DAE
[0.685s] -- Installing: /home/frankie/ros2_ws/install/aws_robomaker_small_house_world/share/aws_robomaker_small_house_world/models/aws_robomaker_residential_AirconditionerB_01/model.config
[0.685s] -- Installing: /home/frankie/ros2_ws/install/aws_robomaker_small_house_world/share/aws_robomaker_small_house_world/models/aws_robomaker_residential_AirconditionerB_01/model.sdf
[0.685s] -- Installing: /home/frankie/ros2_ws/install/aws_robomaker_small_house_world/share/aws_robomaker_small_house_world/models/aws_robomaker_residential_ChairD_01
[0.685s] -- Installing: /home/frankie/ros2_ws/install/aws_robomaker_small_house_world/share/aws_robomaker_small_house_world/models/aws_robomaker_residential_ChairD_01/materials
[0.685s] -- Installing: /home/frankie/ros2_ws/install/aws_robomaker_small_house_world/share/aws_robomaker_small_house_world/models/aws_robomaker_residential_ChairD_01/materials/textures
[0.685s] -- Installing: /home/frankie/ros2_ws/install/aws_robomaker_small_house_world/share/aws_robomaker_small_house_world/models/aws_robomaker_residential_ChairD_01/materials/textures/aws_ChairD_01.png
[0.685s] -- Installing: /home/frankie/ros2_ws/install/aws_robomaker_small_house_world/share/aws_robomaker_small_house_world/models/aws_robomaker_residential_ChairD_01/meshes
[0.685s] -- Installing: /home/frankie/ros2_ws/install/aws_robomaker_small_house_world/share/aws_robomaker_small_house_world/models/aws_robomaker_residential_ChairD_01/meshes/aws_ChairD_01_visual.DAE
[0.686s] -- Installing: /home/frankie/ros2_ws/install/aws_robomaker_small_house_world/share/aws_robomaker_small_house_world/models/aws_robomaker_residential_ChairD_01/meshes/aws_ChairD_01_collision.DAE
[0.686s] -- Installing: /home/frankie/ros2_ws/install/aws_robomaker_small_house_world/share/aws_robomaker_small_house_world/models/aws_robomaker_residential_ChairD_01/model.config
[0.686s] -- Installing: /home/frankie/ros2_ws/install/aws_robomaker_small_house_world/share/aws_robomaker_small_house_world/models/aws_robomaker_residential_ChairD_01/model.sdf
[0.686s] -- Installing: /home/frankie/ros2_ws/install/aws_robomaker_small_house_world/share/aws_robomaker_small_house_world/models/aws_robomaker_residential_PortraitD_02
[0.686s] -- Installing: /home/frankie/ros2_ws/install/aws_robomaker_small_house_world/share/aws_robomaker_small_house_world/models/aws_robomaker_residential_PortraitD_02/materials
[0.686s] -- Installing: /home/frankie/ros2_ws/install/aws_robomaker_small_house_world/share/aws_robomaker_small_house_world/models/aws_robomaker_residential_PortraitD_02/materials/textures
[0.686s] -- Installing: /home/frankie/ros2_ws/install/aws_robomaker_small_house_world/share/aws_robomaker_small_house_world/models/aws_robomaker_residential_PortraitD_02/materials/textures/aws_PortraitD_01.png
[0.686s] -- Installing: /home/frankie/ros2_ws/install/aws_robomaker_small_house_world/share/aws_robomaker_small_house_world/models/aws_robomaker_residential_PortraitD_02/materials/textures/aws_PortraitD_02.png
[0.687s] -- Installing: /home/frankie/ros2_ws/install/aws_robomaker_small_house_world/share/aws_robomaker_small_house_world/models/aws_robomaker_residential_PortraitD_02/meshes
[0.687s] -- Installing: /home/frankie/ros2_ws/install/aws_robomaker_small_house_world/share/aws_robomaker_small_house_world/models/aws_robomaker_residential_PortraitD_02/meshes/aws_PortraitD_01_visual.DAE
[0.687s] -- Installing: /home/frankie/ros2_ws/install/aws_robomaker_small_house_world/share/aws_robomaker_small_house_world/models/aws_robomaker_residential_PortraitD_02/meshes/aws_PortraitD_01_collision.DAE
[0.687s] -- Installing: /home/frankie/ros2_ws/install/aws_robomaker_small_house_world/share/aws_robomaker_small_house_world/models/aws_robomaker_residential_PortraitD_02/model.config
[0.687s] -- Installing: /home/frankie/ros2_ws/install/aws_robomaker_small_house_world/share/aws_robomaker_small_house_world/models/aws_robomaker_residential_PortraitD_02/model.sdf
[0.687s] -- Installing: /home/frankie/ros2_ws/install/aws_robomaker_small_house_world/share/aws_robomaker_small_house_world/models/aws_robomaker_residential_DeskPortraitB_01
[0.687s] -- Installing: /home/frankie/ros2_ws/install/aws_robomaker_small_house_world/share/aws_robomaker_small_house_world/models/aws_robomaker_residential_DeskPortraitB_01/materials
[0.687s] -- Installing: /home/frankie/ros2_ws/install/aws_robomaker_small_house_world/share/aws_robomaker_small_house_world/models/aws_robomaker_residential_DeskPortraitB_01/materials/textures
[0.687s] -- Installing: /home/frankie/ros2_ws/install/aws_robomaker_small_house_world/share/aws_robomaker_small_house_world/models/aws_robomaker_residential_DeskPortraitB_01/materials/textures/aws_DeskPortraitB_01.png
[0.687s] -- Installing: /home/frankie/ros2_ws/install/aws_robomaker_small_house_world/share/aws_robomaker_small_house_world/models/aws_robomaker_residential_DeskPortraitB_01/materials/textures/aws_DeskPortraitB_02.png
[0.688s] -- Installing: /home/frankie/ros2_ws/install/aws_robomaker_small_house_world/share/aws_robomaker_small_house_world/models/aws_robomaker_residential_DeskPortraitB_01/meshes
[0.688s] -- Installing: /home/frankie/ros2_ws/install/aws_robomaker_small_house_world/share/aws_robomaker_small_house_world/models/aws_robomaker_residential_DeskPortraitB_01/meshes/aws_DeskPortraitB_01_visual.DAE
[0.688s] -- Installing: /home/frankie/ros2_ws/install/aws_robomaker_small_house_world/share/aws_robomaker_small_house_world/models/aws_robomaker_residential_DeskPortraitB_01/meshes/aws_DeskPortraitB_01_collision.DAE
[0.688s] -- Installing: /home/frankie/ros2_ws/install/aws_robomaker_small_house_world/share/aws_robomaker_small_house_world/models/aws_robomaker_residential_DeskPortraitB_01/model.config
[0.688s] -- Installing: /home/frankie/ros2_ws/install/aws_robomaker_small_house_world/share/aws_robomaker_small_house_world/models/aws_robomaker_residential_DeskPortraitB_01/model.sdf
[0.688s] -- Installing: /home/frankie/ros2_ws/install/aws_robomaker_small_house_world/share/aws_robomaker_small_house_world/models/aws_robomaker_residential_PortraitB_01
[0.688s] -- Installing: /home/frankie/ros2_ws/install/aws_robomaker_small_house_world/share/aws_robomaker_small_house_world/models/aws_robomaker_residential_PortraitB_01/materials
[0.688s] -- Installing: /home/frankie/ros2_ws/install/aws_robomaker_small_house_world/share/aws_robomaker_small_house_world/models/aws_robomaker_residential_PortraitB_01/materials/textures
[0.688s] -- Installing: /home/frankie/ros2_ws/install/aws_robomaker_small_house_world/share/aws_robomaker_small_house_world/models/aws_robomaker_residential_PortraitB_01/materials/textures/aws_PortraitB_02.png
[0.689s] -- Installing: /home/frankie/ros2_ws/install/aws_robomaker_small_house_world/share/aws_robomaker_small_house_world/models/aws_robomaker_residential_PortraitB_01/materials/textures/aws_PortraitB_01.png
[0.689s] -- Installing: /home/frankie/ros2_ws/install/aws_robomaker_small_house_world/share/aws_robomaker_small_house_world/models/aws_robomaker_residential_PortraitB_01/meshes
[0.689s] -- Installing: /home/frankie/ros2_ws/install/aws_robomaker_small_house_world/share/aws_robomaker_small_house_world/models/aws_robomaker_residential_PortraitB_01/meshes/aws_PortraitB_01_collision.DAE
[0.689s] -- Installing: /home/frankie/ros2_ws/install/aws_robomaker_small_house_world/share/aws_robomaker_small_house_world/models/aws_robomaker_residential_PortraitB_01/meshes/aws_PortraitB_01_visual.DAE
[0.689s] -- Installing: /home/frankie/ros2_ws/install/aws_robomaker_small_house_world/share/aws_robomaker_small_house_world/models/aws_robomaker_residential_PortraitB_01/model.config
[0.689s] -- Installing: /home/frankie/ros2_ws/install/aws_robomaker_small_house_world/share/aws_robomaker_small_house_world/models/aws_robomaker_residential_PortraitB_01/model.sdf
[0.689s] -- Installing: /home/frankie/ros2_ws/install/aws_robomaker_small_house_world/share/aws_robomaker_small_house_world/models/aws_robomaker_residential_Pillow_01
[0.689s] -- Installing: /home/frankie/ros2_ws/install/aws_robomaker_small_house_world/share/aws_robomaker_small_house_world/models/aws_robomaker_residential_Pillow_01/materials
[0.689s] -- Installing: /home/frankie/ros2_ws/install/aws_robomaker_small_house_world/share/aws_robomaker_small_house_world/models/aws_robomaker_residential_Pillow_01/materials/textures
[0.689s] -- Installing: /home/frankie/ros2_ws/install/aws_robomaker_small_house_world/share/aws_robomaker_small_house_world/models/aws_robomaker_residential_Pillow_01/materials/textures/aws_Pillow_01.png
[0.690s] -- Installing: /home/frankie/ros2_ws/install/aws_robomaker_small_house_world/share/aws_robomaker_small_house_world/models/aws_robomaker_residential_Pillow_01/meshes
[0.690s] -- Installing: /home/frankie/ros2_ws/install/aws_robomaker_small_house_world/share/aws_robomaker_small_house_world/models/aws_robomaker_residential_Pillow_01/meshes/aws_Pillow_01_collision.DAE
[0.690s] -- Installing: /home/frankie/ros2_ws/install/aws_robomaker_small_house_world/share/aws_robomaker_small_house_world/models/aws_robomaker_residential_Pillow_01/meshes/aws_Pillow_01_visual.DAE
[0.691s] -- Installing: /home/frankie/ros2_ws/install/aws_robomaker_small_house_world/share/aws_robomaker_small_house_world/models/aws_robomaker_residential_Pillow_01/model.config
[0.691s] -- Installing: /home/frankie/ros2_ws/install/aws_robomaker_small_house_world/share/aws_robomaker_small_house_world/models/aws_robomaker_residential_Pillow_01/model.sdf
[0.691s] -- Installing: /home/frankie/ros2_ws/install/aws_robomaker_small_house_world/share/aws_robomaker_small_house_world/models/aws_robomaker_residential_PortraitC_01
[0.691s] -- Installing: /home/frankie/ros2_ws/install/aws_robomaker_small_house_world/share/aws_robomaker_small_house_world/models/aws_robomaker_residential_PortraitC_01/materials
[0.691s] -- Installing: /home/frankie/ros2_ws/install/aws_robomaker_small_house_world/share/aws_robomaker_small_house_world/models/aws_robomaker_residential_PortraitC_01/materials/textures
[0.691s] -- Installing: /home/frankie/ros2_ws/install/aws_robomaker_small_house_world/share/aws_robomaker_small_house_world/models/aws_robomaker_residential_PortraitC_01/materials/textures/aws_PortraitC_01.png
[0.691s] -- Installing: /home/frankie/ros2_ws/install/aws_robomaker_small_house_world/share/aws_robomaker_small_house_world/models/aws_robomaker_residential_PortraitC_01/materials/textures/aws_PortraitC_02.png
[0.692s] -- Installing: /home/frankie/ros2_ws/install/aws_robomaker_small_house_world/share/aws_robomaker_small_house_world/models/aws_robomaker_residential_PortraitC_01/meshes
[0.692s] -- Installing: /home/frankie/ros2_ws/install/aws_robomaker_small_house_world/share/aws_robomaker_small_house_world/models/aws_robomaker_residential_PortraitC_01/meshes/aws_PortraitC_01_collision.DAE
[0.692s] -- Installing: /home/frankie/ros2_ws/install/aws_robomaker_small_house_world/share/aws_robomaker_small_house_world/models/aws_robomaker_residential_PortraitC_01/meshes/aws_PortraitC_01_visual.DAE
[0.692s] -- Installing: /home/frankie/ros2_ws/install/aws_robomaker_small_house_world/share/aws_robomaker_small_house_world/models/aws_robomaker_residential_PortraitC_01/model.config
[0.692s] -- Installing: /home/frankie/ros2_ws/install/aws_robomaker_small_house_world/share/aws_robomaker_small_house_world/models/aws_robomaker_residential_PortraitC_01/model.sdf
[0.692s] -- Installing: /home/frankie/ros2_ws/install/aws_robomaker_small_house_world/share/aws_robomaker_small_house_world/models/aws_robomaker_residential_ShoeRack_01
[0.692s] -- Installing: /home/frankie/ros2_ws/install/aws_robomaker_small_house_world/share/aws_robomaker_small_house_world/models/aws_robomaker_residential_ShoeRack_01/materials
[0.692s] -- Installing: /home/frankie/ros2_ws/install/aws_robomaker_small_house_world/share/aws_robomaker_small_house_world/models/aws_robomaker_residential_ShoeRack_01/materials/textures
[0.692s] -- Installing: /home/frankie/ros2_ws/install/aws_robomaker_small_house_world/share/aws_robomaker_small_house_world/models/aws_robomaker_residential_ShoeRack_01/materials/textures/aws_ShoeRack_01.png
[0.693s] -- Installing: /home/frankie/ros2_ws/install/aws_robomaker_small_house_world/share/aws_robomaker_small_house_world/models/aws_robomaker_residential_ShoeRack_01/meshes
[0.693s] -- Installing: /home/frankie/ros2_ws/install/aws_robomaker_small_house_world/share/aws_robomaker_small_house_world/models/aws_robomaker_residential_ShoeRack_01/meshes/aws_ShoeRack_01_visual.DAE
[0.693s] -- Installing: /home/frankie/ros2_ws/install/aws_robomaker_small_house_world/share/aws_robomaker_small_house_world/models/aws_robomaker_residential_ShoeRack_01/meshes/aws_ShoeRack_01_collision.DAE
[0.693s] -- Installing: /home/frankie/ros2_ws/install/aws_robomaker_small_house_world/share/aws_robomaker_small_house_world/models/aws_robomaker_residential_ShoeRack_01/model.config
[0.693s] -- Installing: /home/frankie/ros2_ws/install/aws_robomaker_small_house_world/share/aws_robomaker_small_house_world/models/aws_robomaker_residential_ShoeRack_01/model.sdf
[0.693s] -- Installing: /home/frankie/ros2_ws/install/aws_robomaker_small_house_world/share/aws_robomaker_small_house_world/models/aws_robomaker_residential_PortraitE_01
[0.693s] -- Installing: /home/frankie/ros2_ws/install/aws_robomaker_small_house_world/share/aws_robomaker_small_house_world/models/aws_robomaker_residential_PortraitE_01/materials
[0.693s] -- Installing: /home/frankie/ros2_ws/install/aws_robomaker_small_house_world/share/aws_robomaker_small_house_world/models/aws_robomaker_residential_PortraitE_01/materials/textures
[0.693s] -- Installing: /home/frankie/ros2_ws/install/aws_robomaker_small_house_world/share/aws_robomaker_small_house_world/models/aws_robomaker_residential_PortraitE_01/materials/textures/aws_PortraitE_01.png
[0.693s] -- Installing: /home/frankie/ros2_ws/install/aws_robomaker_small_house_world/share/aws_robomaker_small_house_world/models/aws_robomaker_residential_PortraitE_01/materials/textures/aws_PortraitE_02.png
[0.694s] -- Installing: /home/frankie/ros2_ws/install/aws_robomaker_small_house_world/share/aws_robomaker_small_house_world/models/aws_robomaker_residential_PortraitE_01/meshes
[0.694s] -- Installing: /home/frankie/ros2_ws/install/aws_robomaker_small_house_world/share/aws_robomaker_small_house_world/models/aws_robomaker_residential_PortraitE_01/meshes/aws_PortraitE_01_collision.DAE
[0.695s] -- Installing: /home/frankie/ros2_ws/install/aws_robomaker_small_house_world/share/aws_robomaker_small_house_world/models/aws_robomaker_residential_PortraitE_01/meshes/aws_PortraitE_01_visual.DAE
[0.695s] -- Installing: /home/frankie/ros2_ws/install/aws_robomaker_small_house_world/share/aws_robomaker_small_house_world/models/aws_robomaker_residential_PortraitE_01/model.config
[0.695s] -- Installing: /home/frankie/ros2_ws/install/aws_robomaker_small_house_world/share/aws_robomaker_small_house_world/models/aws_robomaker_residential_PortraitE_01/model.sdf
[0.695s] -- Installing: /home/frankie/ros2_ws/install/aws_robomaker_small_house_world/share/aws_robomaker_small_house_world/models/aws_robomaker_residential_Ball_01
[0.695s] -- Installing: /home/frankie/ros2_ws/install/aws_robomaker_small_house_world/share/aws_robomaker_small_house_world/models/aws_robomaker_residential_Ball_01/materials
[0.695s] -- Installing: /home/frankie/ros2_ws/install/aws_robomaker_small_house_world/share/aws_robomaker_small_house_world/models/aws_robomaker_residential_Ball_01/materials/textures
[0.695s] -- Installing: /home/frankie/ros2_ws/install/aws_robomaker_small_house_world/share/aws_robomaker_small_house_world/models/aws_robomaker_residential_Ball_01/materials/textures/aws_Ball_01.png
[0.695s] -- Installing: /home/frankie/ros2_ws/install/aws_robomaker_small_house_world/share/aws_robomaker_small_house_world/models/aws_robomaker_residential_Ball_01/meshes
[0.695s] -- Installing: /home/frankie/ros2_ws/install/aws_robomaker_small_house_world/share/aws_robomaker_small_house_world/models/aws_robomaker_residential_Ball_01/meshes/aws_Ball_01_collision.DAE
[0.695s] -- Installing: /home/frankie/ros2_ws/install/aws_robomaker_small_house_world/share/aws_robomaker_small_house_world/models/aws_robomaker_residential_Ball_01/meshes/aws_Ball_01_visual.DAE
[0.695s] -- Installing: /home/frankie/ros2_ws/install/aws_robomaker_small_house_world/share/aws_robomaker_small_house_world/models/aws_robomaker_residential_Ball_01/model.config
[0.695s] -- Installing: /home/frankie/ros2_ws/install/aws_robomaker_small_house_world/share/aws_robomaker_small_house_world/models/aws_robomaker_residential_Ball_01/model.sdf
[0.695s] -- Installing: /home/frankie/ros2_ws/install/aws_robomaker_small_house_world/share/aws_robomaker_small_house_world/models/aws_robomaker_residential_DeskPortraitD_02
[0.695s] -- Installing: /home/frankie/ros2_ws/install/aws_robomaker_small_house_world/share/aws_robomaker_small_house_world/models/aws_robomaker_residential_DeskPortraitD_02/materials
[0.695s] -- Installing: /home/frankie/ros2_ws/install/aws_robomaker_small_house_world/share/aws_robomaker_small_house_world/models/aws_robomaker_residential_DeskPortraitD_02/materials/textures
[0.695s] -- Installing: /home/frankie/ros2_ws/install/aws_robomaker_small_house_world/share/aws_robomaker_small_house_world/models/aws_robomaker_residential_DeskPortraitD_02/materials/textures/aws_DeskPortraitD_02.png
[0.697s] -- Installing: /home/frankie/ros2_ws/install/aws_robomaker_small_house_world/share/aws_robomaker_small_house_world/models/aws_robomaker_residential_DeskPortraitD_02/materials/textures/aws_DeskPortraitD_01.png
[0.697s] -- Installing: /home/frankie/ros2_ws/install/aws_robomaker_small_house_world/share/aws_robomaker_small_house_world/models/aws_robomaker_residential_DeskPortraitD_02/meshes
[0.697s] -- Installing: /home/frankie/ros2_ws/install/aws_robomaker_small_house_world/share/aws_robomaker_small_house_world/models/aws_robomaker_residential_DeskPortraitD_02/meshes/aws_DeskPortraitD_01_collision.DAE
[0.697s] -- Installing: /home/frankie/ros2_ws/install/aws_robomaker_small_house_world/share/aws_robomaker_small_house_world/models/aws_robomaker_residential_DeskPortraitD_02/meshes/aws_DeskPortraitD_01_visual.DAE
[0.697s] -- Installing: /home/frankie/ros2_ws/install/aws_robomaker_small_house_world/share/aws_robomaker_small_house_world/models/aws_robomaker_residential_DeskPortraitD_02/model.config
[0.697s] -- Installing: /home/frankie/ros2_ws/install/aws_robomaker_small_house_world/share/aws_robomaker_small_house_world/models/aws_robomaker_residential_DeskPortraitD_02/model.sdf
[0.697s] -- Installing: /home/frankie/ros2_ws/install/aws_robomaker_small_house_world/share/aws_robomaker_small_house_world/models/aws_robomaker_residential_Curtain_01
[0.697s] -- Installing: /home/frankie/ros2_ws/install/aws_robomaker_small_house_world/share/aws_robomaker_small_house_world/models/aws_robomaker_residential_Curtain_01/materials
[0.697s] -- Installing: /home/frankie/ros2_ws/install/aws_robomaker_small_house_world/share/aws_robomaker_small_house_world/models/aws_robomaker_residential_Curtain_01/materials/textures
[0.697s] -- Installing: /home/frankie/ros2_ws/install/aws_robomaker_small_house_world/share/aws_robomaker_small_house_world/models/aws_robomaker_residential_Curtain_01/materials/textures/aws_Curtain_01.png
[0.697s] -- Installing: /home/frankie/ros2_ws/install/aws_robomaker_small_house_world/share/aws_robomaker_small_house_world/models/aws_robomaker_residential_Curtain_01/meshes
[0.697s] -- Installing: /home/frankie/ros2_ws/install/aws_robomaker_small_house_world/share/aws_robomaker_small_house_world/models/aws_robomaker_residential_Curtain_01/meshes/aws_Curtain_01_collision.DAE
[0.697s] -- Installing: /home/frankie/ros2_ws/install/aws_robomaker_small_house_world/share/aws_robomaker_small_house_world/models/aws_robomaker_residential_Curtain_01/meshes/aws_Curtain_01_visual.DAE
[0.697s] -- Installing: /home/frankie/ros2_ws/install/aws_robomaker_small_house_world/share/aws_robomaker_small_house_world/models/aws_robomaker_residential_Curtain_01/model.config
[0.697s] -- Installing: /home/frankie/ros2_ws/install/aws_robomaker_small_house_world/share/aws_robomaker_small_house_world/models/aws_robomaker_residential_Curtain_01/model.sdf
[0.698s] -- Installing: /home/frankie/ros2_ws/install/aws_robomaker_small_house_world/share/aws_robomaker_small_house_world/models/aws_robomaker_residential_DeskPortraitD_01
[0.698s] -- Installing: /home/frankie/ros2_ws/install/aws_robomaker_small_house_world/share/aws_robomaker_small_house_world/models/aws_robomaker_residential_DeskPortraitD_01/materials
[0.698s] -- Installing: /home/frankie/ros2_ws/install/aws_robomaker_small_house_world/share/aws_robomaker_small_house_world/models/aws_robomaker_residential_DeskPortraitD_01/materials/textures
[0.698s] -- Installing: /home/frankie/ros2_ws/install/aws_robomaker_small_house_world/share/aws_robomaker_small_house_world/models/aws_robomaker_residential_DeskPortraitD_01/materials/textures/aws_DeskPortraitD_02.png
[0.699s] -- Installing: /home/frankie/ros2_ws/install/aws_robomaker_small_house_world/share/aws_robomaker_small_house_world/models/aws_robomaker_residential_DeskPortraitD_01/materials/textures/aws_DeskPortraitD_01.png
[0.699s] -- Installing: /home/frankie/ros2_ws/install/aws_robomaker_small_house_world/share/aws_robomaker_small_house_world/models/aws_robomaker_residential_DeskPortraitD_01/meshes
[0.699s] -- Installing: /home/frankie/ros2_ws/install/aws_robomaker_small_house_world/share/aws_robomaker_small_house_world/models/aws_robomaker_residential_DeskPortraitD_01/meshes/aws_DeskPortraitD_01_collision.DAE
[0.699s] -- Installing: /home/frankie/ros2_ws/install/aws_robomaker_small_house_world/share/aws_robomaker_small_house_world/models/aws_robomaker_residential_DeskPortraitD_01/meshes/aws_DeskPortraitD_01_visual.DAE
[0.699s] -- Installing: /home/frankie/ros2_ws/install/aws_robomaker_small_house_world/share/aws_robomaker_small_house_world/models/aws_robomaker_residential_DeskPortraitD_01/model.config
[0.699s] -- Installing: /home/frankie/ros2_ws/install/aws_robomaker_small_house_world/share/aws_robomaker_small_house_world/models/aws_robomaker_residential_DeskPortraitD_01/model.sdf
[0.699s] -- Installing: /home/frankie/ros2_ws/install/aws_robomaker_small_house_world/share/aws_robomaker_small_house_world/models/aws_robomaker_residential_NightStand_01
[0.700s] -- Installing: /home/frankie/ros2_ws/install/aws_robomaker_small_house_world/share/aws_robomaker_small_house_world/models/aws_robomaker_residential_NightStand_01/materials
[0.700s] -- Installing: /home/frankie/ros2_ws/install/aws_robomaker_small_house_world/share/aws_robomaker_small_house_world/models/aws_robomaker_residential_NightStand_01/materials/textures
[0.700s] -- Installing: /home/frankie/ros2_ws/install/aws_robomaker_small_house_world/share/aws_robomaker_small_house_world/models/aws_robomaker_residential_NightStand_01/materials/textures/aws_NightStand_01.png
[0.700s] -- Installing: /home/frankie/ros2_ws/install/aws_robomaker_small_house_world/share/aws_robomaker_small_house_world/models/aws_robomaker_residential_NightStand_01/meshes
[0.700s] -- Installing: /home/frankie/ros2_ws/install/aws_robomaker_small_house_world/share/aws_robomaker_small_house_world/models/aws_robomaker_residential_NightStand_01/meshes/aws_NightStand_01_collision.DAE
[0.700s] -- Installing: /home/frankie/ros2_ws/install/aws_robomaker_small_house_world/share/aws_robomaker_small_house_world/models/aws_robomaker_residential_NightStand_01/meshes/aws_NightStand_01_visual.DAE
[0.700s] -- Installing: /home/frankie/ros2_ws/install/aws_robomaker_small_house_world/share/aws_robomaker_small_house_world/models/aws_robomaker_residential_NightStand_01/model.config
[0.700s] -- Installing: /home/frankie/ros2_ws/install/aws_robomaker_small_house_world/share/aws_robomaker_small_house_world/models/aws_robomaker_residential_NightStand_01/model.sdf
[0.700s] -- Installing: /home/frankie/ros2_ws/install/aws_robomaker_small_house_world/share/aws_robomaker_small_house_world/models/aws_robomaker_residential_ChairA_01
[0.700s] -- Installing: /home/frankie/ros2_ws/install/aws_robomaker_small_house_world/share/aws_robomaker_small_house_world/models/aws_robomaker_residential_ChairA_01/materials
[0.700s] -- Installing: /home/frankie/ros2_ws/install/aws_robomaker_small_house_world/share/aws_robomaker_small_house_world/models/aws_robomaker_residential_ChairA_01/materials/textures
[0.700s] -- Installing: /home/frankie/ros2_ws/install/aws_robomaker_small_house_world/share/aws_robomaker_small_house_world/models/aws_robomaker_residential_ChairA_01/materials/textures/aws_ChairA_01.png
[0.701s] -- Installing: /home/frankie/ros2_ws/install/aws_robomaker_small_house_world/share/aws_robomaker_small_house_world/models/aws_robomaker_residential_ChairA_01/meshes
[0.701s] -- Installing: /home/frankie/ros2_ws/install/aws_robomaker_small_house_world/share/aws_robomaker_small_house_world/models/aws_robomaker_residential_ChairA_01/meshes/aws_ChairA_01_visual.DAE
[0.701s] -- Installing: /home/frankie/ros2_ws/install/aws_robomaker_small_house_world/share/aws_robomaker_small_house_world/models/aws_robomaker_residential_ChairA_01/meshes/aws_ChairA_01_collision.DAE
[0.701s] -- Installing: /home/frankie/ros2_ws/install/aws_robomaker_small_house_world/share/aws_robomaker_small_house_world/models/aws_robomaker_residential_ChairA_01/model.config
[0.701s] -- Installing: /home/frankie/ros2_ws/install/aws_robomaker_small_house_world/share/aws_robomaker_small_house_world/models/aws_robomaker_residential_ChairA_01/model.sdf
[0.701s] -- Installing: /home/frankie/ros2_ws/install/aws_robomaker_small_house_world/share/aws_robomaker_small_house_world/models/aws_robomaker_residential_Vase_01
[0.701s] -- Installing: /home/frankie/ros2_ws/install/aws_robomaker_small_house_world/share/aws_robomaker_small_house_world/models/aws_robomaker_residential_Vase_01/materials
[0.701s] -- Installing: /home/frankie/ros2_ws/install/aws_robomaker_small_house_world/share/aws_robomaker_small_house_world/models/aws_robomaker_residential_Vase_01/materials/textures
[0.702s] -- Installing: /home/frankie/ros2_ws/install/aws_robomaker_small_house_world/share/aws_robomaker_small_house_world/models/aws_robomaker_residential_Vase_01/materials/textures/aws_Vase_01.png
[0.702s] -- Installing: /home/frankie/ros2_ws/install/aws_robomaker_small_house_world/share/aws_robomaker_small_house_world/models/aws_robomaker_residential_Vase_01/meshes
[0.702s] -- Installing: /home/frankie/ros2_ws/install/aws_robomaker_small_house_world/share/aws_robomaker_small_house_world/models/aws_robomaker_residential_Vase_01/meshes/aws_Vase_01_collision.DAE
[0.702s] -- Installing: /home/frankie/ros2_ws/install/aws_robomaker_small_house_world/share/aws_robomaker_small_house_world/models/aws_robomaker_residential_Vase_01/meshes/aws_Vase_01_visual.DAE
[0.702s] -- Installing: /home/frankie/ros2_ws/install/aws_robomaker_small_house_world/share/aws_robomaker_small_house_world/models/aws_robomaker_residential_Vase_01/model.config
[0.702s] -- Installing: /home/frankie/ros2_ws/install/aws_robomaker_small_house_world/share/aws_robomaker_small_house_world/models/aws_robomaker_residential_Vase_01/model.sdf
[0.702s] -- Installing: /home/frankie/ros2_ws/install/aws_robomaker_small_house_world/share/aws_robomaker_small_house_world/models/aws_robomaker_residential_SeasoningBox_01
[0.702s] -- Installing: /home/frankie/ros2_ws/install/aws_robomaker_small_house_world/share/aws_robomaker_small_house_world/models/aws_robomaker_residential_SeasoningBox_01/materials
[0.702s] -- Installing: /home/frankie/ros2_ws/install/aws_robomaker_small_house_world/share/aws_robomaker_small_house_world/models/aws_robomaker_residential_SeasoningBox_01/materials/textures
[0.702s] -- Installing: /home/frankie/ros2_ws/install/aws_robomaker_small_house_world/share/aws_robomaker_small_house_world/models/aws_robomaker_residential_SeasoningBox_01/materials/textures/aws_SeasoningBox_01.png
[0.702s] -- Installing: /home/frankie/ros2_ws/install/aws_robomaker_small_house_world/share/aws_robomaker_small_house_world/models/aws_robomaker_residential_SeasoningBox_01/meshes
[0.702s] -- Installing: /home/frankie/ros2_ws/install/aws_robomaker_small_house_world/share/aws_robomaker_small_house_world/models/aws_robomaker_residential_SeasoningBox_01/meshes/aws_SeasoningBox_01_visual.DAE
[0.706s] -- Installing: /home/frankie/ros2_ws/install/aws_robomaker_small_house_world/share/aws_robomaker_small_house_world/models/aws_robomaker_residential_SeasoningBox_01/meshes/aws_SeasoningBox_01_collision.DAE
[0.706s] -- Installing: /home/frankie/ros2_ws/install/aws_robomaker_small_house_world/share/aws_robomaker_small_house_world/models/aws_robomaker_residential_SeasoningBox_01/model.config
[0.706s] -- Installing: /home/frankie/ros2_ws/install/aws_robomaker_small_house_world/share/aws_robomaker_small_house_world/models/aws_robomaker_residential_SeasoningBox_01/model.sdf
[0.706s] -- Installing: /home/frankie/ros2_ws/install/aws_robomaker_small_house_world/share/aws_robomaker_small_house_world/models/aws_robomaker_residential_Chandelier_01
[0.707s] -- Installing: /home/frankie/ros2_ws/install/aws_robomaker_small_house_world/share/aws_robomaker_small_house_world/models/aws_robomaker_residential_Chandelier_01/materials
[0.707s] -- Installing: /home/frankie/ros2_ws/install/aws_robomaker_small_house_world/share/aws_robomaker_small_house_world/models/aws_robomaker_residential_Chandelier_01/materials/textures
[0.707s] -- Installing: /home/frankie/ros2_ws/install/aws_robomaker_small_house_world/share/aws_robomaker_small_house_world/models/aws_robomaker_residential_Chandelier_01/materials/textures/aws_Chandelier_01.png
[0.707s] -- Installing: /home/frankie/ros2_ws/install/aws_robomaker_small_house_world/share/aws_robomaker_small_house_world/models/aws_robomaker_residential_Chandelier_01/meshes
[0.707s] -- Installing: /home/frankie/ros2_ws/install/aws_robomaker_small_house_world/share/aws_robomaker_small_house_world/models/aws_robomaker_residential_Chandelier_01/meshes/aws_Chandelier_01_collision.DAE
[0.708s] -- Installing: /home/frankie/ros2_ws/install/aws_robomaker_small_house_world/share/aws_robomaker_small_house_world/models/aws_robomaker_residential_Chandelier_01/meshes/aws_Chandelier_01_visual.DAE
[0.708s] -- Installing: /home/frankie/ros2_ws/install/aws_robomaker_small_house_world/share/aws_robomaker_small_house_world/models/aws_robomaker_residential_Chandelier_01/meshes/aws_Chandelier_01.DAE
[0.708s] -- Installing: /home/frankie/ros2_ws/install/aws_robomaker_small_house_world/share/aws_robomaker_small_house_world/models/aws_robomaker_residential_Chandelier_01/model.config
[0.708s] -- Installing: /home/frankie/ros2_ws/install/aws_robomaker_small_house_world/share/aws_robomaker_small_house_world/models/aws_robomaker_residential_Chandelier_01/model.sdf
[0.708s] -- Installing: /home/frankie/ros2_ws/install/aws_robomaker_small_house_world/share/aws_robomaker_small_house_world/models/aws_robomaker_residential_PortraitD_01
[0.708s] -- Installing: /home/frankie/ros2_ws/install/aws_robomaker_small_house_world/share/aws_robomaker_small_house_world/models/aws_robomaker_residential_PortraitD_01/materials
[0.709s] -- Installing: /home/frankie/ros2_ws/install/aws_robomaker_small_house_world/share/aws_robomaker_small_house_world/models/aws_robomaker_residential_PortraitD_01/materials/textures
[0.709s] -- Installing: /home/frankie/ros2_ws/install/aws_robomaker_small_house_world/share/aws_robomaker_small_house_world/models/aws_robomaker_residential_PortraitD_01/materials/textures/aws_PortraitD_01.png
[0.709s] -- Installing: /home/frankie/ros2_ws/install/aws_robomaker_small_house_world/share/aws_robomaker_small_house_world/models/aws_robomaker_residential_PortraitD_01/materials/textures/aws_PortraitD_02.png
[0.709s] -- Installing: /home/frankie/ros2_ws/install/aws_robomaker_small_house_world/share/aws_robomaker_small_house_world/models/aws_robomaker_residential_PortraitD_01/meshes
[0.709s] -- Installing: /home/frankie/ros2_ws/install/aws_robomaker_small_house_world/share/aws_robomaker_small_house_world/models/aws_robomaker_residential_PortraitD_01/meshes/aws_PortraitD_01_visual.DAE
[0.709s] -- Installing: /home/frankie/ros2_ws/install/aws_robomaker_small_house_world/share/aws_robomaker_small_house_world/models/aws_robomaker_residential_PortraitD_01/meshes/aws_PortraitD_01_collision.DAE
[0.709s] -- Installing: /home/frankie/ros2_ws/install/aws_robomaker_small_house_world/share/aws_robomaker_small_house_world/models/aws_robomaker_residential_PortraitD_01/model.config
[0.710s] -- Installing: /home/frankie/ros2_ws/install/aws_robomaker_small_house_world/share/aws_robomaker_small_house_world/models/aws_robomaker_residential_PortraitD_01/model.sdf
[0.710s] -- Installing: /home/frankie/ros2_ws/install/aws_robomaker_small_house_world/share/aws_robomaker_small_house_world/models/aws_robomaker_residential_Handle_01
[0.710s] -- Installing: /home/frankie/ros2_ws/install/aws_robomaker_small_house_world/share/aws_robomaker_small_house_world/models/aws_robomaker_residential_Handle_01/materials
[0.710s] -- Installing: /home/frankie/ros2_ws/install/aws_robomaker_small_house_world/share/aws_robomaker_small_house_world/models/aws_robomaker_residential_Handle_01/materials/textures
[0.710s] -- Installing: /home/frankie/ros2_ws/install/aws_robomaker_small_house_world/share/aws_robomaker_small_house_world/models/aws_robomaker_residential_Handle_01/materials/textures/aws_Handle_01.png
[0.711s] -- Installing: /home/frankie/ros2_ws/install/aws_robomaker_small_house_world/share/aws_robomaker_small_house_world/models/aws_robomaker_residential_Handle_01/meshes
[0.711s] -- Installing: /home/frankie/ros2_ws/install/aws_robomaker_small_house_world/share/aws_robomaker_small_house_world/models/aws_robomaker_residential_Handle_01/meshes/aws_Handle_01_visual.DAE
[0.711s] -- Installing: /home/frankie/ros2_ws/install/aws_robomaker_small_house_world/share/aws_robomaker_small_house_world/models/aws_robomaker_residential_Handle_01/meshes/aws_ handle_01_collision.DAE
[0.711s] -- Installing: /home/frankie/ros2_ws/install/aws_robomaker_small_house_world/share/aws_robomaker_small_house_world/models/aws_robomaker_residential_Handle_01/meshes/aws_Handle_01_collision.DAE
[0.711s] -- Installing: /home/frankie/ros2_ws/install/aws_robomaker_small_house_world/share/aws_robomaker_small_house_world/models/aws_robomaker_residential_Handle_01/model.config
[0.711s] -- Installing: /home/frankie/ros2_ws/install/aws_robomaker_small_house_world/share/aws_robomaker_small_house_world/models/aws_robomaker_residential_Handle_01/model.sdf
[0.711s] -- Installing: /home/frankie/ros2_ws/install/aws_robomaker_small_house_world/share/aws_robomaker_small_house_world/models/aws_robomaker_residential_PortraitE_02
[0.711s] -- Installing: /home/frankie/ros2_ws/install/aws_robomaker_small_house_world/share/aws_robomaker_small_house_world/models/aws_robomaker_residential_PortraitE_02/materials
[0.712s] -- Installing: /home/frankie/ros2_ws/install/aws_robomaker_small_house_world/share/aws_robomaker_small_house_world/models/aws_robomaker_residential_PortraitE_02/materials/textures
[0.712s] -- Installing: /home/frankie/ros2_ws/install/aws_robomaker_small_house_world/share/aws_robomaker_small_house_world/models/aws_robomaker_residential_PortraitE_02/materials/textures/aws_PortraitE_01.png
[0.712s] -- Installing: /home/frankie/ros2_ws/install/aws_robomaker_small_house_world/share/aws_robomaker_small_house_world/models/aws_robomaker_residential_PortraitE_02/materials/textures/aws_PortraitE_02.png
[0.713s] -- Installing: /home/frankie/ros2_ws/install/aws_robomaker_small_house_world/share/aws_robomaker_small_house_world/models/aws_robomaker_residential_PortraitE_02/meshes
[0.713s] -- Installing: /home/frankie/ros2_ws/install/aws_robomaker_small_house_world/share/aws_robomaker_small_house_world/models/aws_robomaker_residential_PortraitE_02/meshes/aws_PortraitE_01_collision.DAE
[0.713s] -- Installing: /home/frankie/ros2_ws/install/aws_robomaker_small_house_world/share/aws_robomaker_small_house_world/models/aws_robomaker_residential_PortraitE_02/meshes/aws_PortraitE_01_visual.DAE
[0.713s] -- Installing: /home/frankie/ros2_ws/install/aws_robomaker_small_house_world/share/aws_robomaker_small_house_world/models/aws_robomaker_residential_PortraitE_02/model.config
[0.713s] -- Installing: /home/frankie/ros2_ws/install/aws_robomaker_small_house_world/share/aws_robomaker_small_house_world/models/aws_robomaker_residential_PortraitE_02/model.sdf
[0.713s] -- Installing: /home/frankie/ros2_ws/install/aws_robomaker_small_house_world/share/aws_robomaker_small_house_world/models/aws_robomaker_residential_SofaC_01
[0.713s] -- Installing: /home/frankie/ros2_ws/install/aws_robomaker_small_house_world/share/aws_robomaker_small_house_world/models/aws_robomaker_residential_SofaC_01/materials
[0.713s] -- Installing: /home/frankie/ros2_ws/install/aws_robomaker_small_house_world/share/aws_robomaker_small_house_world/models/aws_robomaker_residential_SofaC_01/materials/textures
[0.713s] -- Installing: /home/frankie/ros2_ws/install/aws_robomaker_small_house_world/share/aws_robomaker_small_house_world/models/aws_robomaker_residential_SofaC_01/materials/textures/aws_SofaC_01.png
[0.713s] -- Installing: /home/frankie/ros2_ws/install/aws_robomaker_small_house_world/share/aws_robomaker_small_house_world/models/aws_robomaker_residential_SofaC_01/meshes
[0.713s] -- Installing: /home/frankie/ros2_ws/install/aws_robomaker_small_house_world/share/aws_robomaker_small_house_world/models/aws_robomaker_residential_SofaC_01/meshes/aws_SofaC_01_collision.DAE
[0.713s] -- Installing: /home/frankie/ros2_ws/install/aws_robomaker_small_house_world/share/aws_robomaker_small_house_world/models/aws_robomaker_residential_SofaC_01/meshes/aws_SofaC_01_visual.DAE
[0.714s] -- Installing: /home/frankie/ros2_ws/install/aws_robomaker_small_house_world/share/aws_robomaker_small_house_world/models/aws_robomaker_residential_SofaC_01/model.config
[0.714s] -- Installing: /home/frankie/ros2_ws/install/aws_robomaker_small_house_world/share/aws_robomaker_small_house_world/models/aws_robomaker_residential_SofaC_01/model.sdf
[0.714s] -- Installing: /home/frankie/ros2_ws/install/aws_robomaker_small_house_world/share/aws_robomaker_small_house_world/models/aws_robomaker_residential_Door_01
[0.714s] -- Installing: /home/frankie/ros2_ws/install/aws_robomaker_small_house_world/share/aws_robomaker_small_house_world/models/aws_robomaker_residential_Door_01/materials
[0.714s] -- Installing: /home/frankie/ros2_ws/install/aws_robomaker_small_house_world/share/aws_robomaker_small_house_world/models/aws_robomaker_residential_Door_01/materials/textures
[0.714s] -- Installing: /home/frankie/ros2_ws/install/aws_robomaker_small_house_world/share/aws_robomaker_small_house_world/models/aws_robomaker_residential_Door_01/materials/textures/aws_Door_01.png
[0.715s] -- Installing: /home/frankie/ros2_ws/install/aws_robomaker_small_house_world/share/aws_robomaker_small_house_world/models/aws_robomaker_residential_Door_01/meshes
[0.715s] -- Installing: /home/frankie/ros2_ws/install/aws_robomaker_small_house_world/share/aws_robomaker_small_house_world/models/aws_robomaker_residential_Door_01/meshes/aws_Door_01_visual.DAE
[0.715s] -- Installing: /home/frankie/ros2_ws/install/aws_robomaker_small_house_world/share/aws_robomaker_small_house_world/models/aws_robomaker_residential_Door_01/meshes/aws_Door_01_collision.DAE
[0.715s] -- Installing: /home/frankie/ros2_ws/install/aws_robomaker_small_house_world/share/aws_robomaker_small_house_world/models/aws_robomaker_residential_Door_01/model.config
[0.715s] -- Installing: /home/frankie/ros2_ws/install/aws_robomaker_small_house_world/share/aws_robomaker_small_house_world/models/aws_robomaker_residential_Door_01/model.sdf
[0.715s] -- Installing: /home/frankie/ros2_ws/install/aws_robomaker_small_house_world/share/aws_robomaker_small_house_world/models/aws_robomaker_residential_TVCabinet_01
[0.715s] -- Installing: /home/frankie/ros2_ws/install/aws_robomaker_small_house_world/share/aws_robomaker_small_house_world/models/aws_robomaker_residential_TVCabinet_01/materials
[0.715s] -- Installing: /home/frankie/ros2_ws/install/aws_robomaker_small_house_world/share/aws_robomaker_small_house_world/models/aws_robomaker_residential_TVCabinet_01/materials/textures
[0.716s] -- Installing: /home/frankie/ros2_ws/install/aws_robomaker_small_house_world/share/aws_robomaker_small_house_world/models/aws_robomaker_residential_TVCabinet_01/materials/textures/aws_TVCabinet_01.png
[0.716s] -- Installing: /home/frankie/ros2_ws/install/aws_robomaker_small_house_world/share/aws_robomaker_small_house_world/models/aws_robomaker_residential_TVCabinet_01/meshes
[0.716s] -- Installing: /home/frankie/ros2_ws/install/aws_robomaker_small_house_world/share/aws_robomaker_small_house_world/models/aws_robomaker_residential_TVCabinet_01/meshes/aws_TVCabinet_01_collision.DAE
[0.716s] -- Installing: /home/frankie/ros2_ws/install/aws_robomaker_small_house_world/share/aws_robomaker_small_house_world/models/aws_robomaker_residential_TVCabinet_01/meshes/aws_TVCabinet_01_visual.DAE
[0.716s] -- Installing: /home/frankie/ros2_ws/install/aws_robomaker_small_house_world/share/aws_robomaker_small_house_world/models/aws_robomaker_residential_TVCabinet_01/model.config
[0.717s] -- Installing: /home/frankie/ros2_ws/install/aws_robomaker_small_house_world/share/aws_robomaker_small_house_world/models/aws_robomaker_residential_TVCabinet_01/model.sdf
[0.717s] -- Installing: /home/frankie/ros2_ws/install/aws_robomaker_small_house_world/share/aws_robomaker_small_house_world/models/aws_robomaker_residential_FoldingDoor_02
[0.717s] -- Installing: /home/frankie/ros2_ws/install/aws_robomaker_small_house_world/share/aws_robomaker_small_house_world/models/aws_robomaker_residential_FoldingDoor_02/materials
[0.717s] -- Installing: /home/frankie/ros2_ws/install/aws_robomaker_small_house_world/share/aws_robomaker_small_house_world/models/aws_robomaker_residential_FoldingDoor_02/materials/textures
[0.717s] -- Installing: /home/frankie/ros2_ws/install/aws_robomaker_small_house_world/share/aws_robomaker_small_house_world/models/aws_robomaker_residential_FoldingDoor_02/materials/textures/aws_FoldingDoor_02.png
[0.717s] -- Installing: /home/frankie/ros2_ws/install/aws_robomaker_small_house_world/share/aws_robomaker_small_house_world/models/aws_robomaker_residential_FoldingDoor_02/meshes
[0.717s] -- Installing: /home/frankie/ros2_ws/install/aws_robomaker_small_house_world/share/aws_robomaker_small_house_world/models/aws_robomaker_residential_FoldingDoor_02/meshes/aws_FoldingDoor_02_visual.DAE
[0.717s] -- Installing: /home/frankie/ros2_ws/install/aws_robomaker_small_house_world/share/aws_robomaker_small_house_world/models/aws_robomaker_residential_FoldingDoor_02/meshes/aws_FoldingDoor_02_collision.DAE
[0.717s] -- Installing: /home/frankie/ros2_ws/install/aws_robomaker_small_house_world/share/aws_robomaker_small_house_world/models/aws_robomaker_residential_FoldingDoor_02/model.config
[0.718s] -- Installing: /home/frankie/ros2_ws/install/aws_robomaker_small_house_world/share/aws_robomaker_small_house_world/models/aws_robomaker_residential_FoldingDoor_02/model.sdf
[0.718s] -- Installing: /home/frankie/ros2_ws/install/aws_robomaker_small_house_world/share/aws_robomaker_small_house_world/models/aws_robomaker_residential_Tableware_01
[0.718s] -- Installing: /home/frankie/ros2_ws/install/aws_robomaker_small_house_world/share/aws_robomaker_small_house_world/models/aws_robomaker_residential_Tableware_01/materials
[0.718s] -- Installing: /home/frankie/ros2_ws/install/aws_robomaker_small_house_world/share/aws_robomaker_small_house_world/models/aws_robomaker_residential_Tableware_01/materials/textures
[0.718s] -- Installing: /home/frankie/ros2_ws/install/aws_robomaker_small_house_world/share/aws_robomaker_small_house_world/models/aws_robomaker_residential_Tableware_01/materials/textures/aws_Tableware_01.png
[0.718s] -- Installing: /home/frankie/ros2_ws/install/aws_robomaker_small_house_world/share/aws_robomaker_small_house_world/models/aws_robomaker_residential_Tableware_01/meshes
[0.718s] -- Installing: /home/frankie/ros2_ws/install/aws_robomaker_small_house_world/share/aws_robomaker_small_house_world/models/aws_robomaker_residential_Tableware_01/meshes/aws_Tableware_01_visual.DAE
[0.719s] -- Installing: /home/frankie/ros2_ws/install/aws_robomaker_small_house_world/share/aws_robomaker_small_house_world/models/aws_robomaker_residential_Tableware_01/meshes/aws_Tableware_01_collision.DAE
[0.719s] -- Installing: /home/frankie/ros2_ws/install/aws_robomaker_small_house_world/share/aws_robomaker_small_house_world/models/aws_robomaker_residential_Tableware_01/model.config
[0.720s] -- Installing: /home/frankie/ros2_ws/install/aws_robomaker_small_house_world/share/aws_robomaker_small_house_world/models/aws_robomaker_residential_Tableware_01/model.sdf
[0.720s] -- Installing: /home/frankie/ros2_ws/install/aws_robomaker_small_house_world/share/aws_robomaker_small_house_world/models/aws_robomaker_residential_DeskPortraitA_02
[0.720s] -- Installing: /home/frankie/ros2_ws/install/aws_robomaker_small_house_world/share/aws_robomaker_small_house_world/models/aws_robomaker_residential_DeskPortraitA_02/materials
[0.720s] -- Installing: /home/frankie/ros2_ws/install/aws_robomaker_small_house_world/share/aws_robomaker_small_house_world/models/aws_robomaker_residential_DeskPortraitA_02/materials/textures
[0.720s] -- Installing: /home/frankie/ros2_ws/install/aws_robomaker_small_house_world/share/aws_robomaker_small_house_world/models/aws_robomaker_residential_DeskPortraitA_02/materials/textures/aws_DeskPortraitA_02.png
[0.721s] -- Installing: /home/frankie/ros2_ws/install/aws_robomaker_small_house_world/share/aws_robomaker_small_house_world/models/aws_robomaker_residential_DeskPortraitA_02/materials/textures/aws_DeskPortraitA_01.png
[0.721s] -- Installing: /home/frankie/ros2_ws/install/aws_robomaker_small_house_world/share/aws_robomaker_small_house_world/models/aws_robomaker_residential_DeskPortraitA_02/meshes
[0.721s] -- Installing: /home/frankie/ros2_ws/install/aws_robomaker_small_house_world/share/aws_robomaker_small_house_world/models/aws_robomaker_residential_DeskPortraitA_02/meshes/aws_DeskPortraitA_01_collision.DAE
[0.721s] -- Installing: /home/frankie/ros2_ws/install/aws_robomaker_small_house_world/share/aws_robomaker_small_house_world/models/aws_robomaker_residential_DeskPortraitA_02/meshes/aws_DeskPortraitA_01_visual.DAE
[0.721s] -- Installing: /home/frankie/ros2_ws/install/aws_robomaker_small_house_world/share/aws_robomaker_small_house_world/models/aws_robomaker_residential_DeskPortraitA_02/model.config
[0.721s] -- Installing: /home/frankie/ros2_ws/install/aws_robomaker_small_house_world/share/aws_robomaker_small_house_world/models/aws_robomaker_residential_DeskPortraitA_02/model.sdf
[0.721s] -- Installing: /home/frankie/ros2_ws/install/aws_robomaker_small_house_world/share/aws_robomaker_small_house_world/models/aws_robomaker_residential_CookingBench_01
[0.721s] -- Installing: /home/frankie/ros2_ws/install/aws_robomaker_small_house_world/share/aws_robomaker_small_house_world/models/aws_robomaker_residential_CookingBench_01/materials
[0.721s] -- Installing: /home/frankie/ros2_ws/install/aws_robomaker_small_house_world/share/aws_robomaker_small_house_world/models/aws_robomaker_residential_CookingBench_01/materials/textures
[0.721s] -- Installing: /home/frankie/ros2_ws/install/aws_robomaker_small_house_world/share/aws_robomaker_small_house_world/models/aws_robomaker_residential_CookingBench_01/materials/textures/aws_CookingBench_01.png
[0.722s] -- Installing: /home/frankie/ros2_ws/install/aws_robomaker_small_house_world/share/aws_robomaker_small_house_world/models/aws_robomaker_residential_CookingBench_01/meshes
[0.722s] -- Installing: /home/frankie/ros2_ws/install/aws_robomaker_small_house_world/share/aws_robomaker_small_house_world/models/aws_robomaker_residential_CookingBench_01/meshes/aws_CookingBench_01_visual.DAE
[0.722s] -- Installing: /home/frankie/ros2_ws/install/aws_robomaker_small_house_world/share/aws_robomaker_small_house_world/models/aws_robomaker_residential_CookingBench_01/meshes/aws_CookingBench_01_collision.DAE
[0.722s] -- Installing: /home/frankie/ros2_ws/install/aws_robomaker_small_house_world/share/aws_robomaker_small_house_world/models/aws_robomaker_residential_CookingBench_01/meshes/aws_CookingBench_01.DAE
[0.722s] -- Installing: /home/frankie/ros2_ws/install/aws_robomaker_small_house_world/share/aws_robomaker_small_house_world/models/aws_robomaker_residential_CookingBench_01/model.config
[0.722s] -- Installing: /home/frankie/ros2_ws/install/aws_robomaker_small_house_world/share/aws_robomaker_small_house_world/models/aws_robomaker_residential_CookingBench_01/model.sdf
[0.722s] -- Installing: /home/frankie/ros2_ws/install/aws_robomaker_small_house_world/share/aws_robomaker_small_house_world/models/aws_robomaker_residential_KitchenCabinet_01
[0.722s] -- Installing: /home/frankie/ros2_ws/install/aws_robomaker_small_house_world/share/aws_robomaker_small_house_world/models/aws_robomaker_residential_KitchenCabinet_01/materials
[0.722s] -- Installing: /home/frankie/ros2_ws/install/aws_robomaker_small_house_world/share/aws_robomaker_small_house_world/models/aws_robomaker_residential_KitchenCabinet_01/materials/textures
[0.722s] -- Installing: /home/frankie/ros2_ws/install/aws_robomaker_small_house_world/share/aws_robomaker_small_house_world/models/aws_robomaker_residential_KitchenCabinet_01/materials/textures/aws_KitchenCabinet_01.png
[0.723s] -- Installing: /home/frankie/ros2_ws/install/aws_robomaker_small_house_world/share/aws_robomaker_small_house_world/models/aws_robomaker_residential_KitchenCabinet_01/meshes
[0.723s] -- Installing: /home/frankie/ros2_ws/install/aws_robomaker_small_house_world/share/aws_robomaker_small_house_world/models/aws_robomaker_residential_KitchenCabinet_01/meshes/aws_KitchenCabinet_01_visual.DAE
[0.724s] -- Installing: /home/frankie/ros2_ws/install/aws_robomaker_small_house_world/share/aws_robomaker_small_house_world/models/aws_robomaker_residential_KitchenCabinet_01/meshes/aws_KitchenCabinet_01_collision.DAE
[0.724s] -- Installing: /home/frankie/ros2_ws/install/aws_robomaker_small_house_world/share/aws_robomaker_small_house_world/models/aws_robomaker_residential_KitchenCabinet_01/model.config
[0.724s] -- Installing: /home/frankie/ros2_ws/install/aws_robomaker_small_house_world/share/aws_robomaker_small_house_world/models/aws_robomaker_residential_KitchenCabinet_01/model.sdf
[0.724s] -- Installing: /home/frankie/ros2_ws/install/aws_robomaker_small_house_world/share/aws_robomaker_small_house_world/models/aws_robomaker_residential_DeskPortraitB_02
[0.724s] -- Installing: /home/frankie/ros2_ws/install/aws_robomaker_small_house_world/share/aws_robomaker_small_house_world/models/aws_robomaker_residential_DeskPortraitB_02/materials
[0.725s] -- Installing: /home/frankie/ros2_ws/install/aws_robomaker_small_house_world/share/aws_robomaker_small_house_world/models/aws_robomaker_residential_DeskPortraitB_02/materials/textures
[0.725s] -- Installing: /home/frankie/ros2_ws/install/aws_robomaker_small_house_world/share/aws_robomaker_small_house_world/models/aws_robomaker_residential_DeskPortraitB_02/materials/textures/aws_DeskPortraitB_01.png
[0.725s] -- Installing: /home/frankie/ros2_ws/install/aws_robomaker_small_house_world/share/aws_robomaker_small_house_world/models/aws_robomaker_residential_DeskPortraitB_02/materials/textures/aws_DeskPortraitB_02.png
[0.725s] -- Installing: /home/frankie/ros2_ws/install/aws_robomaker_small_house_world/share/aws_robomaker_small_house_world/models/aws_robomaker_residential_DeskPortraitB_02/meshes
[0.725s] -- Installing: /home/frankie/ros2_ws/install/aws_robomaker_small_house_world/share/aws_robomaker_small_house_world/models/aws_robomaker_residential_DeskPortraitB_02/meshes/aws_DeskPortraitB_01_visual.DAE
[0.725s] -- Installing: /home/frankie/ros2_ws/install/aws_robomaker_small_house_world/share/aws_robomaker_small_house_world/models/aws_robomaker_residential_DeskPortraitB_02/meshes/aws_DeskPortraitB_01_collision.DAE
[0.726s] -- Installing: /home/frankie/ros2_ws/install/aws_robomaker_small_house_world/share/aws_robomaker_small_house_world/models/aws_robomaker_residential_DeskPortraitB_02/model.config
[0.726s] -- Installing: /home/frankie/ros2_ws/install/aws_robomaker_small_house_world/share/aws_robomaker_small_house_world/models/aws_robomaker_residential_DeskPortraitB_02/model.sdf
[0.726s] -- Installing: /home/frankie/ros2_ws/install/aws_robomaker_small_house_world/share/aws_robomaker_small_house_world/models/aws_robomaker_residential_Dumbbell_01
[0.726s] -- Installing: /home/frankie/ros2_ws/install/aws_robomaker_small_house_world/share/aws_robomaker_small_house_world/models/aws_robomaker_residential_Dumbbell_01/materials
[0.726s] -- Installing: /home/frankie/ros2_ws/install/aws_robomaker_small_house_world/share/aws_robomaker_small_house_world/models/aws_robomaker_residential_Dumbbell_01/materials/textures
[0.726s] -- Installing: /home/frankie/ros2_ws/install/aws_robomaker_small_house_world/share/aws_robomaker_small_house_world/models/aws_robomaker_residential_Dumbbell_01/materials/textures/aws_Dumbbell_01.png
[0.726s] -- Installing: /home/frankie/ros2_ws/install/aws_robomaker_small_house_world/share/aws_robomaker_small_house_world/models/aws_robomaker_residential_Dumbbell_01/meshes
[0.726s] -- Installing: /home/frankie/ros2_ws/install/aws_robomaker_small_house_world/share/aws_robomaker_small_house_world/models/aws_robomaker_residential_Dumbbell_01/meshes/aws_Dumbbell_01_visual.DAE
[0.726s] -- Installing: /home/frankie/ros2_ws/install/aws_robomaker_small_house_world/share/aws_robomaker_small_house_world/models/aws_robomaker_residential_Dumbbell_01/meshes/aws_Dumbbell_01_collision.DAE
[0.726s] -- Installing: /home/frankie/ros2_ws/install/aws_robomaker_small_house_world/share/aws_robomaker_small_house_world/models/aws_robomaker_residential_Dumbbell_01/model.config
[0.726s] -- Installing: /home/frankie/ros2_ws/install/aws_robomaker_small_house_world/share/aws_robomaker_small_house_world/models/aws_robomaker_residential_Dumbbell_01/model.sdf
[0.726s] -- Installing: /home/frankie/ros2_ws/install/aws_robomaker_small_house_world/share/aws_robomaker_small_house_world/models/aws_robomaker_residential_FloorB_01
[0.726s] -- Installing: /home/frankie/ros2_ws/install/aws_robomaker_small_house_world/share/aws_robomaker_small_house_world/models/aws_robomaker_residential_FloorB_01/materials
[0.727s] -- Installing: /home/frankie/ros2_ws/install/aws_robomaker_small_house_world/share/aws_robomaker_small_house_world/models/aws_robomaker_residential_FloorB_01/materials/textures
[0.727s] -- Installing: /home/frankie/ros2_ws/install/aws_robomaker_small_house_world/share/aws_robomaker_small_house_world/models/aws_robomaker_residential_FloorB_01/materials/textures/aws_FloorB_01.png
[0.727s] -- Installing: /home/frankie/ros2_ws/install/aws_robomaker_small_house_world/share/aws_robomaker_small_house_world/models/aws_robomaker_residential_FloorB_01/meshes
[0.727s] -- Installing: /home/frankie/ros2_ws/install/aws_robomaker_small_house_world/share/aws_robomaker_small_house_world/models/aws_robomaker_residential_FloorB_01/meshes/aws_FloorB_01_visual.DAE
[0.727s] -- Installing: /home/frankie/ros2_ws/install/aws_robomaker_small_house_world/share/aws_robomaker_small_house_world/models/aws_robomaker_residential_FloorB_01/meshes/aws_FloorB_01_collision.DAE
[0.727s] -- Installing: /home/frankie/ros2_ws/install/aws_robomaker_small_house_world/share/aws_robomaker_small_house_world/models/aws_robomaker_residential_FloorB_01/model.config
[0.727s] -- Installing: /home/frankie/ros2_ws/install/aws_robomaker_small_house_world/share/aws_robomaker_small_house_world/models/aws_robomaker_residential_FloorB_01/model.sdf
[0.727s] -- Installing: /home/frankie/ros2_ws/install/aws_robomaker_small_house_world/share/aws_robomaker_small_house_world/models/aws_robomaker_residential_PortraitA_02
[0.727s] -- Installing: /home/frankie/ros2_ws/install/aws_robomaker_small_house_world/share/aws_robomaker_small_house_world/models/aws_robomaker_residential_PortraitA_02/materials
[0.727s] -- Installing: /home/frankie/ros2_ws/install/aws_robomaker_small_house_world/share/aws_robomaker_small_house_world/models/aws_robomaker_residential_PortraitA_02/materials/textures
[0.727s] -- Installing: /home/frankie/ros2_ws/install/aws_robomaker_small_house_world/share/aws_robomaker_small_house_world/models/aws_robomaker_residential_PortraitA_02/materials/textures/aws_PortraitA_01.png
[0.727s] -- Installing: /home/frankie/ros2_ws/install/aws_robomaker_small_house_world/share/aws_robomaker_small_house_world/models/aws_robomaker_residential_PortraitA_02/materials/textures/aws_PortraitA_02.png
[0.728s] -- Installing: /home/frankie/ros2_ws/install/aws_robomaker_small_house_world/share/aws_robomaker_small_house_world/models/aws_robomaker_residential_PortraitA_02/meshes
[0.728s] -- Installing: /home/frankie/ros2_ws/install/aws_robomaker_small_house_world/share/aws_robomaker_small_house_world/models/aws_robomaker_residential_PortraitA_02/meshes/aws_PortraitA_01_collision.DAE
[0.728s] -- Installing: /home/frankie/ros2_ws/install/aws_robomaker_small_house_world/share/aws_robomaker_small_house_world/models/aws_robomaker_residential_PortraitA_02/meshes/aws_PortraitA_01_visual.DAE
[0.728s] -- Installing: /home/frankie/ros2_ws/install/aws_robomaker_small_house_world/share/aws_robomaker_small_house_world/models/aws_robomaker_residential_PortraitA_02/model.config
[0.728s] -- Installing: /home/frankie/ros2_ws/install/aws_robomaker_small_house_world/share/aws_robomaker_small_house_world/models/aws_robomaker_residential_PortraitA_02/model.sdf
[0.728s] -- Installing: /home/frankie/ros2_ws/install/aws_robomaker_small_house_world/share/aws_robomaker_small_house_world/models/aws_robomaker_residential_BalconyTable_01
[0.728s] -- Installing: /home/frankie/ros2_ws/install/aws_robomaker_small_house_world/share/aws_robomaker_small_house_world/models/aws_robomaker_residential_BalconyTable_01/materials
[0.728s] -- Installing: /home/frankie/ros2_ws/install/aws_robomaker_small_house_world/share/aws_robomaker_small_house_world/models/aws_robomaker_residential_BalconyTable_01/materials/textures
[0.728s] -- Installing: /home/frankie/ros2_ws/install/aws_robomaker_small_house_world/share/aws_robomaker_small_house_world/models/aws_robomaker_residential_BalconyTable_01/materials/textures/aws_BalconyTable_01.png
[0.728s] -- Installing: /home/frankie/ros2_ws/install/aws_robomaker_small_house_world/share/aws_robomaker_small_house_world/models/aws_robomaker_residential_BalconyTable_01/meshes
[0.728s] -- Installing: /home/frankie/ros2_ws/install/aws_robomaker_small_house_world/share/aws_robomaker_small_house_world/models/aws_robomaker_residential_BalconyTable_01/meshes/aws_BalconyTable_01_visual.DAE
[0.728s] -- Installing: /home/frankie/ros2_ws/install/aws_robomaker_small_house_world/share/aws_robomaker_small_house_world/models/aws_robomaker_residential_BalconyTable_01/meshes/aws_BalconyTable_01_collision.DAE
[0.729s] -- Installing: /home/frankie/ros2_ws/install/aws_robomaker_small_house_world/share/aws_robomaker_small_house_world/models/aws_robomaker_residential_BalconyTable_01/model.config
[0.729s] -- Installing: /home/frankie/ros2_ws/install/aws_robomaker_small_house_world/share/aws_robomaker_small_house_world/models/aws_robomaker_residential_BalconyTable_01/model.sdf
[0.729s] -- Installing: /home/frankie/ros2_ws/install/aws_robomaker_small_house_world/share/aws_robomaker_small_house_world/models/aws_robomaker_residential_Bed_01
[0.729s] -- Installing: /home/frankie/ros2_ws/install/aws_robomaker_small_house_world/share/aws_robomaker_small_house_world/models/aws_robomaker_residential_Bed_01/materials
[0.729s] -- Installing: /home/frankie/ros2_ws/install/aws_robomaker_small_house_world/share/aws_robomaker_small_house_world/models/aws_robomaker_residential_Bed_01/materials/textures
[0.729s] -- Installing: /home/frankie/ros2_ws/install/aws_robomaker_small_house_world/share/aws_robomaker_small_house_world/models/aws_robomaker_residential_Bed_01/materials/textures/aws_BedC_01.png
[0.730s] -- Installing: /home/frankie/ros2_ws/install/aws_robomaker_small_house_world/share/aws_robomaker_small_house_world/models/aws_robomaker_residential_Bed_01/materials/textures/aws_Bed_01.png
[0.730s] -- Installing: /home/frankie/ros2_ws/install/aws_robomaker_small_house_world/share/aws_robomaker_small_house_world/models/aws_robomaker_residential_Bed_01/materials/textures/aws_BedB_01.png
[0.731s] -- Installing: /home/frankie/ros2_ws/install/aws_robomaker_small_house_world/share/aws_robomaker_small_house_world/models/aws_robomaker_residential_Bed_01/materials/textures/aws_BedA_01.png
[0.731s] -- Installing: /home/frankie/ros2_ws/install/aws_robomaker_small_house_world/share/aws_robomaker_small_house_world/models/aws_robomaker_residential_Bed_01/meshes
[0.731s] -- Installing: /home/frankie/ros2_ws/install/aws_robomaker_small_house_world/share/aws_robomaker_small_house_world/models/aws_robomaker_residential_Bed_01/meshes/aws_Bed_01_collision.DAE
[0.731s] -- Installing: /home/frankie/ros2_ws/install/aws_robomaker_small_house_world/share/aws_robomaker_small_house_world/models/aws_robomaker_residential_Bed_01/meshes/aws_Bed_01_visual.DAE
[0.732s] -- Installing: /home/frankie/ros2_ws/install/aws_robomaker_small_house_world/share/aws_robomaker_small_house_world/models/aws_robomaker_residential_Bed_01/model.config
[0.733s] -- Installing: /home/frankie/ros2_ws/install/aws_robomaker_small_house_world/share/aws_robomaker_small_house_world/models/aws_robomaker_residential_Bed_01/model.sdf
[0.733s] -- Installing: /home/frankie/ros2_ws/install/aws_robomaker_small_house_world/share/aws_robomaker_small_house_world/models/aws_robomaker_residential_Trash_01
[0.733s] -- Installing: /home/frankie/ros2_ws/install/aws_robomaker_small_house_world/share/aws_robomaker_small_house_world/models/aws_robomaker_residential_Trash_01/materials
[0.733s] -- Installing: /home/frankie/ros2_ws/install/aws_robomaker_small_house_world/share/aws_robomaker_small_house_world/models/aws_robomaker_residential_Trash_01/materials/textures
[0.733s] -- Installing: /home/frankie/ros2_ws/install/aws_robomaker_small_house_world/share/aws_robomaker_small_house_world/models/aws_robomaker_residential_Trash_01/materials/textures/aws_Trash_01.png
[0.733s] -- Installing: /home/frankie/ros2_ws/install/aws_robomaker_small_house_world/share/aws_robomaker_small_house_world/models/aws_robomaker_residential_Trash_01/meshes
[0.733s] -- Installing: /home/frankie/ros2_ws/install/aws_robomaker_small_house_world/share/aws_robomaker_small_house_world/models/aws_robomaker_residential_Trash_01/meshes/aws_Trash_01_visual.DAE
[0.733s] -- Installing: /home/frankie/ros2_ws/install/aws_robomaker_small_house_world/share/aws_robomaker_small_house_world/models/aws_robomaker_residential_Trash_01/meshes/aws_Trash_01_collision.DAE
[0.733s] -- Installing: /home/frankie/ros2_ws/install/aws_robomaker_small_house_world/share/aws_robomaker_small_house_world/models/aws_robomaker_residential_Trash_01/model.config
[0.733s] -- Installing: /home/frankie/ros2_ws/install/aws_robomaker_small_house_world/share/aws_robomaker_small_house_world/models/aws_robomaker_residential_Trash_01/model.sdf
[0.734s] -- Installing: /home/frankie/ros2_ws/install/aws_robomaker_small_house_world/share/aws_robomaker_small_house_world/models/aws_robomaker_residential_FitnessEquipment_01
[0.734s] -- Installing: /home/frankie/ros2_ws/install/aws_robomaker_small_house_world/share/aws_robomaker_small_house_world/models/aws_robomaker_residential_FitnessEquipment_01/materials
[0.734s] -- Installing: /home/frankie/ros2_ws/install/aws_robomaker_small_house_world/share/aws_robomaker_small_house_world/models/aws_robomaker_residential_FitnessEquipment_01/materials/textures
[0.734s] -- Installing: /home/frankie/ros2_ws/install/aws_robomaker_small_house_world/share/aws_robomaker_small_house_world/models/aws_robomaker_residential_FitnessEquipment_01/materials/textures/aws_FitnessEquipment_01.png
[0.734s] -- Installing: /home/frankie/ros2_ws/install/aws_robomaker_small_house_world/share/aws_robomaker_small_house_world/models/aws_robomaker_residential_FitnessEquipment_01/meshes
[0.734s] -- Installing: /home/frankie/ros2_ws/install/aws_robomaker_small_house_world/share/aws_robomaker_small_house_world/models/aws_robomaker_residential_FitnessEquipment_01/meshes/aws_FitnessEquipment_01_visual.DAE
[0.734s] -- Installing: /home/frankie/ros2_ws/install/aws_robomaker_small_house_world/share/aws_robomaker_small_house_world/models/aws_robomaker_residential_FitnessEquipment_01/meshes/aws_FitnessEquipment_01_collision.DAE
[0.734s] -- Installing: /home/frankie/ros2_ws/install/aws_robomaker_small_house_world/share/aws_robomaker_small_house_world/models/aws_robomaker_residential_FitnessEquipment_01/model.config
[0.735s] -- Installing: /home/frankie/ros2_ws/install/aws_robomaker_small_house_world/share/aws_robomaker_small_house_world/models/aws_robomaker_residential_FitnessEquipment_01/model.sdf
[0.735s] -- Installing: /home/frankie/ros2_ws/install/aws_robomaker_small_house_world/share/aws_robomaker_small_house_world/models/aws_robomaker_residential_Sofa_01
[0.735s] -- Installing: /home/frankie/ros2_ws/install/aws_robomaker_small_house_world/share/aws_robomaker_small_house_world/models/aws_robomaker_residential_Sofa_01/materials
[0.735s] -- Installing: /home/frankie/ros2_ws/install/aws_robomaker_small_house_world/share/aws_robomaker_small_house_world/models/aws_robomaker_residential_Sofa_01/materials/textures
[0.735s] -- Installing: /home/frankie/ros2_ws/install/aws_robomaker_small_house_world/share/aws_robomaker_small_house_world/models/aws_robomaker_residential_Sofa_01/materials/textures/aws_Sofa_01.png
[0.735s] -- Installing: /home/frankie/ros2_ws/install/aws_robomaker_small_house_world/share/aws_robomaker_small_house_world/models/aws_robomaker_residential_Sofa_01/meshes
[0.735s] -- Installing: /home/frankie/ros2_ws/install/aws_robomaker_small_house_world/share/aws_robomaker_small_house_world/models/aws_robomaker_residential_Sofa_01/meshes/aws_Sofa_01.DAE
[0.738s] -- Installing: /home/frankie/ros2_ws/install/aws_robomaker_small_house_world/share/aws_robomaker_small_house_world/models/aws_robomaker_residential_Sofa_01/meshes/aws_Sofa_01_collision.DAE
[0.738s] -- Installing: /home/frankie/ros2_ws/install/aws_robomaker_small_house_world/share/aws_robomaker_small_house_world/models/aws_robomaker_residential_Sofa_01/meshes/aws_Sofa_01_visual.DAE
[0.739s] -- Installing: /home/frankie/ros2_ws/install/aws_robomaker_small_house_world/share/aws_robomaker_small_house_world/models/aws_robomaker_residential_Sofa_01/model.config
[0.739s] -- Installing: /home/frankie/ros2_ws/install/aws_robomaker_small_house_world/share/aws_robomaker_small_house_world/models/aws_robomaker_residential_Sofa_01/model.sdf
[0.739s] -- Installing: /home/frankie/ros2_ws/install/aws_robomaker_small_house_world/share/aws_robomaker_small_house_world/models/aws_robomaker_residential_PortraitB_03
[0.739s] -- Installing: /home/frankie/ros2_ws/install/aws_robomaker_small_house_world/share/aws_robomaker_small_house_world/models/aws_robomaker_residential_PortraitB_03/materials
[0.739s] -- Installing: /home/frankie/ros2_ws/install/aws_robomaker_small_house_world/share/aws_robomaker_small_house_world/models/aws_robomaker_residential_PortraitB_03/materials/textures
[0.739s] -- Installing: /home/frankie/ros2_ws/install/aws_robomaker_small_house_world/share/aws_robomaker_small_house_world/models/aws_robomaker_residential_PortraitB_03/materials/textures/aws_PortraitB_02.png
[0.739s] -- Installing: /home/frankie/ros2_ws/install/aws_robomaker_small_house_world/share/aws_robomaker_small_house_world/models/aws_robomaker_residential_PortraitB_03/materials/textures/aws_PortraitB_01.png
[0.740s] -- Installing: /home/frankie/ros2_ws/install/aws_robomaker_small_house_world/share/aws_robomaker_small_house_world/models/aws_robomaker_residential_PortraitB_03/meshes
[0.740s] -- Installing: /home/frankie/ros2_ws/install/aws_robomaker_small_house_world/share/aws_robomaker_small_house_world/models/aws_robomaker_residential_PortraitB_03/meshes/aws_PortraitB_01_collision.DAE
[0.740s] -- Installing: /home/frankie/ros2_ws/install/aws_robomaker_small_house_world/share/aws_robomaker_small_house_world/models/aws_robomaker_residential_PortraitB_03/meshes/aws_PortraitB_01_visual.DAE
[0.740s] -- Installing: /home/frankie/ros2_ws/install/aws_robomaker_small_house_world/share/aws_robomaker_small_house_world/models/aws_robomaker_residential_PortraitB_03/model.config
[0.740s] -- Installing: /home/frankie/ros2_ws/install/aws_robomaker_small_house_world/share/aws_robomaker_small_house_world/models/aws_robomaker_residential_PortraitB_03/model.sdf
[0.740s] -- Installing: /home/frankie/ros2_ws/install/aws_robomaker_small_house_world/share/aws_robomaker_small_house_world/models/aws_robomaker_residential_Tablet_01
[0.740s] -- Installing: /home/frankie/ros2_ws/install/aws_robomaker_small_house_world/share/aws_robomaker_small_house_world/models/aws_robomaker_residential_Tablet_01/materials
[0.740s] -- Installing: /home/frankie/ros2_ws/install/aws_robomaker_small_house_world/share/aws_robomaker_small_house_world/models/aws_robomaker_residential_Tablet_01/materials/textures
[0.740s] -- Installing: /home/frankie/ros2_ws/install/aws_robomaker_small_house_world/share/aws_robomaker_small_house_world/models/aws_robomaker_residential_Tablet_01/materials/textures/aws_Tablet_01_nologo.png
[0.740s] -- Installing: /home/frankie/ros2_ws/install/aws_robomaker_small_house_world/share/aws_robomaker_small_house_world/models/aws_robomaker_residential_Tablet_01/meshes
[0.740s] -- Installing: /home/frankie/ros2_ws/install/aws_robomaker_small_house_world/share/aws_robomaker_small_house_world/models/aws_robomaker_residential_Tablet_01/meshes/aws_Tablet_01_visual.DAE
[0.740s] -- Installing: /home/frankie/ros2_ws/install/aws_robomaker_small_house_world/share/aws_robomaker_small_house_world/models/aws_robomaker_residential_Tablet_01/meshes/aws_Tablet_01_collision.DAE
[0.740s] -- Installing: /home/frankie/ros2_ws/install/aws_robomaker_small_house_world/share/aws_robomaker_small_house_world/models/aws_robomaker_residential_Tablet_01/model.config
[0.740s] -- Installing: /home/frankie/ros2_ws/install/aws_robomaker_small_house_world/share/aws_robomaker_small_house_world/models/aws_robomaker_residential_Tablet_01/model.sdf
[0.741s] -- Installing: /home/frankie/ros2_ws/install/aws_robomaker_small_house_world/share/aws_robomaker_small_house_world/models/aws_robomaker_residential_PortraitA_01
[0.741s] -- Installing: /home/frankie/ros2_ws/install/aws_robomaker_small_house_world/share/aws_robomaker_small_house_world/models/aws_robomaker_residential_PortraitA_01/materials
[0.741s] -- Installing: /home/frankie/ros2_ws/install/aws_robomaker_small_house_world/share/aws_robomaker_small_house_world/models/aws_robomaker_residential_PortraitA_01/materials/textures
[0.741s] -- Installing: /home/frankie/ros2_ws/install/aws_robomaker_small_house_world/share/aws_robomaker_small_house_world/models/aws_robomaker_residential_PortraitA_01/materials/textures/aws_PortraitA_01.png
[0.741s] -- Installing: /home/frankie/ros2_ws/install/aws_robomaker_small_house_world/share/aws_robomaker_small_house_world/models/aws_robomaker_residential_PortraitA_01/materials/textures/aws_PortraitA_02.png
[0.741s] -- Installing: /home/frankie/ros2_ws/install/aws_robomaker_small_house_world/share/aws_robomaker_small_house_world/models/aws_robomaker_residential_PortraitA_01/meshes
[0.741s] -- Installing: /home/frankie/ros2_ws/install/aws_robomaker_small_house_world/share/aws_robomaker_small_house_world/models/aws_robomaker_residential_PortraitA_01/meshes/aws_PortraitA_01_collision.DAE
[0.741s] -- Installing: /home/frankie/ros2_ws/install/aws_robomaker_small_house_world/share/aws_robomaker_small_house_world/models/aws_robomaker_residential_PortraitA_01/meshes/aws_PortraitA_01_visual.DAE
[0.741s] -- Installing: /home/frankie/ros2_ws/install/aws_robomaker_small_house_world/share/aws_robomaker_small_house_world/models/aws_robomaker_residential_PortraitA_01/model.config
[0.741s] -- Installing: /home/frankie/ros2_ws/install/aws_robomaker_small_house_world/share/aws_robomaker_small_house_world/models/aws_robomaker_residential_PortraitA_01/model.sdf
[0.741s] -- Installing: /home/frankie/ros2_ws/install/aws_robomaker_small_house_world/share/aws_robomaker_small_house_world/models/aws_robomaker_residential_TV_02
[0.741s] -- Installing: /home/frankie/ros2_ws/install/aws_robomaker_small_house_world/share/aws_robomaker_small_house_world/models/aws_robomaker_residential_TV_02/materials
[0.742s] -- Installing: /home/frankie/ros2_ws/install/aws_robomaker_small_house_world/share/aws_robomaker_small_house_world/models/aws_robomaker_residential_TV_02/materials/textures
[0.742s] -- Installing: /home/frankie/ros2_ws/install/aws_robomaker_small_house_world/share/aws_robomaker_small_house_world/models/aws_robomaker_residential_TV_02/materials/textures/aws_TV_01.png
[0.742s] -- Installing: /home/frankie/ros2_ws/install/aws_robomaker_small_house_world/share/aws_robomaker_small_house_world/models/aws_robomaker_residential_TV_02/meshes
[0.742s] -- Installing: /home/frankie/ros2_ws/install/aws_robomaker_small_house_world/share/aws_robomaker_small_house_world/models/aws_robomaker_residential_TV_02/meshes/aws_TV_01_collision.DAE
[0.742s] -- Installing: /home/frankie/ros2_ws/install/aws_robomaker_small_house_world/share/aws_robomaker_small_house_world/models/aws_robomaker_residential_TV_02/meshes/aws_TV_01_visual.DAE
[0.742s] -- Installing: /home/frankie/ros2_ws/install/aws_robomaker_small_house_world/share/aws_robomaker_small_house_world/models/aws_robomaker_residential_TV_02/model.config
[0.742s] -- Installing: /home/frankie/ros2_ws/install/aws_robomaker_small_house_world/share/aws_robomaker_small_house_world/models/aws_robomaker_residential_TV_02/model.sdf
[0.742s] -- Installing: /home/frankie/ros2_ws/install/aws_robomaker_small_house_world/share/aws_robomaker_small_house_world/models/aws_robomaker_residential_PortraitB_02
[0.743s] -- Installing: /home/frankie/ros2_ws/install/aws_robomaker_small_house_world/share/aws_robomaker_small_house_world/models/aws_robomaker_residential_PortraitB_02/materials
[0.743s] -- Installing: /home/frankie/ros2_ws/install/aws_robomaker_small_house_world/share/aws_robomaker_small_house_world/models/aws_robomaker_residential_PortraitB_02/materials/textures
[0.743s] -- Installing: /home/frankie/ros2_ws/install/aws_robomaker_small_house_world/share/aws_robomaker_small_house_world/models/aws_robomaker_residential_PortraitB_02/materials/textures/aws_PortraitB_02.png
[0.743s] -- Installing: /home/frankie/ros2_ws/install/aws_robomaker_small_house_world/share/aws_robomaker_small_house_world/models/aws_robomaker_residential_PortraitB_02/materials/textures/aws_PortraitB_01.png
[0.743s] -- Installing: /home/frankie/ros2_ws/install/aws_robomaker_small_house_world/share/aws_robomaker_small_house_world/models/aws_robomaker_residential_PortraitB_02/meshes
[0.743s] -- Installing: /home/frankie/ros2_ws/install/aws_robomaker_small_house_world/share/aws_robomaker_small_house_world/models/aws_robomaker_residential_PortraitB_02/meshes/aws_PortraitB_01_collision.DAE
[0.743s] -- Installing: /home/frankie/ros2_ws/install/aws_robomaker_small_house_world/share/aws_robomaker_small_house_world/models/aws_robomaker_residential_PortraitB_02/meshes/aws_PortraitB_01_visual.DAE
[0.743s] -- Installing: /home/frankie/ros2_ws/install/aws_robomaker_small_house_world/share/aws_robomaker_small_house_world/models/aws_robomaker_residential_PortraitB_02/model.config
[0.743s] -- Installing: /home/frankie/ros2_ws/install/aws_robomaker_small_house_world/share/aws_robomaker_small_house_world/models/aws_robomaker_residential_PortraitB_02/model.sdf
[0.743s] -- Installing: /home/frankie/ros2_ws/install/aws_robomaker_small_house_world/share/aws_robomaker_small_house_world/models/aws_robomaker_residential_HouseWallB_01
[0.743s] -- Installing: /home/frankie/ros2_ws/install/aws_robomaker_small_house_world/share/aws_robomaker_small_house_world/models/aws_robomaker_residential_HouseWallB_01/materials
[0.744s] -- Installing: /home/frankie/ros2_ws/install/aws_robomaker_small_house_world/share/aws_robomaker_small_house_world/models/aws_robomaker_residential_HouseWallB_01/materials/textures
[0.744s] -- Installing: /home/frankie/ros2_ws/install/aws_robomaker_small_house_world/share/aws_robomaker_small_house_world/models/aws_robomaker_residential_HouseWallB_01/materials/textures/aws_HouseWallB_01.png
[0.744s] -- Installing: /home/frankie/ros2_ws/install/aws_robomaker_small_house_world/share/aws_robomaker_small_house_world/models/aws_robomaker_residential_HouseWallB_01/meshes
[0.744s] -- Installing: /home/frankie/ros2_ws/install/aws_robomaker_small_house_world/share/aws_robomaker_small_house_world/models/aws_robomaker_residential_HouseWallB_01/meshes/aws_HouseWallB_01_collision.DAE
[0.744s] -- Installing: /home/frankie/ros2_ws/install/aws_robomaker_small_house_world/share/aws_robomaker_small_house_world/models/aws_robomaker_residential_HouseWallB_01/meshes/aws_HouseWallB_01_visual.DAE
[0.744s] -- Installing: /home/frankie/ros2_ws/install/aws_robomaker_small_house_world/share/aws_robomaker_small_house_world/models/aws_robomaker_residential_HouseWallB_01/model.config
[0.744s] -- Installing: /home/frankie/ros2_ws/install/aws_robomaker_small_house_world/share/aws_robomaker_small_house_world/models/aws_robomaker_residential_HouseWallB_01/model.sdf
[0.744s] -- Installing: /home/frankie/ros2_ws/install/aws_robomaker_small_house_world/share/aws_robomaker_small_house_world/models/aws_robomaker_residential_DeskPortraitD_03
[0.744s] -- Installing: /home/frankie/ros2_ws/install/aws_robomaker_small_house_world/share/aws_robomaker_small_house_world/models/aws_robomaker_residential_DeskPortraitD_03/materials
[0.744s] -- Installing: /home/frankie/ros2_ws/install/aws_robomaker_small_house_world/share/aws_robomaker_small_house_world/models/aws_robomaker_residential_DeskPortraitD_03/materials/textures
[0.744s] -- Installing: /home/frankie/ros2_ws/install/aws_robomaker_small_house_world/share/aws_robomaker_small_house_world/models/aws_robomaker_residential_DeskPortraitD_03/materials/textures/aws_DeskPortraitD_02.png
[0.745s] -- Installing: /home/frankie/ros2_ws/install/aws_robomaker_small_house_world/share/aws_robomaker_small_house_world/models/aws_robomaker_residential_DeskPortraitD_03/materials/textures/aws_DeskPortraitD_01.png
[0.745s] -- Installing: /home/frankie/ros2_ws/install/aws_robomaker_small_house_world/share/aws_robomaker_small_house_world/models/aws_robomaker_residential_DeskPortraitD_03/meshes
[0.746s] -- Installing: /home/frankie/ros2_ws/install/aws_robomaker_small_house_world/share/aws_robomaker_small_house_world/models/aws_robomaker_residential_DeskPortraitD_03/meshes/aws_DeskPortraitD_01_collision.DAE
[0.746s] -- Installing: /home/frankie/ros2_ws/install/aws_robomaker_small_house_world/share/aws_robomaker_small_house_world/models/aws_robomaker_residential_DeskPortraitD_03/meshes/aws_DeskPortraitD_01_visual.DAE
[0.746s] -- Installing: /home/frankie/ros2_ws/install/aws_robomaker_small_house_world/share/aws_robomaker_small_house_world/models/aws_robomaker_residential_DeskPortraitD_03/model.config
[0.746s] -- Installing: /home/frankie/ros2_ws/install/aws_robomaker_small_house_world/share/aws_robomaker_small_house_world/models/aws_robomaker_residential_DeskPortraitD_03/model.sdf
[0.746s] -- Installing: /home/frankie/ros2_ws/install/aws_robomaker_small_house_world/share/aws_robomaker_small_house_world/models/aws_robomaker_residential_DeskPortraitA_01
[0.746s] -- Installing: /home/frankie/ros2_ws/install/aws_robomaker_small_house_world/share/aws_robomaker_small_house_world/models/aws_robomaker_residential_DeskPortraitA_01/materials
[0.746s] -- Installing: /home/frankie/ros2_ws/install/aws_robomaker_small_house_world/share/aws_robomaker_small_house_world/models/aws_robomaker_residential_DeskPortraitA_01/materials/textures
[0.746s] -- Installing: /home/frankie/ros2_ws/install/aws_robomaker_small_house_world/share/aws_robomaker_small_house_world/models/aws_robomaker_residential_DeskPortraitA_01/materials/textures/aws_DeskPortraitA_02.png
[0.747s] -- Installing: /home/frankie/ros2_ws/install/aws_robomaker_small_house_world/share/aws_robomaker_small_house_world/models/aws_robomaker_residential_DeskPortraitA_01/materials/textures/aws_DeskPortraitA_01.png
[0.747s] -- Installing: /home/frankie/ros2_ws/install/aws_robomaker_small_house_world/share/aws_robomaker_small_house_world/models/aws_robomaker_residential_DeskPortraitA_01/meshes
[0.747s] -- Installing: /home/frankie/ros2_ws/install/aws_robomaker_small_house_world/share/aws_robomaker_small_house_world/models/aws_robomaker_residential_DeskPortraitA_01/meshes/aws_DeskPortraitA_01_collision.DAE
[0.747s] -- Installing: /home/frankie/ros2_ws/install/aws_robomaker_small_house_world/share/aws_robomaker_small_house_world/models/aws_robomaker_residential_DeskPortraitA_01/meshes/aws_DeskPortraitA_01_visual.DAE
[0.747s] -- Installing: /home/frankie/ros2_ws/install/aws_robomaker_small_house_world/share/aws_robomaker_small_house_world/models/aws_robomaker_residential_DeskPortraitA_01/model.config
[0.747s] -- Installing: /home/frankie/ros2_ws/install/aws_robomaker_small_house_world/share/aws_robomaker_small_house_world/models/aws_robomaker_residential_DeskPortraitA_01/model.sdf
[0.747s] -- Installing: /home/frankie/ros2_ws/install/aws_robomaker_small_house_world/share/aws_robomaker_small_house_world/models/aws_robomaker_residential_Rangehood_01
[0.747s] -- Installing: /home/frankie/ros2_ws/install/aws_robomaker_small_house_world/share/aws_robomaker_small_house_world/models/aws_robomaker_residential_Rangehood_01/materials
[0.747s] -- Installing: /home/frankie/ros2_ws/install/aws_robomaker_small_house_world/share/aws_robomaker_small_house_world/models/aws_robomaker_residential_Rangehood_01/materials/textures
[0.747s] -- Installing: /home/frankie/ros2_ws/install/aws_robomaker_small_house_world/share/aws_robomaker_small_house_world/models/aws_robomaker_residential_Rangehood_01/materials/textures/aws_Rangehood_01.png
[0.747s] -- Installing: /home/frankie/ros2_ws/install/aws_robomaker_small_house_world/share/aws_robomaker_small_house_world/models/aws_robomaker_residential_Rangehood_01/meshes
[0.747s] -- Installing: /home/frankie/ros2_ws/install/aws_robomaker_small_house_world/share/aws_robomaker_small_house_world/models/aws_robomaker_residential_Rangehood_01/meshes/aws_Rangehood_01_collision.DAE
[0.747s] -- Installing: /home/frankie/ros2_ws/install/aws_robomaker_small_house_world/share/aws_robomaker_small_house_world/models/aws_robomaker_residential_Rangehood_01/meshes/aws_Rangehood_01_visual.DAE
[0.748s] -- Installing: /home/frankie/ros2_ws/install/aws_robomaker_small_house_world/share/aws_robomaker_small_house_world/models/aws_robomaker_residential_Rangehood_01/model.config
[0.748s] -- Installing: /home/frankie/ros2_ws/install/aws_robomaker_small_house_world/share/aws_robomaker_small_house_world/models/aws_robomaker_residential_Rangehood_01/model.sdf
[0.748s] -- Installing: /home/frankie/ros2_ws/install/aws_robomaker_small_house_world/share/aws_robomaker_small_house_world/models/aws_robomaker_residential_ReadingDesk_01
[0.748s] -- Installing: /home/frankie/ros2_ws/install/aws_robomaker_small_house_world/share/aws_robomaker_small_house_world/models/aws_robomaker_residential_ReadingDesk_01/materials
[0.748s] -- Installing: /home/frankie/ros2_ws/install/aws_robomaker_small_house_world/share/aws_robomaker_small_house_world/models/aws_robomaker_residential_ReadingDesk_01/materials/textures
[0.748s] -- Installing: /home/frankie/ros2_ws/install/aws_robomaker_small_house_world/share/aws_robomaker_small_house_world/models/aws_robomaker_residential_ReadingDesk_01/materials/textures/aws_ReadingDesk_01.png
[0.748s] -- Installing: /home/frankie/ros2_ws/install/aws_robomaker_small_house_world/share/aws_robomaker_small_house_world/models/aws_robomaker_residential_ReadingDesk_01/meshes
[0.748s] -- Installing: /home/frankie/ros2_ws/install/aws_robomaker_small_house_world/share/aws_robomaker_small_house_world/models/aws_robomaker_residential_ReadingDesk_01/meshes/aws_ReadingDesk_01_collision.DAE
[0.749s] -- Installing: /home/frankie/ros2_ws/install/aws_robomaker_small_house_world/share/aws_robomaker_small_house_world/models/aws_robomaker_residential_ReadingDesk_01/meshes/aws_ReadingDesk_01_visual.DAE
[0.749s] -- Installing: /home/frankie/ros2_ws/install/aws_robomaker_small_house_world/share/aws_robomaker_small_house_world/models/aws_robomaker_residential_ReadingDesk_01/model.config
[0.749s] -- Installing: /home/frankie/ros2_ws/install/aws_robomaker_small_house_world/share/aws_robomaker_small_house_world/models/aws_robomaker_residential_ReadingDesk_01/model.sdf
[0.749s] -- Installing: /home/frankie/ros2_ws/install/aws_robomaker_small_house_world/share/aws_robomaker_small_house_world/models/aws_robomaker_residential_Wardrobe_01
[0.749s] -- Installing: /home/frankie/ros2_ws/install/aws_robomaker_small_house_world/share/aws_robomaker_small_house_world/models/aws_robomaker_residential_Wardrobe_01/materials
[0.749s] -- Installing: /home/frankie/ros2_ws/install/aws_robomaker_small_house_world/share/aws_robomaker_small_house_world/models/aws_robomaker_residential_Wardrobe_01/materials/textures
[0.749s] -- Installing: /home/frankie/ros2_ws/install/aws_robomaker_small_house_world/share/aws_robomaker_small_house_world/models/aws_robomaker_residential_Wardrobe_01/materials/textures/aws_Wardrobe_01.png
[0.750s] -- Installing: /home/frankie/ros2_ws/install/aws_robomaker_small_house_world/share/aws_robomaker_small_house_world/models/aws_robomaker_residential_Wardrobe_01/meshes
[0.750s] -- Installing: /home/frankie/ros2_ws/install/aws_robomaker_small_house_world/share/aws_robomaker_small_house_world/models/aws_robomaker_residential_Wardrobe_01/meshes/aws_Wardrobe_01_visual.DAE
[0.751s] -- Installing: /home/frankie/ros2_ws/install/aws_robomaker_small_house_world/share/aws_robomaker_small_house_world/models/aws_robomaker_residential_Wardrobe_01/meshes/aws_Wardrobe_01_collision.DAE
[0.751s] -- Installing: /home/frankie/ros2_ws/install/aws_robomaker_small_house_world/share/aws_robomaker_small_house_world/models/aws_robomaker_residential_Wardrobe_01/model.config
[0.751s] -- Installing: /home/frankie/ros2_ws/install/aws_robomaker_small_house_world/share/aws_robomaker_small_house_world/models/aws_robomaker_residential_Wardrobe_01/model.sdf
[0.751s] -- Installing: /home/frankie/ros2_ws/install/aws_robomaker_small_house_world/share/aws_robomaker_small_house_world/models/aws_robomaker_residential_KitchenUtensils_01
[0.751s] -- Installing: /home/frankie/ros2_ws/install/aws_robomaker_small_house_world/share/aws_robomaker_small_house_world/models/aws_robomaker_residential_KitchenUtensils_01/materials
[0.751s] -- Installing: /home/frankie/ros2_ws/install/aws_robomaker_small_house_world/share/aws_robomaker_small_house_world/models/aws_robomaker_residential_KitchenUtensils_01/materials/textures
[0.751s] -- Installing: /home/frankie/ros2_ws/install/aws_robomaker_small_house_world/share/aws_robomaker_small_house_world/models/aws_robomaker_residential_KitchenUtensils_01/materials/textures/aws_KitchenUtensils_01.png
[0.751s] -- Installing: /home/frankie/ros2_ws/install/aws_robomaker_small_house_world/share/aws_robomaker_small_house_world/models/aws_robomaker_residential_KitchenUtensils_01/meshes
[0.751s] -- Installing: /home/frankie/ros2_ws/install/aws_robomaker_small_house_world/share/aws_robomaker_small_house_world/models/aws_robomaker_residential_KitchenUtensils_01/meshes/aws_KitchenUtensils_01_collision.DAE
[0.751s] -- Installing: /home/frankie/ros2_ws/install/aws_robomaker_small_house_world/share/aws_robomaker_small_house_world/models/aws_robomaker_residential_KitchenUtensils_01/meshes/aws_KitchenUtensils_01_visual.DAE
[0.753s] -- Installing: /home/frankie/ros2_ws/install/aws_robomaker_small_house_world/share/aws_robomaker_small_house_world/models/aws_robomaker_residential_KitchenUtensils_01/model.config
[0.753s] -- Installing: /home/frankie/ros2_ws/install/aws_robomaker_small_house_world/share/aws_robomaker_small_house_world/models/aws_robomaker_residential_KitchenUtensils_01/model.sdf
[0.753s] -- Installing: /home/frankie/ros2_ws/install/aws_robomaker_small_house_world/share/aws_robomaker_small_house_world/models/aws_robomaker_residential_RoomWindow_01
[0.753s] -- Installing: /home/frankie/ros2_ws/install/aws_robomaker_small_house_world/share/aws_robomaker_small_house_world/models/aws_robomaker_residential_RoomWindow_01/materials
[0.753s] -- Installing: /home/frankie/ros2_ws/install/aws_robomaker_small_house_world/share/aws_robomaker_small_house_world/models/aws_robomaker_residential_RoomWindow_01/materials/textures
[0.753s] -- Installing: /home/frankie/ros2_ws/install/aws_robomaker_small_house_world/share/aws_robomaker_small_house_world/models/aws_robomaker_residential_RoomWindow_01/materials/textures/aws_RoomWindow_01.png
[0.753s] -- Installing: /home/frankie/ros2_ws/install/aws_robomaker_small_house_world/share/aws_robomaker_small_house_world/models/aws_robomaker_residential_RoomWindow_01/meshes
[0.753s] -- Installing: /home/frankie/ros2_ws/install/aws_robomaker_small_house_world/share/aws_robomaker_small_house_world/models/aws_robomaker_residential_RoomWindow_01/meshes/aws_RoomWindow_01_visual.DAE
[0.753s] -- Installing: /home/frankie/ros2_ws/install/aws_robomaker_small_house_world/share/aws_robomaker_small_house_world/models/aws_robomaker_residential_RoomWindow_01/meshes/aws_RoomWindow_01_collision.DAE
[0.753s] -- Installing: /home/frankie/ros2_ws/install/aws_robomaker_small_house_world/share/aws_robomaker_small_house_world/models/aws_robomaker_residential_RoomWindow_01/model.config
[0.753s] -- Installing: /home/frankie/ros2_ws/install/aws_robomaker_small_house_world/share/aws_robomaker_small_house_world/models/aws_robomaker_residential_RoomWindow_01/model.sdf
[0.753s] -- Installing: /home/frankie/ros2_ws/install/aws_robomaker_small_house_world/share/aws_robomaker_small_house_world/models/aws_robomaker_residential_Carpet_01
[0.753s] -- Installing: /home/frankie/ros2_ws/install/aws_robomaker_small_house_world/share/aws_robomaker_small_house_world/models/aws_robomaker_residential_Carpet_01/materials
[0.753s] -- Installing: /home/frankie/ros2_ws/install/aws_robomaker_small_house_world/share/aws_robomaker_small_house_world/models/aws_robomaker_residential_Carpet_01/materials/textures
[0.753s] -- Installing: /home/frankie/ros2_ws/install/aws_robomaker_small_house_world/share/aws_robomaker_small_house_world/models/aws_robomaker_residential_Carpet_01/materials/textures/aws_Carpet_01.png
[0.757s] -- Installing: /home/frankie/ros2_ws/install/aws_robomaker_small_house_world/share/aws_robomaker_small_house_world/models/aws_robomaker_residential_Carpet_01/meshes
[0.757s] -- Installing: /home/frankie/ros2_ws/install/aws_robomaker_small_house_world/share/aws_robomaker_small_house_world/models/aws_robomaker_residential_Carpet_01/meshes/aws_Carpet_01_collision.DAE
[0.757s] -- Installing: /home/frankie/ros2_ws/install/aws_robomaker_small_house_world/share/aws_robomaker_small_house_world/models/aws_robomaker_residential_Carpet_01/meshes/aws_Carpet_01_visual.DAE
[0.758s] -- Installing: /home/frankie/ros2_ws/install/aws_robomaker_small_house_world/share/aws_robomaker_small_house_world/models/aws_robomaker_residential_Carpet_01/model.config
[0.758s] -- Installing: /home/frankie/ros2_ws/install/aws_robomaker_small_house_world/share/aws_robomaker_small_house_world/models/aws_robomaker_residential_Carpet_01/model.sdf
[0.758s] -- Installing: /home/frankie/ros2_ws/install/aws_robomaker_small_house_world/share/aws_robomaker_small_house_world/models/aws_robomaker_residential_DeskPortraitC_02
[0.758s] -- Installing: /home/frankie/ros2_ws/install/aws_robomaker_small_house_world/share/aws_robomaker_small_house_world/models/aws_robomaker_residential_DeskPortraitC_02/materials
[0.758s] -- Installing: /home/frankie/ros2_ws/install/aws_robomaker_small_house_world/share/aws_robomaker_small_house_world/models/aws_robomaker_residential_DeskPortraitC_02/materials/textures
[0.758s] -- Installing: /home/frankie/ros2_ws/install/aws_robomaker_small_house_world/share/aws_robomaker_small_house_world/models/aws_robomaker_residential_DeskPortraitC_02/materials/textures/aws_DeskPortraitC_02.png
[0.758s] -- Installing: /home/frankie/ros2_ws/install/aws_robomaker_small_house_world/share/aws_robomaker_small_house_world/models/aws_robomaker_residential_DeskPortraitC_02/materials/textures/aws_DeskPortraitC_01.png
[0.758s] -- Installing: /home/frankie/ros2_ws/install/aws_robomaker_small_house_world/share/aws_robomaker_small_house_world/models/aws_robomaker_residential_DeskPortraitC_02/meshes
[0.758s] -- Installing: /home/frankie/ros2_ws/install/aws_robomaker_small_house_world/share/aws_robomaker_small_house_world/models/aws_robomaker_residential_DeskPortraitC_02/meshes/aws_DeskPortraitC_01_collision.DAE
[0.758s] -- Installing: /home/frankie/ros2_ws/install/aws_robomaker_small_house_world/share/aws_robomaker_small_house_world/models/aws_robomaker_residential_DeskPortraitC_02/meshes/aws_DeskPortraitC_01_visual.DAE
[0.759s] -- Installing: /home/frankie/ros2_ws/install/aws_robomaker_small_house_world/share/aws_robomaker_small_house_world/models/aws_robomaker_residential_DeskPortraitC_02/model.config
[0.759s] -- Installing: /home/frankie/ros2_ws/install/aws_robomaker_small_house_world/share/aws_robomaker_small_house_world/models/aws_robomaker_residential_DeskPortraitC_02/model.sdf
[0.759s] -- Installing: /home/frankie/ros2_ws/install/aws_robomaker_small_house_world/share/aws_robomaker_small_house_world/models/aws_robomaker_residential_LightC_01
[0.759s] -- Installing: /home/frankie/ros2_ws/install/aws_robomaker_small_house_world/share/aws_robomaker_small_house_world/models/aws_robomaker_residential_LightC_01/materials
[0.759s] -- Installing: /home/frankie/ros2_ws/install/aws_robomaker_small_house_world/share/aws_robomaker_small_house_world/models/aws_robomaker_residential_LightC_01/materials/textures
[0.759s] -- Installing: /home/frankie/ros2_ws/install/aws_robomaker_small_house_world/share/aws_robomaker_small_house_world/models/aws_robomaker_residential_LightC_01/materials/textures/aws_LightC_01.png
[0.759s] -- Installing: /home/frankie/ros2_ws/install/aws_robomaker_small_house_world/share/aws_robomaker_small_house_world/models/aws_robomaker_residential_LightC_01/meshes
[0.759s] -- Installing: /home/frankie/ros2_ws/install/aws_robomaker_small_house_world/share/aws_robomaker_small_house_world/models/aws_robomaker_residential_LightC_01/meshes/aws_LightC_01_collision.DAE
[0.759s] -- Installing: /home/frankie/ros2_ws/install/aws_robomaker_small_house_world/share/aws_robomaker_small_house_world/models/aws_robomaker_residential_LightC_01/meshes/aws_LightC_01_visual.DAE
[0.759s] -- Installing: /home/frankie/ros2_ws/install/aws_robomaker_small_house_world/share/aws_robomaker_small_house_world/models/aws_robomaker_residential_LightC_01/model.config
[0.759s] -- Installing: /home/frankie/ros2_ws/install/aws_robomaker_small_house_world/share/aws_robomaker_small_house_world/models/aws_robomaker_residential_LightC_01/model.sdf
[0.759s] -- Installing: /home/frankie/ros2_ws/install/aws_robomaker_small_house_world/share/aws_robomaker_small_house_world/worlds
[0.759s] -- Installing: /home/frankie/ros2_ws/install/aws_robomaker_small_house_world/share/aws_robomaker_small_house_world/worlds/kitchen_table.world
[0.759s] -- Installing: /home/frankie/ros2_ws/install/aws_robomaker_small_house_world/share/aws_robomaker_small_house_world/worlds/empty.world
[0.760s] -- Installing: /home/frankie/ros2_ws/install/aws_robomaker_small_house_world/share/aws_robomaker_small_house_world/worlds/small_house.world
[0.760s] -- Installing: /home/frankie/ros2_ws/install/aws_robomaker_small_house_world/share/aws_robomaker_small_house_world/maps
[0.760s] -- Installing: /home/frankie/ros2_ws/install/aws_robomaker_small_house_world/share/aws_robomaker_small_house_world/maps/turtlebot3_waffle_pi
[0.760s] -- Installing: /home/frankie/ros2_ws/install/aws_robomaker_small_house_world/share/aws_robomaker_small_house_world/maps/turtlebot3_waffle_pi/map.pgm
[0.760s] -- Installing: /home/frankie/ros2_ws/install/aws_robomaker_small_house_world/share/aws_robomaker_small_house_world/maps/turtlebot3_waffle_pi/map.yaml
[0.760s] -- Installing: /home/frankie/ros2_ws/install/aws_robomaker_small_house_world/share/aws_robomaker_small_house_world/photos
[0.760s] -- Installing: /home/frankie/ros2_ws/install/aws_robomaker_small_house_world/share/aws_robomaker_small_house_world/photos/PortraitB_01.jpg
[0.761s] -- Installing: /home/frankie/ros2_ws/install/aws_robomaker_small_house_world/share/aws_robomaker_small_house_world/photos/PortraitB_02.jpg
[0.762s] -- Installing: /home/frankie/ros2_ws/install/aws_robomaker_small_house_world/share/aws_robomaker_small_house_world/photos/PortraitA_01.jpg
[0.762s] -- Installing: /home/frankie/ros2_ws/install/aws_robomaker_small_house_world/share/aws_robomaker_small_house_world/photos/PortraitB_03.jpg
[0.763s] -- Installing: /home/frankie/ros2_ws/install/aws_robomaker_small_house_world/share/aws_robomaker_small_house_world/photos/PortraitD_02.jpg
[0.763s] -- Installing: /home/frankie/ros2_ws/install/aws_robomaker_small_house_world/share/aws_robomaker_small_house_world/photos/DeskPortraitD_04.jpg
[0.763s] -- Installing: /home/frankie/ros2_ws/install/aws_robomaker_small_house_world/share/aws_robomaker_small_house_world/photos/DeskPortraitB_02.jpg
[0.767s] -- Installing: /home/frankie/ros2_ws/install/aws_robomaker_small_house_world/share/aws_robomaker_small_house_world/photos/PortraitE_02.jpg
[0.768s] -- Installing: /home/frankie/ros2_ws/install/aws_robomaker_small_house_world/share/aws_robomaker_small_house_world/photos/DeskPortraitB_01.jpg
[0.768s] -- Installing: /home/frankie/ros2_ws/install/aws_robomaker_small_house_world/share/aws_robomaker_small_house_world/photos/DeskPortraitD_01.jpg
[0.768s] -- Installing: /home/frankie/ros2_ws/install/aws_robomaker_small_house_world/share/aws_robomaker_small_house_world/photos/DeskPortraitA_02.jpg
[0.769s] -- Installing: /home/frankie/ros2_ws/install/aws_robomaker_small_house_world/share/aws_robomaker_small_house_world/photos/PortraitE_01.jpg
[0.769s] -- Installing: /home/frankie/ros2_ws/install/aws_robomaker_small_house_world/share/aws_robomaker_small_house_world/photos/PortraitA_02.jpg
[0.770s] -- Installing: /home/frankie/ros2_ws/install/aws_robomaker_small_house_world/share/aws_robomaker_small_house_world/photos/PortraitD_01.jpg
[0.770s] -- Installing: /home/frankie/ros2_ws/install/aws_robomaker_small_house_world/share/aws_robomaker_small_house_world/photos/DeskPortraitC_01.jpg
[0.774s] -- Installing: /home/frankie/ros2_ws/install/aws_robomaker_small_house_world/share/aws_robomaker_small_house_world/photos/PortraitC_01.jpg
[0.774s] -- Installing: /home/frankie/ros2_ws/install/aws_robomaker_small_house_world/share/aws_robomaker_small_house_world/photos/DeskPortraitD_03.jpg
[0.774s] -- Installing: /home/frankie/ros2_ws/install/aws_robomaker_small_house_world/share/aws_robomaker_small_house_world/photos/DeskPortraitD_02.jpg
[0.774s] -- Installing: /home/frankie/ros2_ws/install/aws_robomaker_small_house_world/share/aws_robomaker_small_house_world/photos/DeskPortraitC_02.jpg
[0.775s] -- Installing: /home/frankie/ros2_ws/install/aws_robomaker_small_house_world/share/aws_robomaker_small_house_world/photos/DeskPortraitA_01.jpg
[0.775s] -- Installing: /home/frankie/ros2_ws/install/aws_robomaker_small_house_world/share/aws_robomaker_small_house_world/param
[0.775s] -- Installing: /home/frankie/ros2_ws/install/aws_robomaker_small_house_world/share/aws_robomaker_small_house_world/param/waffle_pi.yaml
[0.775s] -- Installing: /home/frankie/ros2_ws/install/aws_robomaker_small_house_world/share/aws_robomaker_small_house_world/routes
[0.775s] -- Installing: /home/frankie/ros2_ws/install/aws_robomaker_small_house_world/share/aws_robomaker_small_house_world/routes/route.yaml
[0.775s] -- Installing: /home/frankie/ros2_ws/install/aws_robomaker_small_house_world/share/ament_index/resource_index/package_run_dependencies/aws_robomaker_small_house_world
[0.775s] -- Installing: /home/frankie/ros2_ws/install/aws_robomaker_small_house_world/share/ament_index/resource_index/parent_prefix_path/aws_robomaker_small_house_world
[0.775s] -- Installing: /home/frankie/ros2_ws/install/aws_robomaker_small_house_world/share/aws_robomaker_small_house_world/environment/ament_prefix_path.sh
[0.775s] -- Installing: /home/frankie/ros2_ws/install/aws_robomaker_small_house_world/share/aws_robomaker_small_house_world/environment/ament_prefix_path.dsv
[0.775s] -- Installing: /home/frankie/ros2_ws/install/aws_robomaker_small_house_world/share/aws_robomaker_small_house_world/environment/path.sh
[0.776s] -- Installing: /home/frankie/ros2_ws/install/aws_robomaker_small_house_world/share/aws_robomaker_small_house_world/environment/path.dsv
[0.776s] -- Installing: /home/frankie/ros2_ws/install/aws_robomaker_small_house_world/share/aws_robomaker_small_house_world/local_setup.bash
[0.776s] -- Installing: /home/frankie/ros2_ws/install/aws_robomaker_small_house_world/share/aws_robomaker_small_house_world/local_setup.sh
[0.776s] -- Installing: /home/frankie/ros2_ws/install/aws_robomaker_small_house_world/share/aws_robomaker_small_house_world/local_setup.zsh
[0.776s] -- Installing: /home/frankie/ros2_ws/install/aws_robomaker_small_house_world/share/aws_robomaker_small_house_world/local_setup.dsv
[0.776s] -- Installing: /home/frankie/ros2_ws/install/aws_robomaker_small_house_world/share/aws_robomaker_small_house_world/package.dsv
[0.776s] -- Installing: /home/frankie/ros2_ws/install/aws_robomaker_small_house_world/share/ament_index/resource_index/packages/aws_robomaker_small_house_world
[0.776s] -- Installing: /home/frankie/ros2_ws/install/aws_robomaker_small_house_world/share/aws_robomaker_small_house_world/cmake/ament_cmake_export_dependencies-extras.cmake
[0.776s] -- Installing: /home/frankie/ros2_ws/install/aws_robomaker_small_house_world/share/aws_robomaker_small_house_world/cmake/aws_robomaker_small_house_worldConfig.cmake
[0.776s] -- Installing: /home/frankie/ros2_ws/install/aws_robomaker_small_house_world/share/aws_robomaker_small_house_world/cmake/aws_robomaker_small_house_worldConfig-version.cmake
[0.776s] -- Installing: /home/frankie/ros2_ws/install/aws_robomaker_small_house_world/share/aws_robomaker_small_house_world/package.xml
[0.779s] Invoked command in '/home/frankie/ros2_ws/build/aws_robomaker_small_house_world' returned '0': CMAKE_PREFIX_PATH=/opt/ros/humble /usr/bin/cmake --install /home/frankie/ros2_ws/build/aws_robomaker_small_house_world
