[0.000000] (-) TimerEvent: {}
[0.000328] (aws_robomaker_small_house_world) JobQueued: {'identifier': 'aws_robomaker_small_house_world', 'dependencies': OrderedDict()}
[0.000489] (growbot_bringup) JobQueued: {'identifier': 'growbot_bringup', 'dependencies': OrderedDict()}
[0.000503] (aws_robomaker_small_house_world) JobStarted: {'identifier': 'aws_robomaker_small_house_world'}
[0.006794] (growbot_bringup) JobStarted: {'identifier': 'growbot_bringup'}
[0.011710] (aws_robomaker_small_house_world) JobProgress: {'identifier': 'aws_robomaker_small_house_world', 'progress': 'cmake'}
[0.012536] (aws_robomaker_small_house_world) JobProgress: {'identifier': 'aws_robomaker_small_house_world', 'progress': 'build'}
[0.013193] (aws_robomaker_small_house_world) Command: {'cmd': ['/usr/bin/cmake', '--build', '/home/frankie/ros2_ws/build/aws_robomaker_small_house_world', '--', '-j8', '-l8'], 'cwd': '/home/frankie/ros2_ws/build/aws_robomaker_small_house_world', 'env': OrderedDict([('LESSOPEN', '| /usr/bin/lesspipe %s'), ('USER', 'frankie'), ('XDG_SESSION_TYPE', 'wayland'), ('SHLVL', '1'), ('LD_LIBRARY_PATH', '/usr/lib/x86_64-linux-gnu/gazebo-11/plugins:/opt/ros/humble/opt/rviz_ogre_vendor/lib:/opt/ros/humble/lib/x86_64-linux-gnu:/opt/ros/humble/lib'), ('HOME', '/home/frankie'), ('OLDPWD', '/home/frankie'), ('DESKTOP_SESSION', 'ubuntu'), ('ROS_PYTHON_VERSION', '3'), ('GNOME_SHELL_SESSION_MODE', 'ubuntu'), ('GTK_MODULES', 'gail:atk-bridge'), ('SYSTEMD_EXEC_PID', '1059'), ('DBUS_SESSION_BUS_ADDRESS', 'unix:path=/run/user/1000/bus'), ('COLORTERM', 'truecolor'), ('IM_CONFIG_PHASE', '1'), ('WAYLAND_DISPLAY', 'wayland-0'), ('ROS_DISTRO', 'humble'), ('LOGNAME', 'frankie'), ('_', '/usr/bin/colcon'), ('ROS_VERSION', '2'), ('XDG_SESSION_CLASS', 'user'), ('USERNAME', 'frankie'), ('TERM', 'xterm-256color'), ('GNOME_DESKTOP_SESSION_ID', 'this-is-deprecated'), ('ROS_LOCALHOST_ONLY', '0'), ('PATH', '/opt/ros/humble/bin:/usr/local/sbin:/usr/local/bin:/usr/sbin:/usr/bin:/sbin:/bin:/usr/games:/usr/local/games:/snap/bin:/snap/bin'), ('SESSION_MANAGER', 'local/frankie-VivoBook-ASUSLaptop-X513EAN-K513EA:@/tmp/.ICE-unix/1031,unix/frankie-VivoBook-ASUSLaptop-X513EAN-K513EA:/tmp/.ICE-unix/1031'), ('XDG_MENU_PREFIX', 'gnome-'), ('GNOME_TERMINAL_SCREEN', '/org/gnome/Terminal/screen/3b399fb6_8721_4ff5_a0bb_bf8aac955b06'), ('GNOME_SETUP_DISPLAY', ':1'), ('XDG_RUNTIME_DIR', '/run/user/1000'), ('DISPLAY', ':0'), ('LANG', 'en_US.UTF-8'), ('XDG_CURRENT_DESKTOP', 'ubuntu:GNOME'), ('XMODIFIERS', '@im=ibus'), ('XDG_SESSION_DESKTOP', 'ubuntu'), ('XAUTHORITY', '/run/user/1000/.mutter-Xwaylandauth.O75UO3'), ('LS_COLORS', 'rs=0:di=01;34:ln=01;36:mh=00:pi=40;33:so=01;35:do=01;35:bd=40;33;01:cd=40;33;01:or=40;31;01:mi=00:su=37;41:sg=30;43:ca=30;41:tw=30;42:ow=34;42:st=37;44:ex=01;32:*.tar=01;31:*.tgz=01;31:*.arc=01;31:*.arj=01;31:*.taz=01;31:*.lha=01;31:*.lz4=01;31:*.lzh=01;31:*.lzma=01;31:*.tlz=01;31:*.txz=01;31:*.tzo=01;31:*.t7z=01;31:*.zip=01;31:*.z=01;31:*.dz=01;31:*.gz=01;31:*.lrz=01;31:*.lz=01;31:*.lzo=01;31:*.xz=01;31:*.zst=01;31:*.tzst=01;31:*.bz2=01;31:*.bz=01;31:*.tbz=01;31:*.tbz2=01;31:*.tz=01;31:*.deb=01;31:*.rpm=01;31:*.jar=01;31:*.war=01;31:*.ear=01;31:*.sar=01;31:*.rar=01;31:*.alz=01;31:*.ace=01;31:*.zoo=01;31:*.cpio=01;31:*.7z=01;31:*.rz=01;31:*.cab=01;31:*.wim=01;31:*.swm=01;31:*.dwm=01;31:*.esd=01;31:*.jpg=01;35:*.jpeg=01;35:*.mjpg=01;35:*.mjpeg=01;35:*.gif=01;35:*.bmp=01;35:*.pbm=01;35:*.pgm=01;35:*.ppm=01;35:*.tga=01;35:*.xbm=01;35:*.xpm=01;35:*.tif=01;35:*.tiff=01;35:*.png=01;35:*.svg=01;35:*.svgz=01;35:*.mng=01;35:*.pcx=01;35:*.mov=01;35:*.mpg=01;35:*.mpeg=01;35:*.m2v=01;35:*.mkv=01;35:*.webm=01;35:*.webp=01;35:*.ogm=01;35:*.mp4=01;35:*.m4v=01;35:*.mp4v=01;35:*.vob=01;35:*.qt=01;35:*.nuv=01;35:*.wmv=01;35:*.asf=01;35:*.rm=01;35:*.rmvb=01;35:*.flc=01;35:*.avi=01;35:*.fli=01;35:*.flv=01;35:*.gl=01;35:*.dl=01;35:*.xcf=01;35:*.xwd=01;35:*.yuv=01;35:*.cgm=01;35:*.emf=01;35:*.ogv=01;35:*.ogx=01;35:*.aac=00;36:*.au=00;36:*.flac=00;36:*.m4a=00;36:*.mid=00;36:*.midi=00;36:*.mka=00;36:*.mp3=00;36:*.mpc=00;36:*.ogg=00;36:*.ra=00;36:*.wav=00;36:*.oga=00;36:*.opus=00;36:*.spx=00;36:*.xspf=00;36:'), ('GNOME_TERMINAL_SERVICE', ':1.116'), ('SSH_AGENT_LAUNCHER', 'gnome-keyring'), ('SSH_AUTH_SOCK', '/run/user/1000/keyring/ssh'), ('AMENT_PREFIX_PATH', '/opt/ros/humble'), ('SHELL', '/bin/bash'), ('QT_ACCESSIBILITY', '1'), ('GDMSESSION', 'ubuntu'), ('LESSCLOSE', '/usr/bin/lesspipe %s %s'), ('QT_IM_MODULE', 'ibus'), ('PWD', '/home/frankie/ros2_ws/build/aws_robomaker_small_house_world'), ('TURTLEBOT3_MODEL', 'waffle_pi'), ('XDG_CONFIG_DIRS', '/etc/xdg/xdg-ubuntu:/etc/xdg'), ('XDG_DATA_DIRS', '/usr/share/ubuntu:/usr/local/share/:/usr/share/:/var/lib/snapd/desktop'), ('PYTHONPATH', '/opt/ros/humble/lib/python3.10/site-packages:/opt/ros/humble/local/lib/python3.10/dist-packages'), ('COLCON', '1'), ('VTE_VERSION', '6800'), ('CMAKE_PREFIX_PATH', '/opt/ros/humble')]), 'shell': False}
[0.099926] (-) TimerEvent: {}
[0.200201] (-) TimerEvent: {}
[0.200741] (aws_robomaker_small_house_world) CommandEnded: {'returncode': 0}
[0.201461] (aws_robomaker_small_house_world) JobProgress: {'identifier': 'aws_robomaker_small_house_world', 'progress': 'install'}
[0.207519] (aws_robomaker_small_house_world) Command: {'cmd': ['/usr/bin/cmake', '--install', '/home/frankie/ros2_ws/build/aws_robomaker_small_house_world'], 'cwd': '/home/frankie/ros2_ws/build/aws_robomaker_small_house_world', 'env': OrderedDict([('LESSOPEN', '| /usr/bin/lesspipe %s'), ('USER', 'frankie'), ('XDG_SESSION_TYPE', 'wayland'), ('SHLVL', '1'), ('LD_LIBRARY_PATH', '/usr/lib/x86_64-linux-gnu/gazebo-11/plugins:/opt/ros/humble/opt/rviz_ogre_vendor/lib:/opt/ros/humble/lib/x86_64-linux-gnu:/opt/ros/humble/lib'), ('HOME', '/home/frankie'), ('OLDPWD', '/home/frankie'), ('DESKTOP_SESSION', 'ubuntu'), ('ROS_PYTHON_VERSION', '3'), ('GNOME_SHELL_SESSION_MODE', 'ubuntu'), ('GTK_MODULES', 'gail:atk-bridge'), ('SYSTEMD_EXEC_PID', '1059'), ('DBUS_SESSION_BUS_ADDRESS', 'unix:path=/run/user/1000/bus'), ('COLORTERM', 'truecolor'), ('IM_CONFIG_PHASE', '1'), ('WAYLAND_DISPLAY', 'wayland-0'), ('ROS_DISTRO', 'humble'), ('LOGNAME', 'frankie'), ('_', '/usr/bin/colcon'), ('ROS_VERSION', '2'), ('XDG_SESSION_CLASS', 'user'), ('USERNAME', 'frankie'), ('TERM', 'xterm-256color'), ('GNOME_DESKTOP_SESSION_ID', 'this-is-deprecated'), ('ROS_LOCALHOST_ONLY', '0'), ('PATH', '/opt/ros/humble/bin:/usr/local/sbin:/usr/local/bin:/usr/sbin:/usr/bin:/sbin:/bin:/usr/games:/usr/local/games:/snap/bin:/snap/bin'), ('SESSION_MANAGER', 'local/frankie-VivoBook-ASUSLaptop-X513EAN-K513EA:@/tmp/.ICE-unix/1031,unix/frankie-VivoBook-ASUSLaptop-X513EAN-K513EA:/tmp/.ICE-unix/1031'), ('XDG_MENU_PREFIX', 'gnome-'), ('GNOME_TERMINAL_SCREEN', '/org/gnome/Terminal/screen/3b399fb6_8721_4ff5_a0bb_bf8aac955b06'), ('GNOME_SETUP_DISPLAY', ':1'), ('XDG_RUNTIME_DIR', '/run/user/1000'), ('DISPLAY', ':0'), ('LANG', 'en_US.UTF-8'), ('XDG_CURRENT_DESKTOP', 'ubuntu:GNOME'), ('XMODIFIERS', '@im=ibus'), ('XDG_SESSION_DESKTOP', 'ubuntu'), ('XAUTHORITY', '/run/user/1000/.mutter-Xwaylandauth.O75UO3'), ('LS_COLORS', 'rs=0:di=01;34:ln=01;36:mh=00:pi=40;33:so=01;35:do=01;35:bd=40;33;01:cd=40;33;01:or=40;31;01:mi=00:su=37;41:sg=30;43:ca=30;41:tw=30;42:ow=34;42:st=37;44:ex=01;32:*.tar=01;31:*.tgz=01;31:*.arc=01;31:*.arj=01;31:*.taz=01;31:*.lha=01;31:*.lz4=01;31:*.lzh=01;31:*.lzma=01;31:*.tlz=01;31:*.txz=01;31:*.tzo=01;31:*.t7z=01;31:*.zip=01;31:*.z=01;31:*.dz=01;31:*.gz=01;31:*.lrz=01;31:*.lz=01;31:*.lzo=01;31:*.xz=01;31:*.zst=01;31:*.tzst=01;31:*.bz2=01;31:*.bz=01;31:*.tbz=01;31:*.tbz2=01;31:*.tz=01;31:*.deb=01;31:*.rpm=01;31:*.jar=01;31:*.war=01;31:*.ear=01;31:*.sar=01;31:*.rar=01;31:*.alz=01;31:*.ace=01;31:*.zoo=01;31:*.cpio=01;31:*.7z=01;31:*.rz=01;31:*.cab=01;31:*.wim=01;31:*.swm=01;31:*.dwm=01;31:*.esd=01;31:*.jpg=01;35:*.jpeg=01;35:*.mjpg=01;35:*.mjpeg=01;35:*.gif=01;35:*.bmp=01;35:*.pbm=01;35:*.pgm=01;35:*.ppm=01;35:*.tga=01;35:*.xbm=01;35:*.xpm=01;35:*.tif=01;35:*.tiff=01;35:*.png=01;35:*.svg=01;35:*.svgz=01;35:*.mng=01;35:*.pcx=01;35:*.mov=01;35:*.mpg=01;35:*.mpeg=01;35:*.m2v=01;35:*.mkv=01;35:*.webm=01;35:*.webp=01;35:*.ogm=01;35:*.mp4=01;35:*.m4v=01;35:*.mp4v=01;35:*.vob=01;35:*.qt=01;35:*.nuv=01;35:*.wmv=01;35:*.asf=01;35:*.rm=01;35:*.rmvb=01;35:*.flc=01;35:*.avi=01;35:*.fli=01;35:*.flv=01;35:*.gl=01;35:*.dl=01;35:*.xcf=01;35:*.xwd=01;35:*.yuv=01;35:*.cgm=01;35:*.emf=01;35:*.ogv=01;35:*.ogx=01;35:*.aac=00;36:*.au=00;36:*.flac=00;36:*.m4a=00;36:*.mid=00;36:*.midi=00;36:*.mka=00;36:*.mp3=00;36:*.mpc=00;36:*.ogg=00;36:*.ra=00;36:*.wav=00;36:*.oga=00;36:*.opus=00;36:*.spx=00;36:*.xspf=00;36:'), ('GNOME_TERMINAL_SERVICE', ':1.116'), ('SSH_AGENT_LAUNCHER', 'gnome-keyring'), ('SSH_AUTH_SOCK', '/run/user/1000/keyring/ssh'), ('AMENT_PREFIX_PATH', '/opt/ros/humble'), ('SHELL', '/bin/bash'), ('QT_ACCESSIBILITY', '1'), ('GDMSESSION', 'ubuntu'), ('LESSCLOSE', '/usr/bin/lesspipe %s %s'), ('QT_IM_MODULE', 'ibus'), ('PWD', '/home/frankie/ros2_ws/build/aws_robomaker_small_house_world'), ('TURTLEBOT3_MODEL', 'waffle_pi'), ('XDG_CONFIG_DIRS', '/etc/xdg/xdg-ubuntu:/etc/xdg'), ('XDG_DATA_DIRS', '/usr/share/ubuntu:/usr/local/share/:/usr/share/:/var/lib/snapd/desktop'), ('PYTHONPATH', '/opt/ros/humble/lib/python3.10/site-packages:/opt/ros/humble/local/lib/python3.10/dist-packages'), ('COLCON', '1'), ('VTE_VERSION', '6800'), ('CMAKE_PREFIX_PATH', '/opt/ros/humble')]), 'shell': False}
[0.213899] (aws_robomaker_small_house_world) StdoutLine: {'line': b'-- Install configuration: ""\n'}
[0.214373] (aws_robomaker_small_house_world) StdoutLine: {'line': b'-- Up-to-date: /home/frankie/ros2_ws/install/aws_robomaker_small_house_world/share/aws_robomaker_small_house_world/launch\n'}
[0.214498] (aws_robomaker_small_house_world) StdoutLine: {'line': b'-- Up-to-date: /home/frankie/ros2_ws/install/aws_robomaker_small_house_world/share/aws_robomaker_small_house_world/launch/small_house.launch.py\n'}
[0.214575] (aws_robomaker_small_house_world) StdoutLine: {'line': b'-- Up-to-date: /home/frankie/ros2_ws/install/aws_robomaker_small_house_world/share/aws_robomaker_small_house_world/models\n'}
[0.214863] (aws_robomaker_small_house_world) StdoutLine: {'line': b'-- Up-to-date: /home/frankie/ros2_ws/install/aws_robomaker_small_house_world/share/aws_robomaker_small_house_world/models/aws_robomaker_residential_KitchenTable_01\n'}
[0.214980] (aws_robomaker_small_house_world) StdoutLine: {'line': b'-- Up-to-date: /home/frankie/ros2_ws/install/aws_robomaker_small_house_world/share/aws_robomaker_small_house_world/models/aws_robomaker_residential_KitchenTable_01/materials\n'}
[0.215075] (aws_robomaker_small_house_world) StdoutLine: {'line': b'-- Up-to-date: /home/frankie/ros2_ws/install/aws_robomaker_small_house_world/share/aws_robomaker_small_house_world/models/aws_robomaker_residential_KitchenTable_01/materials/textures\n'}
[0.215184] (aws_robomaker_small_house_world) StdoutLine: {'line': b'-- Up-to-date: /home/frankie/ros2_ws/install/aws_robomaker_small_house_world/share/aws_robomaker_small_house_world/models/aws_robomaker_residential_KitchenTable_01/materials/textures/aws_KitchenTable_01.png\n'}
[0.215232] (aws_robomaker_small_house_world) StdoutLine: {'line': b'-- Up-to-date: /home/frankie/ros2_ws/install/aws_robomaker_small_house_world/share/aws_robomaker_small_house_world/models/aws_robomaker_residential_KitchenTable_01/meshes\n'}
[0.215306] (aws_robomaker_small_house_world) StdoutLine: {'line': b'-- Up-to-date: /home/frankie/ros2_ws/install/aws_robomaker_small_house_world/share/aws_robomaker_small_house_world/models/aws_robomaker_residential_KitchenTable_01/meshes/aws_KitchenTable_01_collision.DAE\n'}
[0.215385] (aws_robomaker_small_house_world) StdoutLine: {'line': b'-- Up-to-date: /home/frankie/ros2_ws/install/aws_robomaker_small_house_world/share/aws_robomaker_small_house_world/models/aws_robomaker_residential_KitchenTable_01/meshes/aws_KitchenTable_01_visual.DAE\n'}
[0.215470] (aws_robomaker_small_house_world) StdoutLine: {'line': b'-- Up-to-date: /home/frankie/ros2_ws/install/aws_robomaker_small_house_world/share/aws_robomaker_small_house_world/models/aws_robomaker_residential_KitchenTable_01/model.config\n'}
[0.215517] (aws_robomaker_small_house_world) StdoutLine: {'line': b'-- Up-to-date: /home/frankie/ros2_ws/install/aws_robomaker_small_house_world/share/aws_robomaker_small_house_world/models/aws_robomaker_residential_KitchenTable_01/model.sdf\n'}
[0.215565] (aws_robomaker_small_house_world) StdoutLine: {'line': b'-- Up-to-date: /home/frankie/ros2_ws/install/aws_robomaker_small_house_world/share/aws_robomaker_small_house_world/models/aws_robomaker_residential_RoomCeiling_01\n'}
[0.215673] (aws_robomaker_small_house_world) StdoutLine: {'line': b'-- Up-to-date: /home/frankie/ros2_ws/install/aws_robomaker_small_house_world/share/aws_robomaker_small_house_world/models/aws_robomaker_residential_RoomCeiling_01/materials\n'}
[0.215797] (aws_robomaker_small_house_world) StdoutLine: {'line': b'-- Up-to-date: /home/frankie/ros2_ws/install/aws_robomaker_small_house_world/share/aws_robomaker_small_house_world/models/aws_robomaker_residential_RoomCeiling_01/materials/textures\n'}
[0.215925] (aws_robomaker_small_house_world) StdoutLine: {'line': b'-- Up-to-date: /home/frankie/ros2_ws/install/aws_robomaker_small_house_world/share/aws_robomaker_small_house_world/models/aws_robomaker_residential_RoomCeiling_01/materials/textures/aws_RoomCeiling_01.png\n'}
[0.215998] (aws_robomaker_small_house_world) StdoutLine: {'line': b'-- Up-to-date: /home/frankie/ros2_ws/install/aws_robomaker_small_house_world/share/aws_robomaker_small_house_world/models/aws_robomaker_residential_RoomCeiling_01/meshes\n'}
[0.216066] (aws_robomaker_small_house_world) StdoutLine: {'line': b'-- Up-to-date: /home/frankie/ros2_ws/install/aws_robomaker_small_house_world/share/aws_robomaker_small_house_world/models/aws_robomaker_residential_RoomCeiling_01/meshes/aws_RoomCeiling_01_collision.DAE\n'}
[0.216158] (aws_robomaker_small_house_world) StdoutLine: {'line': b'-- Up-to-date: /home/frankie/ros2_ws/install/aws_robomaker_small_house_world/share/aws_robomaker_small_house_world/models/aws_robomaker_residential_RoomCeiling_01/meshes/aws_RoomCeiling_01_visual.DAE\n'}
[0.216209] (aws_robomaker_small_house_world) StdoutLine: {'line': b'-- Up-to-date: /home/frankie/ros2_ws/install/aws_robomaker_small_house_world/share/aws_robomaker_small_house_world/models/aws_robomaker_residential_RoomCeiling_01/model.config\n'}
[0.216255] (aws_robomaker_small_house_world) StdoutLine: {'line': b'-- Up-to-date: /home/frankie/ros2_ws/install/aws_robomaker_small_house_world/share/aws_robomaker_small_house_world/models/aws_robomaker_residential_RoomCeiling_01/model.sdf\n'}
[0.216309] (aws_robomaker_small_house_world) StdoutLine: {'line': b'-- Up-to-date: /home/frankie/ros2_ws/install/aws_robomaker_small_house_world/share/aws_robomaker_small_house_world/models/aws_robomaker_residential_SofaB_01\n'}
[0.216386] (aws_robomaker_small_house_world) StdoutLine: {'line': b'-- Up-to-date: /home/frankie/ros2_ws/install/aws_robomaker_small_house_world/share/aws_robomaker_small_house_world/models/aws_robomaker_residential_SofaB_01/materials\n'}
[0.216456] (aws_robomaker_small_house_world) StdoutLine: {'line': b'-- Up-to-date: /home/frankie/ros2_ws/install/aws_robomaker_small_house_world/share/aws_robomaker_small_house_world/models/aws_robomaker_residential_SofaB_01/materials/textures\n'}
[0.216541] (aws_robomaker_small_house_world) StdoutLine: {'line': b'-- Up-to-date: /home/frankie/ros2_ws/install/aws_robomaker_small_house_world/share/aws_robomaker_small_house_world/models/aws_robomaker_residential_SofaB_01/materials/textures/aws_SofaB_01.png\n'}
[0.216587] (aws_robomaker_small_house_world) StdoutLine: {'line': b'-- Up-to-date: /home/frankie/ros2_ws/install/aws_robomaker_small_house_world/share/aws_robomaker_small_house_world/models/aws_robomaker_residential_SofaB_01/meshes\n'}
[0.216660] (aws_robomaker_small_house_world) StdoutLine: {'line': b'-- Up-to-date: /home/frankie/ros2_ws/install/aws_robomaker_small_house_world/share/aws_robomaker_small_house_world/models/aws_robomaker_residential_SofaB_01/meshes/aws_SofaB_01_visual.DAE\n'}
[0.216733] (aws_robomaker_small_house_world) StdoutLine: {'line': b'-- Up-to-date: /home/frankie/ros2_ws/install/aws_robomaker_small_house_world/share/aws_robomaker_small_house_world/models/aws_robomaker_residential_SofaB_01/meshes/aws_SofaB_01_collision.DAE\n'}
[0.216817] (aws_robomaker_small_house_world) StdoutLine: {'line': b'-- Up-to-date: /home/frankie/ros2_ws/install/aws_robomaker_small_house_world/share/aws_robomaker_small_house_world/models/aws_robomaker_residential_SofaB_01/model.config\n'}
[0.216866] (aws_robomaker_small_house_world) StdoutLine: {'line': b'-- Up-to-date: /home/frankie/ros2_ws/install/aws_robomaker_small_house_world/share/aws_robomaker_small_house_world/models/aws_robomaker_residential_SofaB_01/model.sdf\n'}
[0.216912] (aws_robomaker_small_house_world) StdoutLine: {'line': b'-- Up-to-date: /home/frankie/ros2_ws/install/aws_robomaker_small_house_world/share/aws_robomaker_small_house_world/models/aws_robomaker_residential_Board_01\n'}
[0.216986] (aws_robomaker_small_house_world) StdoutLine: {'line': b'-- Up-to-date: /home/frankie/ros2_ws/install/aws_robomaker_small_house_world/share/aws_robomaker_small_house_world/models/aws_robomaker_residential_Board_01/materials\n'}
[0.217058] (aws_robomaker_small_house_world) StdoutLine: {'line': b'-- Up-to-date: /home/frankie/ros2_ws/install/aws_robomaker_small_house_world/share/aws_robomaker_small_house_world/models/aws_robomaker_residential_Board_01/materials/textures\n'}
[0.217126] (aws_robomaker_small_house_world) StdoutLine: {'line': b'-- Up-to-date: /home/frankie/ros2_ws/install/aws_robomaker_small_house_world/share/aws_robomaker_small_house_world/models/aws_robomaker_residential_Board_01/materials/textures/aws_Board_01.png\n'}
[0.217196] (aws_robomaker_small_house_world) StdoutLine: {'line': b'-- Up-to-date: /home/frankie/ros2_ws/install/aws_robomaker_small_house_world/share/aws_robomaker_small_house_world/models/aws_robomaker_residential_Board_01/meshes\n'}
[0.217265] (aws_robomaker_small_house_world) StdoutLine: {'line': b'-- Up-to-date: /home/frankie/ros2_ws/install/aws_robomaker_small_house_world/share/aws_robomaker_small_house_world/models/aws_robomaker_residential_Board_01/meshes/aws_Board_01_visual.DAE\n'}
[0.217352] (aws_robomaker_small_house_world) StdoutLine: {'line': b'-- Up-to-date: /home/frankie/ros2_ws/install/aws_robomaker_small_house_world/share/aws_robomaker_small_house_world/models/aws_robomaker_residential_Board_01/meshes/aws_Board_01_collision.DAE\n'}
[0.217403] (aws_robomaker_small_house_world) StdoutLine: {'line': b'-- Up-to-date: /home/frankie/ros2_ws/install/aws_robomaker_small_house_world/share/aws_robomaker_small_house_world/models/aws_robomaker_residential_Board_01/model.config\n'}
[0.217489] (aws_robomaker_small_house_world) StdoutLine: {'line': b'-- Up-to-date: /home/frankie/ros2_ws/install/aws_robomaker_small_house_world/share/aws_robomaker_small_house_world/models/aws_robomaker_residential_Board_01/model.sdf\n'}
[0.217536] (aws_robomaker_small_house_world) StdoutLine: {'line': b'-- Up-to-date: /home/frankie/ros2_ws/install/aws_robomaker_small_house_world/share/aws_robomaker_small_house_world/models/aws_robomaker_residential_FoldingDoor_01\n'}
[0.217579] (aws_robomaker_small_house_world) StdoutLine: {'line': b'-- Up-to-date: /home/frankie/ros2_ws/install/aws_robomaker_small_house_world/share/aws_robomaker_small_house_world/models/aws_robomaker_residential_FoldingDoor_01/materials\n'}
[0.217646] (aws_robomaker_small_house_world) StdoutLine: {'line': b'-- Up-to-date: /home/frankie/ros2_ws/install/aws_robomaker_small_house_world/share/aws_robomaker_small_house_world/models/aws_robomaker_residential_FoldingDoor_01/materials/textures\n'}
[0.217748] (aws_robomaker_small_house_world) StdoutLine: {'line': b'-- Up-to-date: /home/frankie/ros2_ws/install/aws_robomaker_small_house_world/share/aws_robomaker_small_house_world/models/aws_robomaker_residential_FoldingDoor_01/materials/textures/aws_FoldingDoor_01.png\n'}
[0.217794] (aws_robomaker_small_house_world) StdoutLine: {'line': b'-- Up-to-date: /home/frankie/ros2_ws/install/aws_robomaker_small_house_world/share/aws_robomaker_small_house_world/models/aws_robomaker_residential_FoldingDoor_01/meshes\n'}
[0.217882] (aws_robomaker_small_house_world) StdoutLine: {'line': b'-- Up-to-date: /home/frankie/ros2_ws/install/aws_robomaker_small_house_world/share/aws_robomaker_small_house_world/models/aws_robomaker_residential_FoldingDoor_01/meshes/aws_FoldingDoor_01_collision.DAE\n'}
[0.217958] (aws_robomaker_small_house_world) StdoutLine: {'line': b'-- Up-to-date: /home/frankie/ros2_ws/install/aws_robomaker_small_house_world/share/aws_robomaker_small_house_world/models/aws_robomaker_residential_FoldingDoor_01/meshes/aws_FoldingDoor_01_visual.DAE\n'}
[0.218006] (aws_robomaker_small_house_world) StdoutLine: {'line': b'-- Up-to-date: /home/frankie/ros2_ws/install/aws_robomaker_small_house_world/share/aws_robomaker_small_house_world/models/aws_robomaker_residential_FoldingDoor_01/model.config\n'}
[0.218082] (aws_robomaker_small_house_world) StdoutLine: {'line': b'-- Up-to-date: /home/frankie/ros2_ws/install/aws_robomaker_small_house_world/share/aws_robomaker_small_house_world/models/aws_robomaker_residential_FoldingDoor_01/model.sdf\n'}
[0.218158] (aws_robomaker_small_house_world) StdoutLine: {'line': b'-- Up-to-date: /home/frankie/ros2_ws/install/aws_robomaker_small_house_world/share/aws_robomaker_small_house_world/models/aws_robomaker_residential_DeskPortraitC_01\n'}
[0.218206] (aws_robomaker_small_house_world) StdoutLine: {'line': b'-- Up-to-date: /home/frankie/ros2_ws/install/aws_robomaker_small_house_world/share/aws_robomaker_small_house_world/models/aws_robomaker_residential_DeskPortraitC_01/materials\n'}
[0.218284] (aws_robomaker_small_house_world) StdoutLine: {'line': b'-- Up-to-date: /home/frankie/ros2_ws/install/aws_robomaker_small_house_world/share/aws_robomaker_small_house_world/models/aws_robomaker_residential_DeskPortraitC_01/materials/textures\n'}
[0.218363] (aws_robomaker_small_house_world) StdoutLine: {'line': b'-- Up-to-date: /home/frankie/ros2_ws/install/aws_robomaker_small_house_world/share/aws_robomaker_small_house_world/models/aws_robomaker_residential_DeskPortraitC_01/materials/textures/aws_DeskPortraitC_02.png\n'}
[0.218441] (aws_robomaker_small_house_world) StdoutLine: {'line': b'-- Up-to-date: /home/frankie/ros2_ws/install/aws_robomaker_small_house_world/share/aws_robomaker_small_house_world/models/aws_robomaker_residential_DeskPortraitC_01/materials/textures/aws_DeskPortraitC_01.png\n'}
[0.218487] (aws_robomaker_small_house_world) StdoutLine: {'line': b'-- Up-to-date: /home/frankie/ros2_ws/install/aws_robomaker_small_house_world/share/aws_robomaker_small_house_world/models/aws_robomaker_residential_DeskPortraitC_01/meshes\n'}
[0.218559] (aws_robomaker_small_house_world) StdoutLine: {'line': b'-- Up-to-date: /home/frankie/ros2_ws/install/aws_robomaker_small_house_world/share/aws_robomaker_small_house_world/models/aws_robomaker_residential_DeskPortraitC_01/meshes/aws_DeskPortraitC_01_collision.DAE\n'}
[0.218645] (aws_robomaker_small_house_world) StdoutLine: {'line': b'-- Up-to-date: /home/frankie/ros2_ws/install/aws_robomaker_small_house_world/share/aws_robomaker_small_house_world/models/aws_robomaker_residential_DeskPortraitC_01/meshes/aws_DeskPortraitC_01_visual.DAE\n'}
[0.218694] (aws_robomaker_small_house_world) StdoutLine: {'line': b'-- Up-to-date: /home/frankie/ros2_ws/install/aws_robomaker_small_house_world/share/aws_robomaker_small_house_world/models/aws_robomaker_residential_DeskPortraitC_01/model.config\n'}
[0.218741] (aws_robomaker_small_house_world) StdoutLine: {'line': b'-- Up-to-date: /home/frankie/ros2_ws/install/aws_robomaker_small_house_world/share/aws_robomaker_small_house_world/models/aws_robomaker_residential_DeskPortraitC_01/model.sdf\n'}
[0.218787] (aws_robomaker_small_house_world) StdoutLine: {'line': b'-- Up-to-date: /home/frankie/ros2_ws/install/aws_robomaker_small_house_world/share/aws_robomaker_small_house_world/models/aws_robomaker_residential_TV_01\n'}
[0.218869] (aws_robomaker_small_house_world) StdoutLine: {'line': b'-- Up-to-date: /home/frankie/ros2_ws/install/aws_robomaker_small_house_world/share/aws_robomaker_small_house_world/models/aws_robomaker_residential_TV_01/materials\n'}
[0.218914] (aws_robomaker_small_house_world) StdoutLine: {'line': b'-- Up-to-date: /home/frankie/ros2_ws/install/aws_robomaker_small_house_world/share/aws_robomaker_small_house_world/models/aws_robomaker_residential_TV_01/materials/textures\n'}
[0.218997] (aws_robomaker_small_house_world) StdoutLine: {'line': b'-- Up-to-date: /home/frankie/ros2_ws/install/aws_robomaker_small_house_world/share/aws_robomaker_small_house_world/models/aws_robomaker_residential_TV_01/materials/textures/aws_TV_01.png\n'}
[0.219045] (aws_robomaker_small_house_world) StdoutLine: {'line': b'-- Up-to-date: /home/frankie/ros2_ws/install/aws_robomaker_small_house_world/share/aws_robomaker_small_house_world/models/aws_robomaker_residential_TV_01/meshes\n'}
[0.219118] (aws_robomaker_small_house_world) StdoutLine: {'line': b'-- Up-to-date: /home/frankie/ros2_ws/install/aws_robomaker_small_house_world/share/aws_robomaker_small_house_world/models/aws_robomaker_residential_TV_01/meshes/aws_TV_01_collision.DAE\n'}
[0.219207] (aws_robomaker_small_house_world) StdoutLine: {'line': b'-- Up-to-date: /home/frankie/ros2_ws/install/aws_robomaker_small_house_world/share/aws_robomaker_small_house_world/models/aws_robomaker_residential_TV_01/meshes/aws_TV_01_visual.DAE\n'}
[0.219252] (aws_robomaker_small_house_world) StdoutLine: {'line': b'-- Up-to-date: /home/frankie/ros2_ws/install/aws_robomaker_small_house_world/share/aws_robomaker_small_house_world/models/aws_robomaker_residential_TV_01/model.config\n'}
[0.219307] (aws_robomaker_small_house_world) StdoutLine: {'line': b'-- Up-to-date: /home/frankie/ros2_ws/install/aws_robomaker_small_house_world/share/aws_robomaker_small_house_world/models/aws_robomaker_residential_TV_01/model.sdf\n'}
[0.219355] (aws_robomaker_small_house_world) StdoutLine: {'line': b'-- Up-to-date: /home/frankie/ros2_ws/install/aws_robomaker_small_house_world/share/aws_robomaker_small_house_world/models/aws_robomaker_residential_Quilt_01\n'}
[0.219427] (aws_robomaker_small_house_world) StdoutLine: {'line': b'-- Up-to-date: /home/frankie/ros2_ws/install/aws_robomaker_small_house_world/share/aws_robomaker_small_house_world/models/aws_robomaker_residential_Quilt_01/materials\n'}
[0.219502] (aws_robomaker_small_house_world) StdoutLine: {'line': b'-- Up-to-date: /home/frankie/ros2_ws/install/aws_robomaker_small_house_world/share/aws_robomaker_small_house_world/models/aws_robomaker_residential_Quilt_01/materials/textures\n'}
[0.219578] (aws_robomaker_small_house_world) StdoutLine: {'line': b'-- Up-to-date: /home/frankie/ros2_ws/install/aws_robomaker_small_house_world/share/aws_robomaker_small_house_world/models/aws_robomaker_residential_Quilt_01/materials/textures/aws_Quilt_01.png\n'}
[0.219660] (aws_robomaker_small_house_world) StdoutLine: {'line': b'-- Up-to-date: /home/frankie/ros2_ws/install/aws_robomaker_small_house_world/share/aws_robomaker_small_house_world/models/aws_robomaker_residential_Quilt_01/meshes\n'}
[0.219722] (aws_robomaker_small_house_world) StdoutLine: {'line': b'-- Up-to-date: /home/frankie/ros2_ws/install/aws_robomaker_small_house_world/share/aws_robomaker_small_house_world/models/aws_robomaker_residential_Quilt_01/meshes/aws_Quilt_01_collision.DAE\n'}
[0.219770] (aws_robomaker_small_house_world) StdoutLine: {'line': b'-- Up-to-date: /home/frankie/ros2_ws/install/aws_robomaker_small_house_world/share/aws_robomaker_small_house_world/models/aws_robomaker_residential_Quilt_01/meshes/aws_Quilt_01_visual.DAE\n'}
[0.219859] (aws_robomaker_small_house_world) StdoutLine: {'line': b'-- Up-to-date: /home/frankie/ros2_ws/install/aws_robomaker_small_house_world/share/aws_robomaker_small_house_world/models/aws_robomaker_residential_Quilt_01/model.config\n'}
[0.219904] (aws_robomaker_small_house_world) StdoutLine: {'line': b'-- Up-to-date: /home/frankie/ros2_ws/install/aws_robomaker_small_house_world/share/aws_robomaker_small_house_world/models/aws_robomaker_residential_Quilt_01/model.sdf\n'}
[0.219948] (aws_robomaker_small_house_world) StdoutLine: {'line': b'-- Up-to-date: /home/frankie/ros2_ws/install/aws_robomaker_small_house_world/share/aws_robomaker_small_house_world/models/aws_robomaker_residential_CoffeeTable_01\n'}
[0.219993] (aws_robomaker_small_house_world) StdoutLine: {'line': b'-- Up-to-date: /home/frankie/ros2_ws/install/aws_robomaker_small_house_world/share/aws_robomaker_small_house_world/models/aws_robomaker_residential_CoffeeTable_01/materials\n'}
[0.220066] (aws_robomaker_small_house_world) StdoutLine: {'line': b'-- Up-to-date: /home/frankie/ros2_ws/install/aws_robomaker_small_house_world/share/aws_robomaker_small_house_world/models/aws_robomaker_residential_CoffeeTable_01/materials/textures\n'}
[0.220140] (aws_robomaker_small_house_world) StdoutLine: {'line': b'-- Up-to-date: /home/frankie/ros2_ws/install/aws_robomaker_small_house_world/share/aws_robomaker_small_house_world/models/aws_robomaker_residential_CoffeeTable_01/materials/textures/aws_CoffeeTable_01.png\n'}
[0.220184] (aws_robomaker_small_house_world) StdoutLine: {'line': b'-- Up-to-date: /home/frankie/ros2_ws/install/aws_robomaker_small_house_world/share/aws_robomaker_small_house_world/models/aws_robomaker_residential_CoffeeTable_01/meshes\n'}
[0.220266] (aws_robomaker_small_house_world) StdoutLine: {'line': b'-- Up-to-date: /home/frankie/ros2_ws/install/aws_robomaker_small_house_world/share/aws_robomaker_small_house_world/models/aws_robomaker_residential_CoffeeTable_01/meshes/aws_CoffeeTable_01_visual.DAE\n'}
[0.220324] (aws_robomaker_small_house_world) StdoutLine: {'line': b'-- Up-to-date: /home/frankie/ros2_ws/install/aws_robomaker_small_house_world/share/aws_robomaker_small_house_world/models/aws_robomaker_residential_CoffeeTable_01/meshes/aws_CoffeeTable_01_collision.DAE\n'}
[0.220396] (aws_robomaker_small_house_world) StdoutLine: {'line': b'-- Up-to-date: /home/frankie/ros2_ws/install/aws_robomaker_small_house_world/share/aws_robomaker_small_house_world/models/aws_robomaker_residential_CoffeeTable_01/model.config\n'}
[0.220485] (aws_robomaker_small_house_world) StdoutLine: {'line': b'-- Up-to-date: /home/frankie/ros2_ws/install/aws_robomaker_small_house_world/share/aws_robomaker_small_house_world/models/aws_robomaker_residential_CoffeeTable_01/model.sdf\n'}
[0.220530] (aws_robomaker_small_house_world) StdoutLine: {'line': b'-- Up-to-date: /home/frankie/ros2_ws/install/aws_robomaker_small_house_world/share/aws_robomaker_small_house_world/models/aws_robomaker_residential_RoomWall_01\n'}
[0.220574] (aws_robomaker_small_house_world) StdoutLine: {'line': b'-- Up-to-date: /home/frankie/ros2_ws/install/aws_robomaker_small_house_world/share/aws_robomaker_small_house_world/models/aws_robomaker_residential_RoomWall_01/materials\n'}
[0.220642] (aws_robomaker_small_house_world) StdoutLine: {'line': b'-- Up-to-date: /home/frankie/ros2_ws/install/aws_robomaker_small_house_world/share/aws_robomaker_small_house_world/models/aws_robomaker_residential_RoomWall_01/materials/textures\n'}
[0.220713] (aws_robomaker_small_house_world) StdoutLine: {'line': b'-- Up-to-date: /home/frankie/ros2_ws/install/aws_robomaker_small_house_world/share/aws_robomaker_small_house_world/models/aws_robomaker_residential_RoomWall_01/materials/textures/aws_RoomWall_01.png\n'}
[0.220787] (aws_robomaker_small_house_world) StdoutLine: {'line': b'-- Up-to-date: /home/frankie/ros2_ws/install/aws_robomaker_small_house_world/share/aws_robomaker_small_house_world/models/aws_robomaker_residential_RoomWall_01/meshes\n'}
[0.220857] (aws_robomaker_small_house_world) StdoutLine: {'line': b'-- Up-to-date: /home/frankie/ros2_ws/install/aws_robomaker_small_house_world/share/aws_robomaker_small_house_world/models/aws_robomaker_residential_RoomWall_01/meshes/aws_RoomWall_01_visual.DAE\n'}
[0.220926] (aws_robomaker_small_house_world) StdoutLine: {'line': b'-- Up-to-date: /home/frankie/ros2_ws/install/aws_robomaker_small_house_world/share/aws_robomaker_small_house_world/models/aws_robomaker_residential_RoomWall_01/meshes/aws_RoomWall_01_collision.DAE\n'}
[0.221015] (aws_robomaker_small_house_world) StdoutLine: {'line': b'-- Up-to-date: /home/frankie/ros2_ws/install/aws_robomaker_small_house_world/share/aws_robomaker_small_house_world/models/aws_robomaker_residential_RoomWall_01/model.config\n'}
[0.221065] (aws_robomaker_small_house_world) StdoutLine: {'line': b'-- Up-to-date: /home/frankie/ros2_ws/install/aws_robomaker_small_house_world/share/aws_robomaker_small_house_world/models/aws_robomaker_residential_RoomWall_01/model.sdf\n'}
[0.221115] (aws_robomaker_small_house_world) StdoutLine: {'line': b'-- Up-to-date: /home/frankie/ros2_ws/install/aws_robomaker_small_house_world/share/aws_robomaker_small_house_world/models/aws_robomaker_residential_DeskPortraitD_04\n'}
[0.221186] (aws_robomaker_small_house_world) StdoutLine: {'line': b'-- Up-to-date: /home/frankie/ros2_ws/install/aws_robomaker_small_house_world/share/aws_robomaker_small_house_world/models/aws_robomaker_residential_DeskPortraitD_04/materials\n'}
[0.221256] (aws_robomaker_small_house_world) StdoutLine: {'line': b'-- Up-to-date: /home/frankie/ros2_ws/install/aws_robomaker_small_house_world/share/aws_robomaker_small_house_world/models/aws_robomaker_residential_DeskPortraitD_04/materials/textures\n'}
[0.221336] (aws_robomaker_small_house_world) StdoutLine: {'line': b'-- Up-to-date: /home/frankie/ros2_ws/install/aws_robomaker_small_house_world/share/aws_robomaker_small_house_world/models/aws_robomaker_residential_DeskPortraitD_04/materials/textures/aws_DeskPortraitD_02.png\n'}
[0.221422] (aws_robomaker_small_house_world) StdoutLine: {'line': b'-- Up-to-date: /home/frankie/ros2_ws/install/aws_robomaker_small_house_world/share/aws_robomaker_small_house_world/models/aws_robomaker_residential_DeskPortraitD_04/materials/textures/aws_DeskPortraitD_01.png\n'}
[0.221470] (aws_robomaker_small_house_world) StdoutLine: {'line': b'-- Up-to-date: /home/frankie/ros2_ws/install/aws_robomaker_small_house_world/share/aws_robomaker_small_house_world/models/aws_robomaker_residential_DeskPortraitD_04/meshes\n'}
[0.221570] (aws_robomaker_small_house_world) StdoutLine: {'line': b'-- Up-to-date: /home/frankie/ros2_ws/install/aws_robomaker_small_house_world/share/aws_robomaker_small_house_world/models/aws_robomaker_residential_DeskPortraitD_04/meshes/aws_DeskPortraitD_01_collision.DAE\n'}
[0.221645] (aws_robomaker_small_house_world) StdoutLine: {'line': b'-- Up-to-date: /home/frankie/ros2_ws/install/aws_robomaker_small_house_world/share/aws_robomaker_small_house_world/models/aws_robomaker_residential_DeskPortraitD_04/meshes/aws_DeskPortraitD_01_visual.DAE\n'}
[0.221726] (aws_robomaker_small_house_world) StdoutLine: {'line': b'-- Up-to-date: /home/frankie/ros2_ws/install/aws_robomaker_small_house_world/share/aws_robomaker_small_house_world/models/aws_robomaker_residential_DeskPortraitD_04/model.config\n'}
[0.221772] (aws_robomaker_small_house_world) StdoutLine: {'line': b'-- Up-to-date: /home/frankie/ros2_ws/install/aws_robomaker_small_house_world/share/aws_robomaker_small_house_world/models/aws_robomaker_residential_DeskPortraitD_04/model.sdf\n'}
[0.221817] (aws_robomaker_small_house_world) StdoutLine: {'line': b'-- Up-to-date: /home/frankie/ros2_ws/install/aws_robomaker_small_house_world/share/aws_robomaker_small_house_world/models/aws_robomaker_residential_SecurityCamera_01\n'}
[0.221889] (aws_robomaker_small_house_world) StdoutLine: {'line': b'-- Up-to-date: /home/frankie/ros2_ws/install/aws_robomaker_small_house_world/share/aws_robomaker_small_house_world/models/aws_robomaker_residential_SecurityCamera_01/materials\n'}
[0.221959] (aws_robomaker_small_house_world) StdoutLine: {'line': b'-- Up-to-date: /home/frankie/ros2_ws/install/aws_robomaker_small_house_world/share/aws_robomaker_small_house_world/models/aws_robomaker_residential_SecurityCamera_01/materials/textures\n'}
[0.222084] (aws_robomaker_small_house_world) StdoutLine: {'line': b'-- Up-to-date: /home/frankie/ros2_ws/install/aws_robomaker_small_house_world/share/aws_robomaker_small_house_world/models/aws_robomaker_residential_SecurityCamera_01/materials/textures/aws_SecurityCamera_01.png\n'}
[0.222132] (aws_robomaker_small_house_world) StdoutLine: {'line': b'-- Up-to-date: /home/frankie/ros2_ws/install/aws_robomaker_small_house_world/share/aws_robomaker_small_house_world/models/aws_robomaker_residential_SecurityCamera_01/meshes\n'}
[0.222225] (aws_robomaker_small_house_world) StdoutLine: {'line': b'-- Up-to-date: /home/frankie/ros2_ws/install/aws_robomaker_small_house_world/share/aws_robomaker_small_house_world/models/aws_robomaker_residential_SecurityCamera_01/meshes/aws_SecurityCamera_01_visual.DAE\n'}
[0.222308] (aws_robomaker_small_house_world) StdoutLine: {'line': b'-- Up-to-date: /home/frankie/ros2_ws/install/aws_robomaker_small_house_world/share/aws_robomaker_small_house_world/models/aws_robomaker_residential_SecurityCamera_01/meshes/aws_SecurityCamera_01_collision.DAE\n'}
[0.222398] (aws_robomaker_small_house_world) StdoutLine: {'line': b'-- Up-to-date: /home/frankie/ros2_ws/install/aws_robomaker_small_house_world/share/aws_robomaker_small_house_world/models/aws_robomaker_residential_SecurityCamera_01/model.config\n'}
[0.222448] (aws_robomaker_small_house_world) StdoutLine: {'line': b'-- Up-to-date: /home/frankie/ros2_ws/install/aws_robomaker_small_house_world/share/aws_robomaker_small_house_world/models/aws_robomaker_residential_SecurityCamera_01/model.sdf\n'}
[0.222497] (aws_robomaker_small_house_world) StdoutLine: {'line': b'-- Up-to-date: /home/frankie/ros2_ws/install/aws_robomaker_small_house_world/share/aws_robomaker_small_house_world/models/aws_robomaker_residential_AirconditionerA_01\n'}
[0.222571] (aws_robomaker_small_house_world) StdoutLine: {'line': b'-- Up-to-date: /home/frankie/ros2_ws/install/aws_robomaker_small_house_world/share/aws_robomaker_small_house_world/models/aws_robomaker_residential_AirconditionerA_01/materials\n'}
[0.222644] (aws_robomaker_small_house_world) StdoutLine: {'line': b'-- Up-to-date: /home/frankie/ros2_ws/install/aws_robomaker_small_house_world/share/aws_robomaker_small_house_world/models/aws_robomaker_residential_AirconditionerA_01/materials/textures\n'}
[0.222724] (aws_robomaker_small_house_world) StdoutLine: {'line': b'-- Up-to-date: /home/frankie/ros2_ws/install/aws_robomaker_small_house_world/share/aws_robomaker_small_house_world/models/aws_robomaker_residential_AirconditionerA_01/materials/textures/aws_AirconditionerA_01.png\n'}
[0.222772] (aws_robomaker_small_house_world) StdoutLine: {'line': b'-- Up-to-date: /home/frankie/ros2_ws/install/aws_robomaker_small_house_world/share/aws_robomaker_small_house_world/models/aws_robomaker_residential_AirconditionerA_01/meshes\n'}
[0.222859] (aws_robomaker_small_house_world) StdoutLine: {'line': b'-- Up-to-date: /home/frankie/ros2_ws/install/aws_robomaker_small_house_world/share/aws_robomaker_small_house_world/models/aws_robomaker_residential_AirconditionerA_01/meshes/aws_AirconditionerA_01_visual.DAE\n'}
[0.222933] (aws_robomaker_small_house_world) StdoutLine: {'line': b'-- Up-to-date: /home/frankie/ros2_ws/install/aws_robomaker_small_house_world/share/aws_robomaker_small_house_world/models/aws_robomaker_residential_AirconditionerA_01/meshes/aws__Air conditioner_01.DAE\n'}
[0.223020] (aws_robomaker_small_house_world) StdoutLine: {'line': b'-- Up-to-date: /home/frankie/ros2_ws/install/aws_robomaker_small_house_world/share/aws_robomaker_small_house_world/models/aws_robomaker_residential_AirconditionerA_01/meshes/aws_AirconditionerA_01_collision.DAE\n'}
[0.223067] (aws_robomaker_small_house_world) StdoutLine: {'line': b'-- Up-to-date: /home/frankie/ros2_ws/install/aws_robomaker_small_house_world/share/aws_robomaker_small_house_world/models/aws_robomaker_residential_AirconditionerA_01/model.config\n'}
[0.223115] (aws_robomaker_small_house_world) StdoutLine: {'line': b'-- Up-to-date: /home/frankie/ros2_ws/install/aws_robomaker_small_house_world/share/aws_robomaker_small_house_world/models/aws_robomaker_residential_AirconditionerA_01/model.sdf\n'}
[0.223163] (aws_robomaker_small_house_world) StdoutLine: {'line': b'-- Up-to-date: /home/frankie/ros2_ws/install/aws_robomaker_small_house_world/share/aws_robomaker_small_house_world/models/box_bot\n'}
[0.223238] (aws_robomaker_small_house_world) StdoutLine: {'line': b'-- Up-to-date: /home/frankie/ros2_ws/install/aws_robomaker_small_house_world/share/aws_robomaker_small_house_world/models/box_bot/urdf\n'}
[0.223318] (aws_robomaker_small_house_world) StdoutLine: {'line': b'-- Up-to-date: /home/frankie/ros2_ws/install/aws_robomaker_small_house_world/share/aws_robomaker_small_house_world/models/box_bot/urdf/box_bot_description.urdf\n'}
[0.223382] (aws_robomaker_small_house_world) StdoutLine: {'line': b'-- Up-to-date: /home/frankie/ros2_ws/install/aws_robomaker_small_house_world/share/aws_robomaker_small_house_world/models/aws_robomaker_residential_Refrigerator_01\n'}
[0.223458] (aws_robomaker_small_house_world) StdoutLine: {'line': b'-- Up-to-date: /home/frankie/ros2_ws/install/aws_robomaker_small_house_world/share/aws_robomaker_small_house_world/models/aws_robomaker_residential_Refrigerator_01/materials\n'}
[0.223520] (aws_robomaker_small_house_world) StdoutLine: {'line': b'-- Up-to-date: /home/frankie/ros2_ws/install/aws_robomaker_small_house_world/share/aws_robomaker_small_house_world/models/aws_robomaker_residential_Refrigerator_01/materials/textures\n'}
[0.223640] (aws_robomaker_small_house_world) StdoutLine: {'line': b'-- Up-to-date: /home/frankie/ros2_ws/install/aws_robomaker_small_house_world/share/aws_robomaker_small_house_world/models/aws_robomaker_residential_Refrigerator_01/materials/textures/aws_Refrigerator_02.png\n'}
[0.223711] (aws_robomaker_small_house_world) StdoutLine: {'line': b'-- Up-to-date: /home/frankie/ros2_ws/install/aws_robomaker_small_house_world/share/aws_robomaker_small_house_world/models/aws_robomaker_residential_Refrigerator_01/materials/textures/aws_Refrigerator_01.png\n'}
[0.223784] (aws_robomaker_small_house_world) StdoutLine: {'line': b'-- Up-to-date: /home/frankie/ros2_ws/install/aws_robomaker_small_house_world/share/aws_robomaker_small_house_world/models/aws_robomaker_residential_Refrigerator_01/meshes\n'}
[0.223846] (aws_robomaker_small_house_world) StdoutLine: {'line': b'-- Up-to-date: /home/frankie/ros2_ws/install/aws_robomaker_small_house_world/share/aws_robomaker_small_house_world/models/aws_robomaker_residential_Refrigerator_01/meshes/aws_Refrigerator_01_visual.DAE\n'}
[0.223919] (aws_robomaker_small_house_world) StdoutLine: {'line': b'-- Up-to-date: /home/frankie/ros2_ws/install/aws_robomaker_small_house_world/share/aws_robomaker_small_house_world/models/aws_robomaker_residential_Refrigerator_01/meshes/aws_Refrigerator_01.DAE\n'}
[0.224003] (aws_robomaker_small_house_world) StdoutLine: {'line': b'-- Up-to-date: /home/frankie/ros2_ws/install/aws_robomaker_small_house_world/share/aws_robomaker_small_house_world/models/aws_robomaker_residential_Refrigerator_01/meshes/aws_Refrigerator_01_collision.DAE\n'}
[0.224051] (aws_robomaker_small_house_world) StdoutLine: {'line': b'-- Up-to-date: /home/frankie/ros2_ws/install/aws_robomaker_small_house_world/share/aws_robomaker_small_house_world/models/aws_robomaker_residential_Refrigerator_01/model.config\n'}
[0.224097] (aws_robomaker_small_house_world) StdoutLine: {'line': b'-- Up-to-date: /home/frankie/ros2_ws/install/aws_robomaker_small_house_world/share/aws_robomaker_small_house_world/models/aws_robomaker_residential_Refrigerator_01/model.sdf\n'}
[0.224175] (aws_robomaker_small_house_world) StdoutLine: {'line': b'-- Up-to-date: /home/frankie/ros2_ws/install/aws_robomaker_small_house_world/share/aws_robomaker_small_house_world/models/aws_robomaker_residential_AirconditionerB_01\n'}
[0.224218] (aws_robomaker_small_house_world) StdoutLine: {'line': b'-- Up-to-date: /home/frankie/ros2_ws/install/aws_robomaker_small_house_world/share/aws_robomaker_small_house_world/models/aws_robomaker_residential_AirconditionerB_01/materials\n'}
[0.224262] (aws_robomaker_small_house_world) StdoutLine: {'line': b'-- Up-to-date: /home/frankie/ros2_ws/install/aws_robomaker_small_house_world/share/aws_robomaker_small_house_world/models/aws_robomaker_residential_AirconditionerB_01/materials/textures\n'}
[0.224341] (aws_robomaker_small_house_world) StdoutLine: {'line': b'-- Up-to-date: /home/frankie/ros2_ws/install/aws_robomaker_small_house_world/share/aws_robomaker_small_house_world/models/aws_robomaker_residential_AirconditionerB_01/materials/textures/aws_AirconditionerB_01.png\n'}
[0.224416] (aws_robomaker_small_house_world) StdoutLine: {'line': b'-- Up-to-date: /home/frankie/ros2_ws/install/aws_robomaker_small_house_world/share/aws_robomaker_small_house_world/models/aws_robomaker_residential_AirconditionerB_01/meshes\n'}
[0.224490] (aws_robomaker_small_house_world) StdoutLine: {'line': b'-- Up-to-date: /home/frankie/ros2_ws/install/aws_robomaker_small_house_world/share/aws_robomaker_small_house_world/models/aws_robomaker_residential_AirconditionerB_01/meshes/aws_AirconditionerB_01_visual.DAE\n'}
[0.224578] (aws_robomaker_small_house_world) StdoutLine: {'line': b'-- Up-to-date: /home/frankie/ros2_ws/install/aws_robomaker_small_house_world/share/aws_robomaker_small_house_world/models/aws_robomaker_residential_AirconditionerB_01/meshes/aws_AirconditionerB_01_collision.DAE\n'}
[0.224625] (aws_robomaker_small_house_world) StdoutLine: {'line': b'-- Up-to-date: /home/frankie/ros2_ws/install/aws_robomaker_small_house_world/share/aws_robomaker_small_house_world/models/aws_robomaker_residential_AirconditionerB_01/model.config\n'}
[0.224672] (aws_robomaker_small_house_world) StdoutLine: {'line': b'-- Up-to-date: /home/frankie/ros2_ws/install/aws_robomaker_small_house_world/share/aws_robomaker_small_house_world/models/aws_robomaker_residential_AirconditionerB_01/model.sdf\n'}
[0.224717] (aws_robomaker_small_house_world) StdoutLine: {'line': b'-- Up-to-date: /home/frankie/ros2_ws/install/aws_robomaker_small_house_world/share/aws_robomaker_small_house_world/models/aws_robomaker_residential_ChairD_01\n'}
[0.224798] (aws_robomaker_small_house_world) StdoutLine: {'line': b'-- Up-to-date: /home/frankie/ros2_ws/install/aws_robomaker_small_house_world/share/aws_robomaker_small_house_world/models/aws_robomaker_residential_ChairD_01/materials\n'}
[0.224846] (aws_robomaker_small_house_world) StdoutLine: {'line': b'-- Up-to-date: /home/frankie/ros2_ws/install/aws_robomaker_small_house_world/share/aws_robomaker_small_house_world/models/aws_robomaker_residential_ChairD_01/materials/textures\n'}
[0.224925] (aws_robomaker_small_house_world) StdoutLine: {'line': b'-- Up-to-date: /home/frankie/ros2_ws/install/aws_robomaker_small_house_world/share/aws_robomaker_small_house_world/models/aws_robomaker_residential_ChairD_01/materials/textures/aws_ChairD_01.png\n'}
[0.224971] (aws_robomaker_small_house_world) StdoutLine: {'line': b'-- Up-to-date: /home/frankie/ros2_ws/install/aws_robomaker_small_house_world/share/aws_robomaker_small_house_world/models/aws_robomaker_residential_ChairD_01/meshes\n'}
[0.225063] (aws_robomaker_small_house_world) StdoutLine: {'line': b'-- Up-to-date: /home/frankie/ros2_ws/install/aws_robomaker_small_house_world/share/aws_robomaker_small_house_world/models/aws_robomaker_residential_ChairD_01/meshes/aws_ChairD_01_visual.DAE\n'}
[0.225112] (aws_robomaker_small_house_world) StdoutLine: {'line': b'-- Up-to-date: /home/frankie/ros2_ws/install/aws_robomaker_small_house_world/share/aws_robomaker_small_house_world/models/aws_robomaker_residential_ChairD_01/meshes/aws_ChairD_01_collision.DAE\n'}
[0.225182] (aws_robomaker_small_house_world) StdoutLine: {'line': b'-- Up-to-date: /home/frankie/ros2_ws/install/aws_robomaker_small_house_world/share/aws_robomaker_small_house_world/models/aws_robomaker_residential_ChairD_01/model.config\n'}
[0.225270] (aws_robomaker_small_house_world) StdoutLine: {'line': b'-- Up-to-date: /home/frankie/ros2_ws/install/aws_robomaker_small_house_world/share/aws_robomaker_small_house_world/models/aws_robomaker_residential_ChairD_01/model.sdf\n'}
[0.225324] (aws_robomaker_small_house_world) StdoutLine: {'line': b'-- Up-to-date: /home/frankie/ros2_ws/install/aws_robomaker_small_house_world/share/aws_robomaker_small_house_world/models/aws_robomaker_residential_PortraitD_02\n'}
[0.225369] (aws_robomaker_small_house_world) StdoutLine: {'line': b'-- Up-to-date: /home/frankie/ros2_ws/install/aws_robomaker_small_house_world/share/aws_robomaker_small_house_world/models/aws_robomaker_residential_PortraitD_02/materials\n'}
[0.225441] (aws_robomaker_small_house_world) StdoutLine: {'line': b'-- Up-to-date: /home/frankie/ros2_ws/install/aws_robomaker_small_house_world/share/aws_robomaker_small_house_world/models/aws_robomaker_residential_PortraitD_02/materials/textures\n'}
[0.225532] (aws_robomaker_small_house_world) StdoutLine: {'line': b'-- Up-to-date: /home/frankie/ros2_ws/install/aws_robomaker_small_house_world/share/aws_robomaker_small_house_world/models/aws_robomaker_residential_PortraitD_02/materials/textures/aws_PortraitD_01.png\n'}
[0.225607] (aws_robomaker_small_house_world) StdoutLine: {'line': b'-- Up-to-date: /home/frankie/ros2_ws/install/aws_robomaker_small_house_world/share/aws_robomaker_small_house_world/models/aws_robomaker_residential_PortraitD_02/materials/textures/aws_PortraitD_02.png\n'}
[0.225677] (aws_robomaker_small_house_world) StdoutLine: {'line': b'-- Up-to-date: /home/frankie/ros2_ws/install/aws_robomaker_small_house_world/share/aws_robomaker_small_house_world/models/aws_robomaker_residential_PortraitD_02/meshes\n'}
[0.225777] (aws_robomaker_small_house_world) StdoutLine: {'line': b'-- Up-to-date: /home/frankie/ros2_ws/install/aws_robomaker_small_house_world/share/aws_robomaker_small_house_world/models/aws_robomaker_residential_PortraitD_02/meshes/aws_PortraitD_01_visual.DAE\n'}
[0.225823] (aws_robomaker_small_house_world) StdoutLine: {'line': b'-- Up-to-date: /home/frankie/ros2_ws/install/aws_robomaker_small_house_world/share/aws_robomaker_small_house_world/models/aws_robomaker_residential_PortraitD_02/meshes/aws_PortraitD_01_collision.DAE\n'}
[0.225868] (aws_robomaker_small_house_world) StdoutLine: {'line': b'-- Up-to-date: /home/frankie/ros2_ws/install/aws_robomaker_small_house_world/share/aws_robomaker_small_house_world/models/aws_robomaker_residential_PortraitD_02/model.config\n'}
[0.225914] (aws_robomaker_small_house_world) StdoutLine: {'line': b'-- Up-to-date: /home/frankie/ros2_ws/install/aws_robomaker_small_house_world/share/aws_robomaker_small_house_world/models/aws_robomaker_residential_PortraitD_02/model.sdf\n'}
[0.225961] (aws_robomaker_small_house_world) StdoutLine: {'line': b'-- Up-to-date: /home/frankie/ros2_ws/install/aws_robomaker_small_house_world/share/aws_robomaker_small_house_world/models/aws_robomaker_residential_DeskPortraitB_01\n'}
[0.226044] (aws_robomaker_small_house_world) StdoutLine: {'line': b'-- Up-to-date: /home/frankie/ros2_ws/install/aws_robomaker_small_house_world/share/aws_robomaker_small_house_world/models/aws_robomaker_residential_DeskPortraitB_01/materials\n'}
[0.226089] (aws_robomaker_small_house_world) StdoutLine: {'line': b'-- Up-to-date: /home/frankie/ros2_ws/install/aws_robomaker_small_house_world/share/aws_robomaker_small_house_world/models/aws_robomaker_residential_DeskPortraitB_01/materials/textures\n'}
[0.226177] (aws_robomaker_small_house_world) StdoutLine: {'line': b'-- Up-to-date: /home/frankie/ros2_ws/install/aws_robomaker_small_house_world/share/aws_robomaker_small_house_world/models/aws_robomaker_residential_DeskPortraitB_01/materials/textures/aws_DeskPortraitB_01.png\n'}
[0.226272] (aws_robomaker_small_house_world) StdoutLine: {'line': b'-- Up-to-date: /home/frankie/ros2_ws/install/aws_robomaker_small_house_world/share/aws_robomaker_small_house_world/models/aws_robomaker_residential_DeskPortraitB_01/materials/textures/aws_DeskPortraitB_02.png\n'}
[0.226334] (aws_robomaker_small_house_world) StdoutLine: {'line': b'-- Up-to-date: /home/frankie/ros2_ws/install/aws_robomaker_small_house_world/share/aws_robomaker_small_house_world/models/aws_robomaker_residential_DeskPortraitB_01/meshes\n'}
[0.226430] (aws_robomaker_small_house_world) StdoutLine: {'line': b'-- Up-to-date: /home/frankie/ros2_ws/install/aws_robomaker_small_house_world/share/aws_robomaker_small_house_world/models/aws_robomaker_residential_DeskPortraitB_01/meshes/aws_DeskPortraitB_01_visual.DAE\n'}
[0.226526] (aws_robomaker_small_house_world) StdoutLine: {'line': b'-- Up-to-date: /home/frankie/ros2_ws/install/aws_robomaker_small_house_world/share/aws_robomaker_small_house_world/models/aws_robomaker_residential_DeskPortraitB_01/meshes/aws_DeskPortraitB_01_collision.DAE\n'}
[0.226580] (aws_robomaker_small_house_world) StdoutLine: {'line': b'-- Up-to-date: /home/frankie/ros2_ws/install/aws_robomaker_small_house_world/share/aws_robomaker_small_house_world/models/aws_robomaker_residential_DeskPortraitB_01/model.config\n'}
[0.226657] (aws_robomaker_small_house_world) StdoutLine: {'line': b'-- Up-to-date: /home/frankie/ros2_ws/install/aws_robomaker_small_house_world/share/aws_robomaker_small_house_world/models/aws_robomaker_residential_DeskPortraitB_01/model.sdf\n'}
[0.226707] (aws_robomaker_small_house_world) StdoutLine: {'line': b'-- Up-to-date: /home/frankie/ros2_ws/install/aws_robomaker_small_house_world/share/aws_robomaker_small_house_world/models/aws_robomaker_residential_PortraitB_01\n'}
[0.226783] (aws_robomaker_small_house_world) StdoutLine: {'line': b'-- Up-to-date: /home/frankie/ros2_ws/install/aws_robomaker_small_house_world/share/aws_robomaker_small_house_world/models/aws_robomaker_residential_PortraitB_01/materials\n'}
[0.226880] (aws_robomaker_small_house_world) StdoutLine: {'line': b'-- Up-to-date: /home/frankie/ros2_ws/install/aws_robomaker_small_house_world/share/aws_robomaker_small_house_world/models/aws_robomaker_residential_PortraitB_01/materials/textures\n'}
[0.227043] (aws_robomaker_small_house_world) StdoutLine: {'line': b'-- Up-to-date: /home/frankie/ros2_ws/install/aws_robomaker_small_house_world/share/aws_robomaker_small_house_world/models/aws_robomaker_residential_PortraitB_01/materials/textures/aws_PortraitB_02.png\n'}
[0.227151] (aws_robomaker_small_house_world) StdoutLine: {'line': b'-- Up-to-date: /home/frankie/ros2_ws/install/aws_robomaker_small_house_world/share/aws_robomaker_small_house_world/models/aws_robomaker_residential_PortraitB_01/materials/textures/aws_PortraitB_01.png\n'}
[0.227213] (aws_robomaker_small_house_world) StdoutLine: {'line': b'-- Up-to-date: /home/frankie/ros2_ws/install/aws_robomaker_small_house_world/share/aws_robomaker_small_house_world/models/aws_robomaker_residential_PortraitB_01/meshes\n'}
[0.227300] (aws_robomaker_small_house_world) StdoutLine: {'line': b'-- Up-to-date: /home/frankie/ros2_ws/install/aws_robomaker_small_house_world/share/aws_robomaker_small_house_world/models/aws_robomaker_residential_PortraitB_01/meshes/aws_PortraitB_01_collision.DAE\n'}
[0.227564] (aws_robomaker_small_house_world) StdoutLine: {'line': b'-- Up-to-date: /home/frankie/ros2_ws/install/aws_robomaker_small_house_world/share/aws_robomaker_small_house_world/models/aws_robomaker_residential_PortraitB_01/meshes/aws_PortraitB_01_visual.DAE\n'}
[0.227629] (aws_robomaker_small_house_world) StdoutLine: {'line': b'-- Up-to-date: /home/frankie/ros2_ws/install/aws_robomaker_small_house_world/share/aws_robomaker_small_house_world/models/aws_robomaker_residential_PortraitB_01/model.config\n'}
[0.227682] (aws_robomaker_small_house_world) StdoutLine: {'line': b'-- Up-to-date: /home/frankie/ros2_ws/install/aws_robomaker_small_house_world/share/aws_robomaker_small_house_world/models/aws_robomaker_residential_PortraitB_01/model.sdf\n'}
[0.227735] (aws_robomaker_small_house_world) StdoutLine: {'line': b'-- Up-to-date: /home/frankie/ros2_ws/install/aws_robomaker_small_house_world/share/aws_robomaker_small_house_world/models/aws_robomaker_residential_Pillow_01\n'}
[0.227785] (aws_robomaker_small_house_world) StdoutLine: {'line': b'-- Up-to-date: /home/frankie/ros2_ws/install/aws_robomaker_small_house_world/share/aws_robomaker_small_house_world/models/aws_robomaker_residential_Pillow_01/materials\n'}
[0.227891] (aws_robomaker_small_house_world) StdoutLine: {'line': b'-- Up-to-date: /home/frankie/ros2_ws/install/aws_robomaker_small_house_world/share/aws_robomaker_small_house_world/models/aws_robomaker_residential_Pillow_01/materials/textures\n'}
[0.227945] (aws_robomaker_small_house_world) StdoutLine: {'line': b'-- Up-to-date: /home/frankie/ros2_ws/install/aws_robomaker_small_house_world/share/aws_robomaker_small_house_world/models/aws_robomaker_residential_Pillow_01/materials/textures/aws_Pillow_01.png\n'}
[0.227995] (aws_robomaker_small_house_world) StdoutLine: {'line': b'-- Up-to-date: /home/frankie/ros2_ws/install/aws_robomaker_small_house_world/share/aws_robomaker_small_house_world/models/aws_robomaker_residential_Pillow_01/meshes\n'}
[0.228070] (aws_robomaker_small_house_world) StdoutLine: {'line': b'-- Up-to-date: /home/frankie/ros2_ws/install/aws_robomaker_small_house_world/share/aws_robomaker_small_house_world/models/aws_robomaker_residential_Pillow_01/meshes/aws_Pillow_01_collision.DAE\n'}
[0.228156] (aws_robomaker_small_house_world) StdoutLine: {'line': b'-- Up-to-date: /home/frankie/ros2_ws/install/aws_robomaker_small_house_world/share/aws_robomaker_small_house_world/models/aws_robomaker_residential_Pillow_01/meshes/aws_Pillow_01_visual.DAE\n'}
[0.228207] (aws_robomaker_small_house_world) StdoutLine: {'line': b'-- Up-to-date: /home/frankie/ros2_ws/install/aws_robomaker_small_house_world/share/aws_robomaker_small_house_world/models/aws_robomaker_residential_Pillow_01/model.config\n'}
[0.228257] (aws_robomaker_small_house_world) StdoutLine: {'line': b'-- Up-to-date: /home/frankie/ros2_ws/install/aws_robomaker_small_house_world/share/aws_robomaker_small_house_world/models/aws_robomaker_residential_Pillow_01/model.sdf\n'}
[0.228319] (aws_robomaker_small_house_world) StdoutLine: {'line': b'-- Up-to-date: /home/frankie/ros2_ws/install/aws_robomaker_small_house_world/share/aws_robomaker_small_house_world/models/aws_robomaker_residential_PortraitC_01\n'}
[0.228376] (aws_robomaker_small_house_world) StdoutLine: {'line': b'-- Up-to-date: /home/frankie/ros2_ws/install/aws_robomaker_small_house_world/share/aws_robomaker_small_house_world/models/aws_robomaker_residential_PortraitC_01/materials\n'}
[0.228452] (aws_robomaker_small_house_world) StdoutLine: {'line': b'-- Up-to-date: /home/frankie/ros2_ws/install/aws_robomaker_small_house_world/share/aws_robomaker_small_house_world/models/aws_robomaker_residential_PortraitC_01/materials/textures\n'}
[0.228534] (aws_robomaker_small_house_world) StdoutLine: {'line': b'-- Up-to-date: /home/frankie/ros2_ws/install/aws_robomaker_small_house_world/share/aws_robomaker_small_house_world/models/aws_robomaker_residential_PortraitC_01/materials/textures/aws_PortraitC_01.png\n'}
[0.228584] (aws_robomaker_small_house_world) StdoutLine: {'line': b'-- Up-to-date: /home/frankie/ros2_ws/install/aws_robomaker_small_house_world/share/aws_robomaker_small_house_world/models/aws_robomaker_residential_PortraitC_01/materials/textures/aws_PortraitC_02.png\n'}
[0.228633] (aws_robomaker_small_house_world) StdoutLine: {'line': b'-- Up-to-date: /home/frankie/ros2_ws/install/aws_robomaker_small_house_world/share/aws_robomaker_small_house_world/models/aws_robomaker_residential_PortraitC_01/meshes\n'}
[0.228710] (aws_robomaker_small_house_world) StdoutLine: {'line': b'-- Up-to-date: /home/frankie/ros2_ws/install/aws_robomaker_small_house_world/share/aws_robomaker_small_house_world/models/aws_robomaker_residential_PortraitC_01/meshes/aws_PortraitC_01_collision.DAE\n'}
[0.228763] (aws_robomaker_small_house_world) StdoutLine: {'line': b'-- Up-to-date: /home/frankie/ros2_ws/install/aws_robomaker_small_house_world/share/aws_robomaker_small_house_world/models/aws_robomaker_residential_PortraitC_01/meshes/aws_PortraitC_01_visual.DAE\n'}
[0.228858] (aws_robomaker_small_house_world) StdoutLine: {'line': b'-- Up-to-date: /home/frankie/ros2_ws/install/aws_robomaker_small_house_world/share/aws_robomaker_small_house_world/models/aws_robomaker_residential_PortraitC_01/model.config\n'}
[0.228907] (aws_robomaker_small_house_world) StdoutLine: {'line': b'-- Up-to-date: /home/frankie/ros2_ws/install/aws_robomaker_small_house_world/share/aws_robomaker_small_house_world/models/aws_robomaker_residential_PortraitC_01/model.sdf\n'}
[0.228959] (aws_robomaker_small_house_world) StdoutLine: {'line': b'-- Up-to-date: /home/frankie/ros2_ws/install/aws_robomaker_small_house_world/share/aws_robomaker_small_house_world/models/aws_robomaker_residential_ShoeRack_01\n'}
[0.229006] (aws_robomaker_small_house_world) StdoutLine: {'line': b'-- Up-to-date: /home/frankie/ros2_ws/install/aws_robomaker_small_house_world/share/aws_robomaker_small_house_world/models/aws_robomaker_residential_ShoeRack_01/materials\n'}
[0.229057] (aws_robomaker_small_house_world) StdoutLine: {'line': b'-- Up-to-date: /home/frankie/ros2_ws/install/aws_robomaker_small_house_world/share/aws_robomaker_small_house_world/models/aws_robomaker_residential_ShoeRack_01/materials/textures\n'}
[0.229127] (aws_robomaker_small_house_world) StdoutLine: {'line': b'-- Up-to-date: /home/frankie/ros2_ws/install/aws_robomaker_small_house_world/share/aws_robomaker_small_house_world/models/aws_robomaker_residential_ShoeRack_01/materials/textures/aws_ShoeRack_01.png\n'}
[0.229201] (aws_robomaker_small_house_world) StdoutLine: {'line': b'-- Up-to-date: /home/frankie/ros2_ws/install/aws_robomaker_small_house_world/share/aws_robomaker_small_house_world/models/aws_robomaker_residential_ShoeRack_01/meshes\n'}
[0.229258] (aws_robomaker_small_house_world) StdoutLine: {'line': b'-- Up-to-date: /home/frankie/ros2_ws/install/aws_robomaker_small_house_world/share/aws_robomaker_small_house_world/models/aws_robomaker_residential_ShoeRack_01/meshes/aws_ShoeRack_01_visual.DAE\n'}
[0.229367] (aws_robomaker_small_house_world) StdoutLine: {'line': b'-- Up-to-date: /home/frankie/ros2_ws/install/aws_robomaker_small_house_world/share/aws_robomaker_small_house_world/models/aws_robomaker_residential_ShoeRack_01/meshes/aws_ShoeRack_01_collision.DAE\n'}
[0.229416] (aws_robomaker_small_house_world) StdoutLine: {'line': b'-- Up-to-date: /home/frankie/ros2_ws/install/aws_robomaker_small_house_world/share/aws_robomaker_small_house_world/models/aws_robomaker_residential_ShoeRack_01/model.config\n'}
[0.229465] (aws_robomaker_small_house_world) StdoutLine: {'line': b'-- Up-to-date: /home/frankie/ros2_ws/install/aws_robomaker_small_house_world/share/aws_robomaker_small_house_world/models/aws_robomaker_residential_ShoeRack_01/model.sdf\n'}
[0.229537] (aws_robomaker_small_house_world) StdoutLine: {'line': b'-- Up-to-date: /home/frankie/ros2_ws/install/aws_robomaker_small_house_world/share/aws_robomaker_small_house_world/models/aws_robomaker_residential_PortraitE_01\n'}
[0.229603] (aws_robomaker_small_house_world) StdoutLine: {'line': b'-- Up-to-date: /home/frankie/ros2_ws/install/aws_robomaker_small_house_world/share/aws_robomaker_small_house_world/models/aws_robomaker_residential_PortraitE_01/materials\n'}
[0.229652] (aws_robomaker_small_house_world) StdoutLine: {'line': b'-- Up-to-date: /home/frankie/ros2_ws/install/aws_robomaker_small_house_world/share/aws_robomaker_small_house_world/models/aws_robomaker_residential_PortraitE_01/materials/textures\n'}
[0.229701] (aws_robomaker_small_house_world) StdoutLine: {'line': b'-- Up-to-date: /home/frankie/ros2_ws/install/aws_robomaker_small_house_world/share/aws_robomaker_small_house_world/models/aws_robomaker_residential_PortraitE_01/materials/textures/aws_PortraitE_01.png\n'}
[0.229779] (aws_robomaker_small_house_world) StdoutLine: {'line': b'-- Up-to-date: /home/frankie/ros2_ws/install/aws_robomaker_small_house_world/share/aws_robomaker_small_house_world/models/aws_robomaker_residential_PortraitE_01/materials/textures/aws_PortraitE_02.png\n'}
[0.229879] (aws_robomaker_small_house_world) StdoutLine: {'line': b'-- Up-to-date: /home/frankie/ros2_ws/install/aws_robomaker_small_house_world/share/aws_robomaker_small_house_world/models/aws_robomaker_residential_PortraitE_01/meshes\n'}
[0.229929] (aws_robomaker_small_house_world) StdoutLine: {'line': b'-- Up-to-date: /home/frankie/ros2_ws/install/aws_robomaker_small_house_world/share/aws_robomaker_small_house_world/models/aws_robomaker_residential_PortraitE_01/meshes/aws_PortraitE_01_collision.DAE\n'}
[0.229979] (aws_robomaker_small_house_world) StdoutLine: {'line': b'-- Up-to-date: /home/frankie/ros2_ws/install/aws_robomaker_small_house_world/share/aws_robomaker_small_house_world/models/aws_robomaker_residential_PortraitE_01/meshes/aws_PortraitE_01_visual.DAE\n'}
[0.230028] (aws_robomaker_small_house_world) StdoutLine: {'line': b'-- Up-to-date: /home/frankie/ros2_ws/install/aws_robomaker_small_house_world/share/aws_robomaker_small_house_world/models/aws_robomaker_residential_PortraitE_01/model.config\n'}
[0.230108] (aws_robomaker_small_house_world) StdoutLine: {'line': b'-- Up-to-date: /home/frankie/ros2_ws/install/aws_robomaker_small_house_world/share/aws_robomaker_small_house_world/models/aws_robomaker_residential_PortraitE_01/model.sdf\n'}
[0.230153] (aws_robomaker_small_house_world) StdoutLine: {'line': b'-- Up-to-date: /home/frankie/ros2_ws/install/aws_robomaker_small_house_world/share/aws_robomaker_small_house_world/models/aws_robomaker_residential_Ball_01\n'}
[0.230201] (aws_robomaker_small_house_world) StdoutLine: {'line': b'-- Up-to-date: /home/frankie/ros2_ws/install/aws_robomaker_small_house_world/share/aws_robomaker_small_house_world/models/aws_robomaker_residential_Ball_01/materials\n'}
[0.230249] (aws_robomaker_small_house_world) StdoutLine: {'line': b'-- Up-to-date: /home/frankie/ros2_ws/install/aws_robomaker_small_house_world/share/aws_robomaker_small_house_world/models/aws_robomaker_residential_Ball_01/materials/textures\n'}
[0.230342] (aws_robomaker_small_house_world) StdoutLine: {'line': b'-- Up-to-date: /home/frankie/ros2_ws/install/aws_robomaker_small_house_world/share/aws_robomaker_small_house_world/models/aws_robomaker_residential_Ball_01/materials/textures/aws_Ball_01.png\n'}
[0.230414] (aws_robomaker_small_house_world) StdoutLine: {'line': b'-- Up-to-date: /home/frankie/ros2_ws/install/aws_robomaker_small_house_world/share/aws_robomaker_small_house_world/models/aws_robomaker_residential_Ball_01/meshes\n'}
[0.230464] (aws_robomaker_small_house_world) StdoutLine: {'line': b'-- Up-to-date: /home/frankie/ros2_ws/install/aws_robomaker_small_house_world/share/aws_robomaker_small_house_world/models/aws_robomaker_residential_Ball_01/meshes/aws_Ball_01_collision.DAE\n'}
[0.230544] (aws_robomaker_small_house_world) StdoutLine: {'line': b'-- Up-to-date: /home/frankie/ros2_ws/install/aws_robomaker_small_house_world/share/aws_robomaker_small_house_world/models/aws_robomaker_residential_Ball_01/meshes/aws_Ball_01_visual.DAE\n'}
[0.230596] (aws_robomaker_small_house_world) StdoutLine: {'line': b'-- Up-to-date: /home/frankie/ros2_ws/install/aws_robomaker_small_house_world/share/aws_robomaker_small_house_world/models/aws_robomaker_residential_Ball_01/model.config\n'}
[0.230688] (aws_robomaker_small_house_world) StdoutLine: {'line': b'-- Up-to-date: /home/frankie/ros2_ws/install/aws_robomaker_small_house_world/share/aws_robomaker_small_house_world/models/aws_robomaker_residential_Ball_01/model.sdf\n'}
[0.230738] (aws_robomaker_small_house_world) StdoutLine: {'line': b'-- Up-to-date: /home/frankie/ros2_ws/install/aws_robomaker_small_house_world/share/aws_robomaker_small_house_world/models/aws_robomaker_residential_DeskPortraitD_02\n'}
[0.230785] (aws_robomaker_small_house_world) StdoutLine: {'line': b'-- Up-to-date: /home/frankie/ros2_ws/install/aws_robomaker_small_house_world/share/aws_robomaker_small_house_world/models/aws_robomaker_residential_DeskPortraitD_02/materials\n'}
[0.230831] (aws_robomaker_small_house_world) StdoutLine: {'line': b'-- Up-to-date: /home/frankie/ros2_ws/install/aws_robomaker_small_house_world/share/aws_robomaker_small_house_world/models/aws_robomaker_residential_DeskPortraitD_02/materials/textures\n'}
[0.230904] (aws_robomaker_small_house_world) StdoutLine: {'line': b'-- Up-to-date: /home/frankie/ros2_ws/install/aws_robomaker_small_house_world/share/aws_robomaker_small_house_world/models/aws_robomaker_residential_DeskPortraitD_02/materials/textures/aws_DeskPortraitD_02.png\n'}
[0.231012] (aws_robomaker_small_house_world) StdoutLine: {'line': b'-- Up-to-date: /home/frankie/ros2_ws/install/aws_robomaker_small_house_world/share/aws_robomaker_small_house_world/models/aws_robomaker_residential_DeskPortraitD_02/materials/textures/aws_DeskPortraitD_01.png\n'}
[0.231062] (aws_robomaker_small_house_world) StdoutLine: {'line': b'-- Up-to-date: /home/frankie/ros2_ws/install/aws_robomaker_small_house_world/share/aws_robomaker_small_house_world/models/aws_robomaker_residential_DeskPortraitD_02/meshes\n'}
[0.231112] (aws_robomaker_small_house_world) StdoutLine: {'line': b'-- Up-to-date: /home/frankie/ros2_ws/install/aws_robomaker_small_house_world/share/aws_robomaker_small_house_world/models/aws_robomaker_residential_DeskPortraitD_02/meshes/aws_DeskPortraitD_01_collision.DAE\n'}
[0.231166] (aws_robomaker_small_house_world) StdoutLine: {'line': b'-- Up-to-date: /home/frankie/ros2_ws/install/aws_robomaker_small_house_world/share/aws_robomaker_small_house_world/models/aws_robomaker_residential_DeskPortraitD_02/meshes/aws_DeskPortraitD_01_visual.DAE\n'}
[0.231218] (aws_robomaker_small_house_world) StdoutLine: {'line': b'-- Up-to-date: /home/frankie/ros2_ws/install/aws_robomaker_small_house_world/share/aws_robomaker_small_house_world/models/aws_robomaker_residential_DeskPortraitD_02/model.config\n'}
[0.231302] (aws_robomaker_small_house_world) StdoutLine: {'line': b'-- Up-to-date: /home/frankie/ros2_ws/install/aws_robomaker_small_house_world/share/aws_robomaker_small_house_world/models/aws_robomaker_residential_DeskPortraitD_02/model.sdf\n'}
[0.231403] (aws_robomaker_small_house_world) StdoutLine: {'line': b'-- Up-to-date: /home/frankie/ros2_ws/install/aws_robomaker_small_house_world/share/aws_robomaker_small_house_world/models/aws_robomaker_residential_Curtain_01\n'}
[0.231453] (aws_robomaker_small_house_world) StdoutLine: {'line': b'-- Up-to-date: /home/frankie/ros2_ws/install/aws_robomaker_small_house_world/share/aws_robomaker_small_house_world/models/aws_robomaker_residential_Curtain_01/materials\n'}
[0.231504] (aws_robomaker_small_house_world) StdoutLine: {'line': b'-- Up-to-date: /home/frankie/ros2_ws/install/aws_robomaker_small_house_world/share/aws_robomaker_small_house_world/models/aws_robomaker_residential_Curtain_01/materials/textures\n'}
[0.231582] (aws_robomaker_small_house_world) StdoutLine: {'line': b'-- Up-to-date: /home/frankie/ros2_ws/install/aws_robomaker_small_house_world/share/aws_robomaker_small_house_world/models/aws_robomaker_residential_Curtain_01/materials/textures/aws_Curtain_01.png\n'}
[0.231666] (aws_robomaker_small_house_world) StdoutLine: {'line': b'-- Up-to-date: /home/frankie/ros2_ws/install/aws_robomaker_small_house_world/share/aws_robomaker_small_house_world/models/aws_robomaker_residential_Curtain_01/meshes\n'}
[0.231718] (aws_robomaker_small_house_world) StdoutLine: {'line': b'-- Up-to-date: /home/frankie/ros2_ws/install/aws_robomaker_small_house_world/share/aws_robomaker_small_house_world/models/aws_robomaker_residential_Curtain_01/meshes/aws_Curtain_01_collision.DAE\n'}
[0.231767] (aws_robomaker_small_house_world) StdoutLine: {'line': b'-- Up-to-date: /home/frankie/ros2_ws/install/aws_robomaker_small_house_world/share/aws_robomaker_small_house_world/models/aws_robomaker_residential_Curtain_01/meshes/aws_Curtain_01_visual.DAE\n'}
[0.231861] (aws_robomaker_small_house_world) StdoutLine: {'line': b'-- Up-to-date: /home/frankie/ros2_ws/install/aws_robomaker_small_house_world/share/aws_robomaker_small_house_world/models/aws_robomaker_residential_Curtain_01/model.config\n'}
[0.231935] (aws_robomaker_small_house_world) StdoutLine: {'line': b'-- Up-to-date: /home/frankie/ros2_ws/install/aws_robomaker_small_house_world/share/aws_robomaker_small_house_world/models/aws_robomaker_residential_Curtain_01/model.sdf\n'}
[0.231979] (aws_robomaker_small_house_world) StdoutLine: {'line': b'-- Up-to-date: /home/frankie/ros2_ws/install/aws_robomaker_small_house_world/share/aws_robomaker_small_house_world/models/aws_robomaker_residential_DeskPortraitD_01\n'}
[0.232025] (aws_robomaker_small_house_world) StdoutLine: {'line': b'-- Up-to-date: /home/frankie/ros2_ws/install/aws_robomaker_small_house_world/share/aws_robomaker_small_house_world/models/aws_robomaker_residential_DeskPortraitD_01/materials\n'}
[0.232072] (aws_robomaker_small_house_world) StdoutLine: {'line': b'-- Up-to-date: /home/frankie/ros2_ws/install/aws_robomaker_small_house_world/share/aws_robomaker_small_house_world/models/aws_robomaker_residential_DeskPortraitD_01/materials/textures\n'}
[0.232148] (aws_robomaker_small_house_world) StdoutLine: {'line': b'-- Up-to-date: /home/frankie/ros2_ws/install/aws_robomaker_small_house_world/share/aws_robomaker_small_house_world/models/aws_robomaker_residential_DeskPortraitD_01/materials/textures/aws_DeskPortraitD_02.png\n'}
[0.232219] (aws_robomaker_small_house_world) StdoutLine: {'line': b'-- Up-to-date: /home/frankie/ros2_ws/install/aws_robomaker_small_house_world/share/aws_robomaker_small_house_world/models/aws_robomaker_residential_DeskPortraitD_01/materials/textures/aws_DeskPortraitD_01.png\n'}
[0.232269] (aws_robomaker_small_house_world) StdoutLine: {'line': b'-- Up-to-date: /home/frankie/ros2_ws/install/aws_robomaker_small_house_world/share/aws_robomaker_small_house_world/models/aws_robomaker_residential_DeskPortraitD_01/meshes\n'}
[0.232349] (aws_robomaker_small_house_world) StdoutLine: {'line': b'-- Up-to-date: /home/frankie/ros2_ws/install/aws_robomaker_small_house_world/share/aws_robomaker_small_house_world/models/aws_robomaker_residential_DeskPortraitD_01/meshes/aws_DeskPortraitD_01_collision.DAE\n'}
[0.232449] (aws_robomaker_small_house_world) StdoutLine: {'line': b'-- Up-to-date: /home/frankie/ros2_ws/install/aws_robomaker_small_house_world/share/aws_robomaker_small_house_world/models/aws_robomaker_residential_DeskPortraitD_01/meshes/aws_DeskPortraitD_01_visual.DAE\n'}
[0.232499] (aws_robomaker_small_house_world) StdoutLine: {'line': b'-- Up-to-date: /home/frankie/ros2_ws/install/aws_robomaker_small_house_world/share/aws_robomaker_small_house_world/models/aws_robomaker_residential_DeskPortraitD_01/model.config\n'}
[0.232545] (aws_robomaker_small_house_world) StdoutLine: {'line': b'-- Up-to-date: /home/frankie/ros2_ws/install/aws_robomaker_small_house_world/share/aws_robomaker_small_house_world/models/aws_robomaker_residential_DeskPortraitD_01/model.sdf\n'}
[0.232594] (aws_robomaker_small_house_world) StdoutLine: {'line': b'-- Up-to-date: /home/frankie/ros2_ws/install/aws_robomaker_small_house_world/share/aws_robomaker_small_house_world/models/aws_robomaker_residential_NightStand_01\n'}
[0.232644] (aws_robomaker_small_house_world) StdoutLine: {'line': b'-- Up-to-date: /home/frankie/ros2_ws/install/aws_robomaker_small_house_world/share/aws_robomaker_small_house_world/models/aws_robomaker_residential_NightStand_01/materials\n'}
[0.232719] (aws_robomaker_small_house_world) StdoutLine: {'line': b'-- Up-to-date: /home/frankie/ros2_ws/install/aws_robomaker_small_house_world/share/aws_robomaker_small_house_world/models/aws_robomaker_residential_NightStand_01/materials/textures\n'}
[0.232801] (aws_robomaker_small_house_world) StdoutLine: {'line': b'-- Up-to-date: /home/frankie/ros2_ws/install/aws_robomaker_small_house_world/share/aws_robomaker_small_house_world/models/aws_robomaker_residential_NightStand_01/materials/textures/aws_NightStand_01.png\n'}
[0.232850] (aws_robomaker_small_house_world) StdoutLine: {'line': b'-- Up-to-date: /home/frankie/ros2_ws/install/aws_robomaker_small_house_world/share/aws_robomaker_small_house_world/models/aws_robomaker_residential_NightStand_01/meshes\n'}
[0.232933] (aws_robomaker_small_house_world) StdoutLine: {'line': b'-- Up-to-date: /home/frankie/ros2_ws/install/aws_robomaker_small_house_world/share/aws_robomaker_small_house_world/models/aws_robomaker_residential_NightStand_01/meshes/aws_NightStand_01_collision.DAE\n'}
[0.232984] (aws_robomaker_small_house_world) StdoutLine: {'line': b'-- Up-to-date: /home/frankie/ros2_ws/install/aws_robomaker_small_house_world/share/aws_robomaker_small_house_world/models/aws_robomaker_residential_NightStand_01/meshes/aws_NightStand_01_visual.DAE\n'}
[0.233065] (aws_robomaker_small_house_world) StdoutLine: {'line': b'-- Up-to-date: /home/frankie/ros2_ws/install/aws_robomaker_small_house_world/share/aws_robomaker_small_house_world/models/aws_robomaker_residential_NightStand_01/model.config\n'}
[0.233115] (aws_robomaker_small_house_world) StdoutLine: {'line': b'-- Up-to-date: /home/frankie/ros2_ws/install/aws_robomaker_small_house_world/share/aws_robomaker_small_house_world/models/aws_robomaker_residential_NightStand_01/model.sdf\n'}
[0.233165] (aws_robomaker_small_house_world) StdoutLine: {'line': b'-- Up-to-date: /home/frankie/ros2_ws/install/aws_robomaker_small_house_world/share/aws_robomaker_small_house_world/models/aws_robomaker_residential_ChairA_01\n'}
[0.233243] (aws_robomaker_small_house_world) StdoutLine: {'line': b'-- Up-to-date: /home/frankie/ros2_ws/install/aws_robomaker_small_house_world/share/aws_robomaker_small_house_world/models/aws_robomaker_residential_ChairA_01/materials\n'}
[0.233331] (aws_robomaker_small_house_world) StdoutLine: {'line': b'-- Up-to-date: /home/frankie/ros2_ws/install/aws_robomaker_small_house_world/share/aws_robomaker_small_house_world/models/aws_robomaker_residential_ChairA_01/materials/textures\n'}
[0.233381] (aws_robomaker_small_house_world) StdoutLine: {'line': b'-- Up-to-date: /home/frankie/ros2_ws/install/aws_robomaker_small_house_world/share/aws_robomaker_small_house_world/models/aws_robomaker_residential_ChairA_01/materials/textures/aws_ChairA_01.png\n'}
[0.233429] (aws_robomaker_small_house_world) StdoutLine: {'line': b'-- Up-to-date: /home/frankie/ros2_ws/install/aws_robomaker_small_house_world/share/aws_robomaker_small_house_world/models/aws_robomaker_residential_ChairA_01/meshes\n'}
[0.233501] (aws_robomaker_small_house_world) StdoutLine: {'line': b'-- Up-to-date: /home/frankie/ros2_ws/install/aws_robomaker_small_house_world/share/aws_robomaker_small_house_world/models/aws_robomaker_residential_ChairA_01/meshes/aws_ChairA_01_visual.DAE\n'}
[0.233599] (aws_robomaker_small_house_world) StdoutLine: {'line': b'-- Up-to-date: /home/frankie/ros2_ws/install/aws_robomaker_small_house_world/share/aws_robomaker_small_house_world/models/aws_robomaker_residential_ChairA_01/meshes/aws_ChairA_01_collision.DAE\n'}
[0.233651] (aws_robomaker_small_house_world) StdoutLine: {'line': b'-- Up-to-date: /home/frankie/ros2_ws/install/aws_robomaker_small_house_world/share/aws_robomaker_small_house_world/models/aws_robomaker_residential_ChairA_01/model.config\n'}
[0.233699] (aws_robomaker_small_house_world) StdoutLine: {'line': b'-- Up-to-date: /home/frankie/ros2_ws/install/aws_robomaker_small_house_world/share/aws_robomaker_small_house_world/models/aws_robomaker_residential_ChairA_01/model.sdf\n'}
[0.233749] (aws_robomaker_small_house_world) StdoutLine: {'line': b'-- Up-to-date: /home/frankie/ros2_ws/install/aws_robomaker_small_house_world/share/aws_robomaker_small_house_world/models/aws_robomaker_residential_Vase_01\n'}
[0.233797] (aws_robomaker_small_house_world) StdoutLine: {'line': b'-- Up-to-date: /home/frankie/ros2_ws/install/aws_robomaker_small_house_world/share/aws_robomaker_small_house_world/models/aws_robomaker_residential_Vase_01/materials\n'}
[0.233873] (aws_robomaker_small_house_world) StdoutLine: {'line': b'-- Up-to-date: /home/frankie/ros2_ws/install/aws_robomaker_small_house_world/share/aws_robomaker_small_house_world/models/aws_robomaker_residential_Vase_01/materials/textures\n'}
[0.233955] (aws_robomaker_small_house_world) StdoutLine: {'line': b'-- Up-to-date: /home/frankie/ros2_ws/install/aws_robomaker_small_house_world/share/aws_robomaker_small_house_world/models/aws_robomaker_residential_Vase_01/materials/textures/aws_Vase_01.png\n'}
[0.234004] (aws_robomaker_small_house_world) StdoutLine: {'line': b'-- Up-to-date: /home/frankie/ros2_ws/install/aws_robomaker_small_house_world/share/aws_robomaker_small_house_world/models/aws_robomaker_residential_Vase_01/meshes\n'}
[0.234075] (aws_robomaker_small_house_world) StdoutLine: {'line': b'-- Up-to-date: /home/frankie/ros2_ws/install/aws_robomaker_small_house_world/share/aws_robomaker_small_house_world/models/aws_robomaker_residential_Vase_01/meshes/aws_Vase_01_collision.DAE\n'}
[0.234173] (aws_robomaker_small_house_world) StdoutLine: {'line': b'-- Up-to-date: /home/frankie/ros2_ws/install/aws_robomaker_small_house_world/share/aws_robomaker_small_house_world/models/aws_robomaker_residential_Vase_01/meshes/aws_Vase_01_visual.DAE\n'}
[0.234223] (aws_robomaker_small_house_world) StdoutLine: {'line': b'-- Up-to-date: /home/frankie/ros2_ws/install/aws_robomaker_small_house_world/share/aws_robomaker_small_house_world/models/aws_robomaker_residential_Vase_01/model.config\n'}
[0.234270] (aws_robomaker_small_house_world) StdoutLine: {'line': b'-- Up-to-date: /home/frankie/ros2_ws/install/aws_robomaker_small_house_world/share/aws_robomaker_small_house_world/models/aws_robomaker_residential_Vase_01/model.sdf\n'}
[0.234328] (aws_robomaker_small_house_world) StdoutLine: {'line': b'-- Up-to-date: /home/frankie/ros2_ws/install/aws_robomaker_small_house_world/share/aws_robomaker_small_house_world/models/aws_robomaker_residential_SeasoningBox_01\n'}
[0.234377] (aws_robomaker_small_house_world) StdoutLine: {'line': b'-- Up-to-date: /home/frankie/ros2_ws/install/aws_robomaker_small_house_world/share/aws_robomaker_small_house_world/models/aws_robomaker_residential_SeasoningBox_01/materials\n'}
[0.234450] (aws_robomaker_small_house_world) StdoutLine: {'line': b'-- Up-to-date: /home/frankie/ros2_ws/install/aws_robomaker_small_house_world/share/aws_robomaker_small_house_world/models/aws_robomaker_residential_SeasoningBox_01/materials/textures\n'}
[0.234531] (aws_robomaker_small_house_world) StdoutLine: {'line': b'-- Up-to-date: /home/frankie/ros2_ws/install/aws_robomaker_small_house_world/share/aws_robomaker_small_house_world/models/aws_robomaker_residential_SeasoningBox_01/materials/textures/aws_SeasoningBox_01.png\n'}
[0.234581] (aws_robomaker_small_house_world) StdoutLine: {'line': b'-- Up-to-date: /home/frankie/ros2_ws/install/aws_robomaker_small_house_world/share/aws_robomaker_small_house_world/models/aws_robomaker_residential_SeasoningBox_01/meshes\n'}
[0.234654] (aws_robomaker_small_house_world) StdoutLine: {'line': b'-- Up-to-date: /home/frankie/ros2_ws/install/aws_robomaker_small_house_world/share/aws_robomaker_small_house_world/models/aws_robomaker_residential_SeasoningBox_01/meshes/aws_SeasoningBox_01_visual.DAE\n'}
[0.234744] (aws_robomaker_small_house_world) StdoutLine: {'line': b'-- Up-to-date: /home/frankie/ros2_ws/install/aws_robomaker_small_house_world/share/aws_robomaker_small_house_world/models/aws_robomaker_residential_SeasoningBox_01/meshes/aws_SeasoningBox_01_collision.DAE\n'}
[0.234799] (aws_robomaker_small_house_world) StdoutLine: {'line': b'-- Up-to-date: /home/frankie/ros2_ws/install/aws_robomaker_small_house_world/share/aws_robomaker_small_house_world/models/aws_robomaker_residential_SeasoningBox_01/model.config\n'}
[0.234849] (aws_robomaker_small_house_world) StdoutLine: {'line': b'-- Up-to-date: /home/frankie/ros2_ws/install/aws_robomaker_small_house_world/share/aws_robomaker_small_house_world/models/aws_robomaker_residential_SeasoningBox_01/model.sdf\n'}
[0.234899] (aws_robomaker_small_house_world) StdoutLine: {'line': b'-- Up-to-date: /home/frankie/ros2_ws/install/aws_robomaker_small_house_world/share/aws_robomaker_small_house_world/models/aws_robomaker_residential_Chandelier_01\n'}
[0.234974] (aws_robomaker_small_house_world) StdoutLine: {'line': b'-- Up-to-date: /home/frankie/ros2_ws/install/aws_robomaker_small_house_world/share/aws_robomaker_small_house_world/models/aws_robomaker_residential_Chandelier_01/materials\n'}
[0.235052] (aws_robomaker_small_house_world) StdoutLine: {'line': b'-- Up-to-date: /home/frankie/ros2_ws/install/aws_robomaker_small_house_world/share/aws_robomaker_small_house_world/models/aws_robomaker_residential_Chandelier_01/materials/textures\n'}
[0.235137] (aws_robomaker_small_house_world) StdoutLine: {'line': b'-- Up-to-date: /home/frankie/ros2_ws/install/aws_robomaker_small_house_world/share/aws_robomaker_small_house_world/models/aws_robomaker_residential_Chandelier_01/materials/textures/aws_Chandelier_01.png\n'}
[0.235187] (aws_robomaker_small_house_world) StdoutLine: {'line': b'-- Up-to-date: /home/frankie/ros2_ws/install/aws_robomaker_small_house_world/share/aws_robomaker_small_house_world/models/aws_robomaker_residential_Chandelier_01/meshes\n'}
[0.235260] (aws_robomaker_small_house_world) StdoutLine: {'line': b'-- Up-to-date: /home/frankie/ros2_ws/install/aws_robomaker_small_house_world/share/aws_robomaker_small_house_world/models/aws_robomaker_residential_Chandelier_01/meshes/aws_Chandelier_01_collision.DAE\n'}
[0.235367] (aws_robomaker_small_house_world) StdoutLine: {'line': b'-- Up-to-date: /home/frankie/ros2_ws/install/aws_robomaker_small_house_world/share/aws_robomaker_small_house_world/models/aws_robomaker_residential_Chandelier_01/meshes/aws_Chandelier_01_visual.DAE\n'}
[0.235421] (aws_robomaker_small_house_world) StdoutLine: {'line': b'-- Up-to-date: /home/frankie/ros2_ws/install/aws_robomaker_small_house_world/share/aws_robomaker_small_house_world/models/aws_robomaker_residential_Chandelier_01/meshes/aws_Chandelier_01.DAE\n'}
[0.235471] (aws_robomaker_small_house_world) StdoutLine: {'line': b'-- Up-to-date: /home/frankie/ros2_ws/install/aws_robomaker_small_house_world/share/aws_robomaker_small_house_world/models/aws_robomaker_residential_Chandelier_01/model.config\n'}
[0.235520] (aws_robomaker_small_house_world) StdoutLine: {'line': b'-- Up-to-date: /home/frankie/ros2_ws/install/aws_robomaker_small_house_world/share/aws_robomaker_small_house_world/models/aws_robomaker_residential_Chandelier_01/model.sdf\n'}
[0.235569] (aws_robomaker_small_house_world) StdoutLine: {'line': b'-- Up-to-date: /home/frankie/ros2_ws/install/aws_robomaker_small_house_world/share/aws_robomaker_small_house_world/models/aws_robomaker_residential_PortraitD_01\n'}
[0.235644] (aws_robomaker_small_house_world) StdoutLine: {'line': b'-- Up-to-date: /home/frankie/ros2_ws/install/aws_robomaker_small_house_world/share/aws_robomaker_small_house_world/models/aws_robomaker_residential_PortraitD_01/materials\n'}
[0.235726] (aws_robomaker_small_house_world) StdoutLine: {'line': b'-- Up-to-date: /home/frankie/ros2_ws/install/aws_robomaker_small_house_world/share/aws_robomaker_small_house_world/models/aws_robomaker_residential_PortraitD_01/materials/textures\n'}
[0.235775] (aws_robomaker_small_house_world) StdoutLine: {'line': b'-- Up-to-date: /home/frankie/ros2_ws/install/aws_robomaker_small_house_world/share/aws_robomaker_small_house_world/models/aws_robomaker_residential_PortraitD_01/materials/textures/aws_PortraitD_01.png\n'}
[0.235855] (aws_robomaker_small_house_world) StdoutLine: {'line': b'-- Up-to-date: /home/frankie/ros2_ws/install/aws_robomaker_small_house_world/share/aws_robomaker_small_house_world/models/aws_robomaker_residential_PortraitD_01/materials/textures/aws_PortraitD_02.png\n'}
[0.235904] (aws_robomaker_small_house_world) StdoutLine: {'line': b'-- Up-to-date: /home/frankie/ros2_ws/install/aws_robomaker_small_house_world/share/aws_robomaker_small_house_world/models/aws_robomaker_residential_PortraitD_01/meshes\n'}
[0.236011] (aws_robomaker_small_house_world) StdoutLine: {'line': b'-- Up-to-date: /home/frankie/ros2_ws/install/aws_robomaker_small_house_world/share/aws_robomaker_small_house_world/models/aws_robomaker_residential_PortraitD_01/meshes/aws_PortraitD_01_visual.DAE\n'}
[0.236061] (aws_robomaker_small_house_world) StdoutLine: {'line': b'-- Up-to-date: /home/frankie/ros2_ws/install/aws_robomaker_small_house_world/share/aws_robomaker_small_house_world/models/aws_robomaker_residential_PortraitD_01/meshes/aws_PortraitD_01_collision.DAE\n'}
[0.236107] (aws_robomaker_small_house_world) StdoutLine: {'line': b'-- Up-to-date: /home/frankie/ros2_ws/install/aws_robomaker_small_house_world/share/aws_robomaker_small_house_world/models/aws_robomaker_residential_PortraitD_01/model.config\n'}
[0.236154] (aws_robomaker_small_house_world) StdoutLine: {'line': b'-- Up-to-date: /home/frankie/ros2_ws/install/aws_robomaker_small_house_world/share/aws_robomaker_small_house_world/models/aws_robomaker_residential_PortraitD_01/model.sdf\n'}
[0.236204] (aws_robomaker_small_house_world) StdoutLine: {'line': b'-- Up-to-date: /home/frankie/ros2_ws/install/aws_robomaker_small_house_world/share/aws_robomaker_small_house_world/models/aws_robomaker_residential_Handle_01\n'}
[0.236303] (aws_robomaker_small_house_world) StdoutLine: {'line': b'-- Up-to-date: /home/frankie/ros2_ws/install/aws_robomaker_small_house_world/share/aws_robomaker_small_house_world/models/aws_robomaker_residential_Handle_01/materials\n'}
[0.236353] (aws_robomaker_small_house_world) StdoutLine: {'line': b'-- Up-to-date: /home/frankie/ros2_ws/install/aws_robomaker_small_house_world/share/aws_robomaker_small_house_world/models/aws_robomaker_residential_Handle_01/materials/textures\n'}
[0.236403] (aws_robomaker_small_house_world) StdoutLine: {'line': b'-- Up-to-date: /home/frankie/ros2_ws/install/aws_robomaker_small_house_world/share/aws_robomaker_small_house_world/models/aws_robomaker_residential_Handle_01/materials/textures/aws_Handle_01.png\n'}
[0.236472] (aws_robomaker_small_house_world) StdoutLine: {'line': b'-- Up-to-date: /home/frankie/ros2_ws/install/aws_robomaker_small_house_world/share/aws_robomaker_small_house_world/models/aws_robomaker_residential_Handle_01/meshes\n'}
[0.236520] (aws_robomaker_small_house_world) StdoutLine: {'line': b'-- Up-to-date: /home/frankie/ros2_ws/install/aws_robomaker_small_house_world/share/aws_robomaker_small_house_world/models/aws_robomaker_residential_Handle_01/meshes/aws_Handle_01_visual.DAE\n'}
[0.236608] (aws_robomaker_small_house_world) StdoutLine: {'line': b'-- Up-to-date: /home/frankie/ros2_ws/install/aws_robomaker_small_house_world/share/aws_robomaker_small_house_world/models/aws_robomaker_residential_Handle_01/meshes/aws_ handle_01_collision.DAE\n'}
[0.236661] (aws_robomaker_small_house_world) StdoutLine: {'line': b'-- Up-to-date: /home/frankie/ros2_ws/install/aws_robomaker_small_house_world/share/aws_robomaker_small_house_world/models/aws_robomaker_residential_Handle_01/meshes/aws_Handle_01_collision.DAE\n'}
[0.236711] (aws_robomaker_small_house_world) StdoutLine: {'line': b'-- Up-to-date: /home/frankie/ros2_ws/install/aws_robomaker_small_house_world/share/aws_robomaker_small_house_world/models/aws_robomaker_residential_Handle_01/model.config\n'}
[0.236759] (aws_robomaker_small_house_world) StdoutLine: {'line': b'-- Up-to-date: /home/frankie/ros2_ws/install/aws_robomaker_small_house_world/share/aws_robomaker_small_house_world/models/aws_robomaker_residential_Handle_01/model.sdf\n'}
[0.236849] (aws_robomaker_small_house_world) StdoutLine: {'line': b'-- Up-to-date: /home/frankie/ros2_ws/install/aws_robomaker_small_house_world/share/aws_robomaker_small_house_world/models/aws_robomaker_residential_PortraitE_02\n'}
[0.236898] (aws_robomaker_small_house_world) StdoutLine: {'line': b'-- Up-to-date: /home/frankie/ros2_ws/install/aws_robomaker_small_house_world/share/aws_robomaker_small_house_world/models/aws_robomaker_residential_PortraitE_02/materials\n'}
[0.236944] (aws_robomaker_small_house_world) StdoutLine: {'line': b'-- Up-to-date: /home/frankie/ros2_ws/install/aws_robomaker_small_house_world/share/aws_robomaker_small_house_world/models/aws_robomaker_residential_PortraitE_02/materials/textures\n'}
[0.237021] (aws_robomaker_small_house_world) StdoutLine: {'line': b'-- Up-to-date: /home/frankie/ros2_ws/install/aws_robomaker_small_house_world/share/aws_robomaker_small_house_world/models/aws_robomaker_residential_PortraitE_02/materials/textures/aws_PortraitE_01.png\n'}
[0.237101] (aws_robomaker_small_house_world) StdoutLine: {'line': b'-- Up-to-date: /home/frankie/ros2_ws/install/aws_robomaker_small_house_world/share/aws_robomaker_small_house_world/models/aws_robomaker_residential_PortraitE_02/materials/textures/aws_PortraitE_02.png\n'}
[0.237150] (aws_robomaker_small_house_world) StdoutLine: {'line': b'-- Up-to-date: /home/frankie/ros2_ws/install/aws_robomaker_small_house_world/share/aws_robomaker_small_house_world/models/aws_robomaker_residential_PortraitE_02/meshes\n'}
[0.237259] (aws_robomaker_small_house_world) StdoutLine: {'line': b'-- Up-to-date: /home/frankie/ros2_ws/install/aws_robomaker_small_house_world/share/aws_robomaker_small_house_world/models/aws_robomaker_residential_PortraitE_02/meshes/aws_PortraitE_01_collision.DAE\n'}
[0.237323] (aws_robomaker_small_house_world) StdoutLine: {'line': b'-- Up-to-date: /home/frankie/ros2_ws/install/aws_robomaker_small_house_world/share/aws_robomaker_small_house_world/models/aws_robomaker_residential_PortraitE_02/meshes/aws_PortraitE_01_visual.DAE\n'}
[0.237376] (aws_robomaker_small_house_world) StdoutLine: {'line': b'-- Up-to-date: /home/frankie/ros2_ws/install/aws_robomaker_small_house_world/share/aws_robomaker_small_house_world/models/aws_robomaker_residential_PortraitE_02/model.config\n'}
[0.237434] (aws_robomaker_small_house_world) StdoutLine: {'line': b'-- Up-to-date: /home/frankie/ros2_ws/install/aws_robomaker_small_house_world/share/aws_robomaker_small_house_world/models/aws_robomaker_residential_PortraitE_02/model.sdf\n'}
[0.237486] (aws_robomaker_small_house_world) StdoutLine: {'line': b'-- Up-to-date: /home/frankie/ros2_ws/install/aws_robomaker_small_house_world/share/aws_robomaker_small_house_world/models/aws_robomaker_residential_SofaC_01\n'}
[0.237537] (aws_robomaker_small_house_world) StdoutLine: {'line': b'-- Up-to-date: /home/frankie/ros2_ws/install/aws_robomaker_small_house_world/share/aws_robomaker_small_house_world/models/aws_robomaker_residential_SofaC_01/materials\n'}
[0.237620] (aws_robomaker_small_house_world) StdoutLine: {'line': b'-- Up-to-date: /home/frankie/ros2_ws/install/aws_robomaker_small_house_world/share/aws_robomaker_small_house_world/models/aws_robomaker_residential_SofaC_01/materials/textures\n'}
[0.237714] (aws_robomaker_small_house_world) StdoutLine: {'line': b'-- Up-to-date: /home/frankie/ros2_ws/install/aws_robomaker_small_house_world/share/aws_robomaker_small_house_world/models/aws_robomaker_residential_SofaC_01/materials/textures/aws_SofaC_01.png\n'}
[0.238070] (aws_robomaker_small_house_world) StdoutLine: {'line': b'-- Up-to-date: /home/frankie/ros2_ws/install/aws_robomaker_small_house_world/share/aws_robomaker_small_house_world/models/aws_robomaker_residential_SofaC_01/meshes\n'}
[0.238131] (aws_robomaker_small_house_world) StdoutLine: {'line': b'-- Up-to-date: /home/frankie/ros2_ws/install/aws_robomaker_small_house_world/share/aws_robomaker_small_house_world/models/aws_robomaker_residential_SofaC_01/meshes/aws_SofaC_01_collision.DAE\n'}
[0.238206] (aws_robomaker_small_house_world) StdoutLine: {'line': b'-- Up-to-date: /home/frankie/ros2_ws/install/aws_robomaker_small_house_world/share/aws_robomaker_small_house_world/models/aws_robomaker_residential_SofaC_01/meshes/aws_SofaC_01_visual.DAE\n'}
[0.238366] (aws_robomaker_small_house_world) StdoutLine: {'line': b'-- Up-to-date: /home/frankie/ros2_ws/install/aws_robomaker_small_house_world/share/aws_robomaker_small_house_world/models/aws_robomaker_residential_SofaC_01/model.config\n'}
[0.238590] (aws_robomaker_small_house_world) StdoutLine: {'line': b'-- Up-to-date: /home/frankie/ros2_ws/install/aws_robomaker_small_house_world/share/aws_robomaker_small_house_world/models/aws_robomaker_residential_SofaC_01/model.sdf\n'}
[0.238674] (aws_robomaker_small_house_world) StdoutLine: {'line': b'-- Up-to-date: /home/frankie/ros2_ws/install/aws_robomaker_small_house_world/share/aws_robomaker_small_house_world/models/aws_robomaker_residential_Door_01\n'}
[0.238780] (aws_robomaker_small_house_world) StdoutLine: {'line': b'-- Up-to-date: /home/frankie/ros2_ws/install/aws_robomaker_small_house_world/share/aws_robomaker_small_house_world/models/aws_robomaker_residential_Door_01/materials\n'}
[0.238868] (aws_robomaker_small_house_world) StdoutLine: {'line': b'-- Up-to-date: /home/frankie/ros2_ws/install/aws_robomaker_small_house_world/share/aws_robomaker_small_house_world/models/aws_robomaker_residential_Door_01/materials/textures\n'}
[0.238945] (aws_robomaker_small_house_world) StdoutLine: {'line': b'-- Up-to-date: /home/frankie/ros2_ws/install/aws_robomaker_small_house_world/share/aws_robomaker_small_house_world/models/aws_robomaker_residential_Door_01/materials/textures/aws_Door_01.png\n'}
[0.239019] (aws_robomaker_small_house_world) StdoutLine: {'line': b'-- Up-to-date: /home/frankie/ros2_ws/install/aws_robomaker_small_house_world/share/aws_robomaker_small_house_world/models/aws_robomaker_residential_Door_01/meshes\n'}
[0.239133] (aws_robomaker_small_house_world) StdoutLine: {'line': b'-- Up-to-date: /home/frankie/ros2_ws/install/aws_robomaker_small_house_world/share/aws_robomaker_small_house_world/models/aws_robomaker_residential_Door_01/meshes/aws_Door_01_visual.DAE\n'}
[0.239245] (aws_robomaker_small_house_world) StdoutLine: {'line': b'-- Up-to-date: /home/frankie/ros2_ws/install/aws_robomaker_small_house_world/share/aws_robomaker_small_house_world/models/aws_robomaker_residential_Door_01/meshes/aws_Door_01_collision.DAE\n'}
[0.239323] (aws_robomaker_small_house_world) StdoutLine: {'line': b'-- Up-to-date: /home/frankie/ros2_ws/install/aws_robomaker_small_house_world/share/aws_robomaker_small_house_world/models/aws_robomaker_residential_Door_01/model.config\n'}
[0.239407] (aws_robomaker_small_house_world) StdoutLine: {'line': b'-- Up-to-date: /home/frankie/ros2_ws/install/aws_robomaker_small_house_world/share/aws_robomaker_small_house_world/models/aws_robomaker_residential_Door_01/model.sdf\n'}
[0.239465] (aws_robomaker_small_house_world) StdoutLine: {'line': b'-- Up-to-date: /home/frankie/ros2_ws/install/aws_robomaker_small_house_world/share/aws_robomaker_small_house_world/models/aws_robomaker_residential_TVCabinet_01\n'}
[0.239522] (aws_robomaker_small_house_world) StdoutLine: {'line': b'-- Up-to-date: /home/frankie/ros2_ws/install/aws_robomaker_small_house_world/share/aws_robomaker_small_house_world/models/aws_robomaker_residential_TVCabinet_01/materials\n'}
[0.239583] (aws_robomaker_small_house_world) StdoutLine: {'line': b'-- Up-to-date: /home/frankie/ros2_ws/install/aws_robomaker_small_house_world/share/aws_robomaker_small_house_world/models/aws_robomaker_residential_TVCabinet_01/materials/textures\n'}
[0.239684] (aws_robomaker_small_house_world) StdoutLine: {'line': b'-- Up-to-date: /home/frankie/ros2_ws/install/aws_robomaker_small_house_world/share/aws_robomaker_small_house_world/models/aws_robomaker_residential_TVCabinet_01/materials/textures/aws_TVCabinet_01.png\n'}
[0.239815] (aws_robomaker_small_house_world) StdoutLine: {'line': b'-- Up-to-date: /home/frankie/ros2_ws/install/aws_robomaker_small_house_world/share/aws_robomaker_small_house_world/models/aws_robomaker_residential_TVCabinet_01/meshes\n'}
[0.239877] (aws_robomaker_small_house_world) StdoutLine: {'line': b'-- Up-to-date: /home/frankie/ros2_ws/install/aws_robomaker_small_house_world/share/aws_robomaker_small_house_world/models/aws_robomaker_residential_TVCabinet_01/meshes/aws_TVCabinet_01_collision.DAE\n'}
[0.239937] (aws_robomaker_small_house_world) StdoutLine: {'line': b'-- Up-to-date: /home/frankie/ros2_ws/install/aws_robomaker_small_house_world/share/aws_robomaker_small_house_world/models/aws_robomaker_residential_TVCabinet_01/meshes/aws_TVCabinet_01_visual.DAE\n'}
[0.239996] (aws_robomaker_small_house_world) StdoutLine: {'line': b'-- Up-to-date: /home/frankie/ros2_ws/install/aws_robomaker_small_house_world/share/aws_robomaker_small_house_world/models/aws_robomaker_residential_TVCabinet_01/model.config\n'}
[0.240056] (aws_robomaker_small_house_world) StdoutLine: {'line': b'-- Up-to-date: /home/frankie/ros2_ws/install/aws_robomaker_small_house_world/share/aws_robomaker_small_house_world/models/aws_robomaker_residential_TVCabinet_01/model.sdf\n'}
[0.240142] (aws_robomaker_small_house_world) StdoutLine: {'line': b'-- Up-to-date: /home/frankie/ros2_ws/install/aws_robomaker_small_house_world/share/aws_robomaker_small_house_world/models/aws_robomaker_residential_FoldingDoor_02\n'}
[0.240195] (aws_robomaker_small_house_world) StdoutLine: {'line': b'-- Up-to-date: /home/frankie/ros2_ws/install/aws_robomaker_small_house_world/share/aws_robomaker_small_house_world/models/aws_robomaker_residential_FoldingDoor_02/materials\n'}
[0.240246] (aws_robomaker_small_house_world) StdoutLine: {'line': b'-- Up-to-date: /home/frankie/ros2_ws/install/aws_robomaker_small_house_world/share/aws_robomaker_small_house_world/models/aws_robomaker_residential_FoldingDoor_02/materials/textures\n'}
[0.240305] (aws_robomaker_small_house_world) StdoutLine: {'line': b'-- Up-to-date: /home/frankie/ros2_ws/install/aws_robomaker_small_house_world/share/aws_robomaker_small_house_world/models/aws_robomaker_residential_FoldingDoor_02/materials/textures/aws_FoldingDoor_02.png\n'}
[0.240399] (aws_robomaker_small_house_world) StdoutLine: {'line': b'-- Up-to-date: /home/frankie/ros2_ws/install/aws_robomaker_small_house_world/share/aws_robomaker_small_house_world/models/aws_robomaker_residential_FoldingDoor_02/meshes\n'}
[0.240489] (aws_robomaker_small_house_world) StdoutLine: {'line': b'-- Up-to-date: /home/frankie/ros2_ws/install/aws_robomaker_small_house_world/share/aws_robomaker_small_house_world/models/aws_robomaker_residential_FoldingDoor_02/meshes/aws_FoldingDoor_02_visual.DAE\n'}
[0.240535] (aws_robomaker_small_house_world) StdoutLine: {'line': b'-- Up-to-date: /home/frankie/ros2_ws/install/aws_robomaker_small_house_world/share/aws_robomaker_small_house_world/models/aws_robomaker_residential_FoldingDoor_02/meshes/aws_FoldingDoor_02_collision.DAE\n'}
[0.240587] (aws_robomaker_small_house_world) StdoutLine: {'line': b'-- Up-to-date: /home/frankie/ros2_ws/install/aws_robomaker_small_house_world/share/aws_robomaker_small_house_world/models/aws_robomaker_residential_FoldingDoor_02/model.config\n'}
[0.240637] (aws_robomaker_small_house_world) StdoutLine: {'line': b'-- Up-to-date: /home/frankie/ros2_ws/install/aws_robomaker_small_house_world/share/aws_robomaker_small_house_world/models/aws_robomaker_residential_FoldingDoor_02/model.sdf\n'}
[0.240686] (aws_robomaker_small_house_world) StdoutLine: {'line': b'-- Up-to-date: /home/frankie/ros2_ws/install/aws_robomaker_small_house_world/share/aws_robomaker_small_house_world/models/aws_robomaker_residential_Tableware_01\n'}
[0.240735] (aws_robomaker_small_house_world) StdoutLine: {'line': b'-- Up-to-date: /home/frankie/ros2_ws/install/aws_robomaker_small_house_world/share/aws_robomaker_small_house_world/models/aws_robomaker_residential_Tableware_01/materials\n'}
[0.240783] (aws_robomaker_small_house_world) StdoutLine: {'line': b'-- Up-to-date: /home/frankie/ros2_ws/install/aws_robomaker_small_house_world/share/aws_robomaker_small_house_world/models/aws_robomaker_residential_Tableware_01/materials/textures\n'}
[0.240876] (aws_robomaker_small_house_world) StdoutLine: {'line': b'-- Up-to-date: /home/frankie/ros2_ws/install/aws_robomaker_small_house_world/share/aws_robomaker_small_house_world/models/aws_robomaker_residential_Tableware_01/materials/textures/aws_Tableware_01.png\n'}
[0.240978] (aws_robomaker_small_house_world) StdoutLine: {'line': b'-- Up-to-date: /home/frankie/ros2_ws/install/aws_robomaker_small_house_world/share/aws_robomaker_small_house_world/models/aws_robomaker_residential_Tableware_01/meshes\n'}
[0.241031] (aws_robomaker_small_house_world) StdoutLine: {'line': b'-- Up-to-date: /home/frankie/ros2_ws/install/aws_robomaker_small_house_world/share/aws_robomaker_small_house_world/models/aws_robomaker_residential_Tableware_01/meshes/aws_Tableware_01_visual.DAE\n'}
[0.241081] (aws_robomaker_small_house_world) StdoutLine: {'line': b'-- Up-to-date: /home/frankie/ros2_ws/install/aws_robomaker_small_house_world/share/aws_robomaker_small_house_world/models/aws_robomaker_residential_Tableware_01/meshes/aws_Tableware_01_collision.DAE\n'}
[0.241132] (aws_robomaker_small_house_world) StdoutLine: {'line': b'-- Up-to-date: /home/frankie/ros2_ws/install/aws_robomaker_small_house_world/share/aws_robomaker_small_house_world/models/aws_robomaker_residential_Tableware_01/model.config\n'}
[0.241180] (aws_robomaker_small_house_world) StdoutLine: {'line': b'-- Up-to-date: /home/frankie/ros2_ws/install/aws_robomaker_small_house_world/share/aws_robomaker_small_house_world/models/aws_robomaker_residential_Tableware_01/model.sdf\n'}
[0.241232] (aws_robomaker_small_house_world) StdoutLine: {'line': b'-- Up-to-date: /home/frankie/ros2_ws/install/aws_robomaker_small_house_world/share/aws_robomaker_small_house_world/models/aws_robomaker_residential_DeskPortraitA_02\n'}
[0.241316] (aws_robomaker_small_house_world) StdoutLine: {'line': b'-- Up-to-date: /home/frankie/ros2_ws/install/aws_robomaker_small_house_world/share/aws_robomaker_small_house_world/models/aws_robomaker_residential_DeskPortraitA_02/materials\n'}
[0.241575] (aws_robomaker_small_house_world) StdoutLine: {'line': b'-- Up-to-date: /home/frankie/ros2_ws/install/aws_robomaker_small_house_world/share/aws_robomaker_small_house_world/models/aws_robomaker_residential_DeskPortraitA_02/materials/textures\n'}
[0.241691] (aws_robomaker_small_house_world) StdoutLine: {'line': b'-- Up-to-date: /home/frankie/ros2_ws/install/aws_robomaker_small_house_world/share/aws_robomaker_small_house_world/models/aws_robomaker_residential_DeskPortraitA_02/materials/textures/aws_DeskPortraitA_02.png\n'}
[0.241757] (aws_robomaker_small_house_world) StdoutLine: {'line': b'-- Up-to-date: /home/frankie/ros2_ws/install/aws_robomaker_small_house_world/share/aws_robomaker_small_house_world/models/aws_robomaker_residential_DeskPortraitA_02/materials/textures/aws_DeskPortraitA_01.png\n'}
[0.241816] (aws_robomaker_small_house_world) StdoutLine: {'line': b'-- Up-to-date: /home/frankie/ros2_ws/install/aws_robomaker_small_house_world/share/aws_robomaker_small_house_world/models/aws_robomaker_residential_DeskPortraitA_02/meshes\n'}
[0.241878] (aws_robomaker_small_house_world) StdoutLine: {'line': b'-- Up-to-date: /home/frankie/ros2_ws/install/aws_robomaker_small_house_world/share/aws_robomaker_small_house_world/models/aws_robomaker_residential_DeskPortraitA_02/meshes/aws_DeskPortraitA_01_collision.DAE\n'}
[0.241937] (aws_robomaker_small_house_world) StdoutLine: {'line': b'-- Up-to-date: /home/frankie/ros2_ws/install/aws_robomaker_small_house_world/share/aws_robomaker_small_house_world/models/aws_robomaker_residential_DeskPortraitA_02/meshes/aws_DeskPortraitA_01_visual.DAE\n'}
[0.241998] (aws_robomaker_small_house_world) StdoutLine: {'line': b'-- Up-to-date: /home/frankie/ros2_ws/install/aws_robomaker_small_house_world/share/aws_robomaker_small_house_world/models/aws_robomaker_residential_DeskPortraitA_02/model.config\n'}
[0.242059] (aws_robomaker_small_house_world) StdoutLine: {'line': b'-- Up-to-date: /home/frankie/ros2_ws/install/aws_robomaker_small_house_world/share/aws_robomaker_small_house_world/models/aws_robomaker_residential_DeskPortraitA_02/model.sdf\n'}
[0.242118] (aws_robomaker_small_house_world) StdoutLine: {'line': b'-- Up-to-date: /home/frankie/ros2_ws/install/aws_robomaker_small_house_world/share/aws_robomaker_small_house_world/models/aws_robomaker_residential_CookingBench_01\n'}
[0.242212] (aws_robomaker_small_house_world) StdoutLine: {'line': b'-- Up-to-date: /home/frankie/ros2_ws/install/aws_robomaker_small_house_world/share/aws_robomaker_small_house_world/models/aws_robomaker_residential_CookingBench_01/materials\n'}
[0.242321] (aws_robomaker_small_house_world) StdoutLine: {'line': b'-- Up-to-date: /home/frankie/ros2_ws/install/aws_robomaker_small_house_world/share/aws_robomaker_small_house_world/models/aws_robomaker_residential_CookingBench_01/materials/textures\n'}
[0.242389] (aws_robomaker_small_house_world) StdoutLine: {'line': b'-- Up-to-date: /home/frankie/ros2_ws/install/aws_robomaker_small_house_world/share/aws_robomaker_small_house_world/models/aws_robomaker_residential_CookingBench_01/materials/textures/aws_CookingBench_01.png\n'}
[0.242454] (aws_robomaker_small_house_world) StdoutLine: {'line': b'-- Up-to-date: /home/frankie/ros2_ws/install/aws_robomaker_small_house_world/share/aws_robomaker_small_house_world/models/aws_robomaker_residential_CookingBench_01/meshes\n'}
[0.242513] (aws_robomaker_small_house_world) StdoutLine: {'line': b'-- Up-to-date: /home/frankie/ros2_ws/install/aws_robomaker_small_house_world/share/aws_robomaker_small_house_world/models/aws_robomaker_residential_CookingBench_01/meshes/aws_CookingBench_01_visual.DAE\n'}
[0.242620] (aws_robomaker_small_house_world) StdoutLine: {'line': b'-- Up-to-date: /home/frankie/ros2_ws/install/aws_robomaker_small_house_world/share/aws_robomaker_small_house_world/models/aws_robomaker_residential_CookingBench_01/meshes/aws_CookingBench_01_collision.DAE\n'}
[0.242684] (aws_robomaker_small_house_world) StdoutLine: {'line': b'-- Up-to-date: /home/frankie/ros2_ws/install/aws_robomaker_small_house_world/share/aws_robomaker_small_house_world/models/aws_robomaker_residential_CookingBench_01/meshes/aws_CookingBench_01.DAE\n'}
[0.242739] (aws_robomaker_small_house_world) StdoutLine: {'line': b'-- Up-to-date: /home/frankie/ros2_ws/install/aws_robomaker_small_house_world/share/aws_robomaker_small_house_world/models/aws_robomaker_residential_CookingBench_01/model.config\n'}
[0.242839] (aws_robomaker_small_house_world) StdoutLine: {'line': b'-- Up-to-date: /home/frankie/ros2_ws/install/aws_robomaker_small_house_world/share/aws_robomaker_small_house_world/models/aws_robomaker_residential_CookingBench_01/model.sdf\n'}
[0.242889] (aws_robomaker_small_house_world) StdoutLine: {'line': b'-- Up-to-date: /home/frankie/ros2_ws/install/aws_robomaker_small_house_world/share/aws_robomaker_small_house_world/models/aws_robomaker_residential_KitchenCabinet_01\n'}
[0.242939] (aws_robomaker_small_house_world) StdoutLine: {'line': b'-- Up-to-date: /home/frankie/ros2_ws/install/aws_robomaker_small_house_world/share/aws_robomaker_small_house_world/models/aws_robomaker_residential_KitchenCabinet_01/materials\n'}
[0.242989] (aws_robomaker_small_house_world) StdoutLine: {'line': b'-- Up-to-date: /home/frankie/ros2_ws/install/aws_robomaker_small_house_world/share/aws_robomaker_small_house_world/models/aws_robomaker_residential_KitchenCabinet_01/materials/textures\n'}
[0.243042] (aws_robomaker_small_house_world) StdoutLine: {'line': b'-- Up-to-date: /home/frankie/ros2_ws/install/aws_robomaker_small_house_world/share/aws_robomaker_small_house_world/models/aws_robomaker_residential_KitchenCabinet_01/materials/textures/aws_KitchenCabinet_01.png\n'}
[0.243093] (aws_robomaker_small_house_world) StdoutLine: {'line': b'-- Up-to-date: /home/frankie/ros2_ws/install/aws_robomaker_small_house_world/share/aws_robomaker_small_house_world/models/aws_robomaker_residential_KitchenCabinet_01/meshes\n'}
[0.243174] (aws_robomaker_small_house_world) StdoutLine: {'line': b'-- Up-to-date: /home/frankie/ros2_ws/install/aws_robomaker_small_house_world/share/aws_robomaker_small_house_world/models/aws_robomaker_residential_KitchenCabinet_01/meshes/aws_KitchenCabinet_01_visual.DAE\n'}
[0.243280] (aws_robomaker_small_house_world) StdoutLine: {'line': b'-- Up-to-date: /home/frankie/ros2_ws/install/aws_robomaker_small_house_world/share/aws_robomaker_small_house_world/models/aws_robomaker_residential_KitchenCabinet_01/meshes/aws_KitchenCabinet_01_collision.DAE\n'}
[0.243338] (aws_robomaker_small_house_world) StdoutLine: {'line': b'-- Up-to-date: /home/frankie/ros2_ws/install/aws_robomaker_small_house_world/share/aws_robomaker_small_house_world/models/aws_robomaker_residential_KitchenCabinet_01/model.config\n'}
[0.243389] (aws_robomaker_small_house_world) StdoutLine: {'line': b'-- Up-to-date: /home/frankie/ros2_ws/install/aws_robomaker_small_house_world/share/aws_robomaker_small_house_world/models/aws_robomaker_residential_KitchenCabinet_01/model.sdf\n'}
[0.243439] (aws_robomaker_small_house_world) StdoutLine: {'line': b'-- Up-to-date: /home/frankie/ros2_ws/install/aws_robomaker_small_house_world/share/aws_robomaker_small_house_world/models/aws_robomaker_residential_DeskPortraitB_02\n'}
[0.243492] (aws_robomaker_small_house_world) StdoutLine: {'line': b'-- Up-to-date: /home/frankie/ros2_ws/install/aws_robomaker_small_house_world/share/aws_robomaker_small_house_world/models/aws_robomaker_residential_DeskPortraitB_02/materials\n'}
[0.243545] (aws_robomaker_small_house_world) StdoutLine: {'line': b'-- Up-to-date: /home/frankie/ros2_ws/install/aws_robomaker_small_house_world/share/aws_robomaker_small_house_world/models/aws_robomaker_residential_DeskPortraitB_02/materials/textures\n'}
[0.243622] (aws_robomaker_small_house_world) StdoutLine: {'line': b'-- Up-to-date: /home/frankie/ros2_ws/install/aws_robomaker_small_house_world/share/aws_robomaker_small_house_world/models/aws_robomaker_residential_DeskPortraitB_02/materials/textures/aws_DeskPortraitB_01.png\n'}
[0.243717] (aws_robomaker_small_house_world) StdoutLine: {'line': b'-- Up-to-date: /home/frankie/ros2_ws/install/aws_robomaker_small_house_world/share/aws_robomaker_small_house_world/models/aws_robomaker_residential_DeskPortraitB_02/materials/textures/aws_DeskPortraitB_02.png\n'}
[0.243770] (aws_robomaker_small_house_world) StdoutLine: {'line': b'-- Up-to-date: /home/frankie/ros2_ws/install/aws_robomaker_small_house_world/share/aws_robomaker_small_house_world/models/aws_robomaker_residential_DeskPortraitB_02/meshes\n'}
[0.243836] (aws_robomaker_small_house_world) StdoutLine: {'line': b'-- Up-to-date: /home/frankie/ros2_ws/install/aws_robomaker_small_house_world/share/aws_robomaker_small_house_world/models/aws_robomaker_residential_DeskPortraitB_02/meshes/aws_DeskPortraitB_01_visual.DAE\n'}
[0.243883] (aws_robomaker_small_house_world) StdoutLine: {'line': b'-- Up-to-date: /home/frankie/ros2_ws/install/aws_robomaker_small_house_world/share/aws_robomaker_small_house_world/models/aws_robomaker_residential_DeskPortraitB_02/meshes/aws_DeskPortraitB_01_collision.DAE\n'}
[0.243930] (aws_robomaker_small_house_world) StdoutLine: {'line': b'-- Up-to-date: /home/frankie/ros2_ws/install/aws_robomaker_small_house_world/share/aws_robomaker_small_house_world/models/aws_robomaker_residential_DeskPortraitB_02/model.config\n'}
[0.243979] (aws_robomaker_small_house_world) StdoutLine: {'line': b'-- Up-to-date: /home/frankie/ros2_ws/install/aws_robomaker_small_house_world/share/aws_robomaker_small_house_world/models/aws_robomaker_residential_DeskPortraitB_02/model.sdf\n'}
[0.244028] (aws_robomaker_small_house_world) StdoutLine: {'line': b'-- Up-to-date: /home/frankie/ros2_ws/install/aws_robomaker_small_house_world/share/aws_robomaker_small_house_world/models/aws_robomaker_residential_Dumbbell_01\n'}
[0.244074] (aws_robomaker_small_house_world) StdoutLine: {'line': b'-- Up-to-date: /home/frankie/ros2_ws/install/aws_robomaker_small_house_world/share/aws_robomaker_small_house_world/models/aws_robomaker_residential_Dumbbell_01/materials\n'}
[0.244166] (aws_robomaker_small_house_world) StdoutLine: {'line': b'-- Up-to-date: /home/frankie/ros2_ws/install/aws_robomaker_small_house_world/share/aws_robomaker_small_house_world/models/aws_robomaker_residential_Dumbbell_01/materials/textures\n'}
[0.244216] (aws_robomaker_small_house_world) StdoutLine: {'line': b'-- Up-to-date: /home/frankie/ros2_ws/install/aws_robomaker_small_house_world/share/aws_robomaker_small_house_world/models/aws_robomaker_residential_Dumbbell_01/materials/textures/aws_Dumbbell_01.png\n'}
[0.244263] (aws_robomaker_small_house_world) StdoutLine: {'line': b'-- Up-to-date: /home/frankie/ros2_ws/install/aws_robomaker_small_house_world/share/aws_robomaker_small_house_world/models/aws_robomaker_residential_Dumbbell_01/meshes\n'}
[0.244350] (aws_robomaker_small_house_world) StdoutLine: {'line': b'-- Up-to-date: /home/frankie/ros2_ws/install/aws_robomaker_small_house_world/share/aws_robomaker_small_house_world/models/aws_robomaker_residential_Dumbbell_01/meshes/aws_Dumbbell_01_visual.DAE\n'}
[0.244444] (aws_robomaker_small_house_world) StdoutLine: {'line': b'-- Up-to-date: /home/frankie/ros2_ws/install/aws_robomaker_small_house_world/share/aws_robomaker_small_house_world/models/aws_robomaker_residential_Dumbbell_01/meshes/aws_Dumbbell_01_collision.DAE\n'}
[0.244494] (aws_robomaker_small_house_world) StdoutLine: {'line': b'-- Up-to-date: /home/frankie/ros2_ws/install/aws_robomaker_small_house_world/share/aws_robomaker_small_house_world/models/aws_robomaker_residential_Dumbbell_01/model.config\n'}
[0.244553] (aws_robomaker_small_house_world) StdoutLine: {'line': b'-- Up-to-date: /home/frankie/ros2_ws/install/aws_robomaker_small_house_world/share/aws_robomaker_small_house_world/models/aws_robomaker_residential_Dumbbell_01/model.sdf\n'}
[0.244599] (aws_robomaker_small_house_world) StdoutLine: {'line': b'-- Up-to-date: /home/frankie/ros2_ws/install/aws_robomaker_small_house_world/share/aws_robomaker_small_house_world/models/aws_robomaker_residential_FloorB_01\n'}
[0.244642] (aws_robomaker_small_house_world) StdoutLine: {'line': b'-- Up-to-date: /home/frankie/ros2_ws/install/aws_robomaker_small_house_world/share/aws_robomaker_small_house_world/models/aws_robomaker_residential_FloorB_01/materials\n'}
[0.244684] (aws_robomaker_small_house_world) StdoutLine: {'line': b'-- Up-to-date: /home/frankie/ros2_ws/install/aws_robomaker_small_house_world/share/aws_robomaker_small_house_world/models/aws_robomaker_residential_FloorB_01/materials/textures\n'}
[0.244767] (aws_robomaker_small_house_world) StdoutLine: {'line': b'-- Up-to-date: /home/frankie/ros2_ws/install/aws_robomaker_small_house_world/share/aws_robomaker_small_house_world/models/aws_robomaker_residential_FloorB_01/materials/textures/aws_FloorB_01.png\n'}
[0.244813] (aws_robomaker_small_house_world) StdoutLine: {'line': b'-- Up-to-date: /home/frankie/ros2_ws/install/aws_robomaker_small_house_world/share/aws_robomaker_small_house_world/models/aws_robomaker_residential_FloorB_01/meshes\n'}
[0.244884] (aws_robomaker_small_house_world) StdoutLine: {'line': b'-- Up-to-date: /home/frankie/ros2_ws/install/aws_robomaker_small_house_world/share/aws_robomaker_small_house_world/models/aws_robomaker_residential_FloorB_01/meshes/aws_FloorB_01_visual.DAE\n'}
[0.244971] (aws_robomaker_small_house_world) StdoutLine: {'line': b'-- Up-to-date: /home/frankie/ros2_ws/install/aws_robomaker_small_house_world/share/aws_robomaker_small_house_world/models/aws_robomaker_residential_FloorB_01/meshes/aws_FloorB_01_collision.DAE\n'}
[0.245018] (aws_robomaker_small_house_world) StdoutLine: {'line': b'-- Up-to-date: /home/frankie/ros2_ws/install/aws_robomaker_small_house_world/share/aws_robomaker_small_house_world/models/aws_robomaker_residential_FloorB_01/model.config\n'}
[0.245064] (aws_robomaker_small_house_world) StdoutLine: {'line': b'-- Up-to-date: /home/frankie/ros2_ws/install/aws_robomaker_small_house_world/share/aws_robomaker_small_house_world/models/aws_robomaker_residential_FloorB_01/model.sdf\n'}
[0.245110] (aws_robomaker_small_house_world) StdoutLine: {'line': b'-- Up-to-date: /home/frankie/ros2_ws/install/aws_robomaker_small_house_world/share/aws_robomaker_small_house_world/models/aws_robomaker_residential_PortraitA_02\n'}
[0.245182] (aws_robomaker_small_house_world) StdoutLine: {'line': b'-- Up-to-date: /home/frankie/ros2_ws/install/aws_robomaker_small_house_world/share/aws_robomaker_small_house_world/models/aws_robomaker_residential_PortraitA_02/materials\n'}
[0.245256] (aws_robomaker_small_house_world) StdoutLine: {'line': b'-- Up-to-date: /home/frankie/ros2_ws/install/aws_robomaker_small_house_world/share/aws_robomaker_small_house_world/models/aws_robomaker_residential_PortraitA_02/materials/textures\n'}
[0.245350] (aws_robomaker_small_house_world) StdoutLine: {'line': b'-- Up-to-date: /home/frankie/ros2_ws/install/aws_robomaker_small_house_world/share/aws_robomaker_small_house_world/models/aws_robomaker_residential_PortraitA_02/materials/textures/aws_PortraitA_01.png\n'}
[0.245398] (aws_robomaker_small_house_world) StdoutLine: {'line': b'-- Up-to-date: /home/frankie/ros2_ws/install/aws_robomaker_small_house_world/share/aws_robomaker_small_house_world/models/aws_robomaker_residential_PortraitA_02/materials/textures/aws_PortraitA_02.png\n'}
[0.245442] (aws_robomaker_small_house_world) StdoutLine: {'line': b'-- Up-to-date: /home/frankie/ros2_ws/install/aws_robomaker_small_house_world/share/aws_robomaker_small_house_world/models/aws_robomaker_residential_PortraitA_02/meshes\n'}
[0.245506] (aws_robomaker_small_house_world) StdoutLine: {'line': b'-- Up-to-date: /home/frankie/ros2_ws/install/aws_robomaker_small_house_world/share/aws_robomaker_small_house_world/models/aws_robomaker_residential_PortraitA_02/meshes/aws_PortraitA_01_collision.DAE\n'}
[0.245587] (aws_robomaker_small_house_world) StdoutLine: {'line': b'-- Up-to-date: /home/frankie/ros2_ws/install/aws_robomaker_small_house_world/share/aws_robomaker_small_house_world/models/aws_robomaker_residential_PortraitA_02/meshes/aws_PortraitA_01_visual.DAE\n'}
[0.245634] (aws_robomaker_small_house_world) StdoutLine: {'line': b'-- Up-to-date: /home/frankie/ros2_ws/install/aws_robomaker_small_house_world/share/aws_robomaker_small_house_world/models/aws_robomaker_residential_PortraitA_02/model.config\n'}
[0.245679] (aws_robomaker_small_house_world) StdoutLine: {'line': b'-- Up-to-date: /home/frankie/ros2_ws/install/aws_robomaker_small_house_world/share/aws_robomaker_small_house_world/models/aws_robomaker_residential_PortraitA_02/model.sdf\n'}
[0.245744] (aws_robomaker_small_house_world) StdoutLine: {'line': b'-- Up-to-date: /home/frankie/ros2_ws/install/aws_robomaker_small_house_world/share/aws_robomaker_small_house_world/models/aws_robomaker_residential_BalconyTable_01\n'}
[0.245793] (aws_robomaker_small_house_world) StdoutLine: {'line': b'-- Up-to-date: /home/frankie/ros2_ws/install/aws_robomaker_small_house_world/share/aws_robomaker_small_house_world/models/aws_robomaker_residential_BalconyTable_01/materials\n'}
[0.245876] (aws_robomaker_small_house_world) StdoutLine: {'line': b'-- Up-to-date: /home/frankie/ros2_ws/install/aws_robomaker_small_house_world/share/aws_robomaker_small_house_world/models/aws_robomaker_residential_BalconyTable_01/materials/textures\n'}
[0.245923] (aws_robomaker_small_house_world) StdoutLine: {'line': b'-- Up-to-date: /home/frankie/ros2_ws/install/aws_robomaker_small_house_world/share/aws_robomaker_small_house_world/models/aws_robomaker_residential_BalconyTable_01/materials/textures/aws_BalconyTable_01.png\n'}
[0.245969] (aws_robomaker_small_house_world) StdoutLine: {'line': b'-- Up-to-date: /home/frankie/ros2_ws/install/aws_robomaker_small_house_world/share/aws_robomaker_small_house_world/models/aws_robomaker_residential_BalconyTable_01/meshes\n'}
[0.246037] (aws_robomaker_small_house_world) StdoutLine: {'line': b'-- Up-to-date: /home/frankie/ros2_ws/install/aws_robomaker_small_house_world/share/aws_robomaker_small_house_world/models/aws_robomaker_residential_BalconyTable_01/meshes/aws_BalconyTable_01_visual.DAE\n'}
[0.246123] (aws_robomaker_small_house_world) StdoutLine: {'line': b'-- Up-to-date: /home/frankie/ros2_ws/install/aws_robomaker_small_house_world/share/aws_robomaker_small_house_world/models/aws_robomaker_residential_BalconyTable_01/meshes/aws_BalconyTable_01_collision.DAE\n'}
[0.246168] (aws_robomaker_small_house_world) StdoutLine: {'line': b'-- Up-to-date: /home/frankie/ros2_ws/install/aws_robomaker_small_house_world/share/aws_robomaker_small_house_world/models/aws_robomaker_residential_BalconyTable_01/model.config\n'}
[0.246213] (aws_robomaker_small_house_world) StdoutLine: {'line': b'-- Up-to-date: /home/frankie/ros2_ws/install/aws_robomaker_small_house_world/share/aws_robomaker_small_house_world/models/aws_robomaker_residential_BalconyTable_01/model.sdf\n'}
[0.246259] (aws_robomaker_small_house_world) StdoutLine: {'line': b'-- Up-to-date: /home/frankie/ros2_ws/install/aws_robomaker_small_house_world/share/aws_robomaker_small_house_world/models/aws_robomaker_residential_Bed_01\n'}
[0.246335] (aws_robomaker_small_house_world) StdoutLine: {'line': b'-- Up-to-date: /home/frankie/ros2_ws/install/aws_robomaker_small_house_world/share/aws_robomaker_small_house_world/models/aws_robomaker_residential_Bed_01/materials\n'}
[0.246406] (aws_robomaker_small_house_world) StdoutLine: {'line': b'-- Up-to-date: /home/frankie/ros2_ws/install/aws_robomaker_small_house_world/share/aws_robomaker_small_house_world/models/aws_robomaker_residential_Bed_01/materials/textures\n'}
[0.246491] (aws_robomaker_small_house_world) StdoutLine: {'line': b'-- Up-to-date: /home/frankie/ros2_ws/install/aws_robomaker_small_house_world/share/aws_robomaker_small_house_world/models/aws_robomaker_residential_Bed_01/materials/textures/aws_BedC_01.png\n'}
[0.246536] (aws_robomaker_small_house_world) StdoutLine: {'line': b'-- Up-to-date: /home/frankie/ros2_ws/install/aws_robomaker_small_house_world/share/aws_robomaker_small_house_world/models/aws_robomaker_residential_Bed_01/materials/textures/aws_Bed_01.png\n'}
[0.246582] (aws_robomaker_small_house_world) StdoutLine: {'line': b'-- Up-to-date: /home/frankie/ros2_ws/install/aws_robomaker_small_house_world/share/aws_robomaker_small_house_world/models/aws_robomaker_residential_Bed_01/materials/textures/aws_BedB_01.png\n'}
[0.246654] (aws_robomaker_small_house_world) StdoutLine: {'line': b'-- Up-to-date: /home/frankie/ros2_ws/install/aws_robomaker_small_house_world/share/aws_robomaker_small_house_world/models/aws_robomaker_residential_Bed_01/materials/textures/aws_BedA_01.png\n'}
[0.246732] (aws_robomaker_small_house_world) StdoutLine: {'line': b'-- Up-to-date: /home/frankie/ros2_ws/install/aws_robomaker_small_house_world/share/aws_robomaker_small_house_world/models/aws_robomaker_residential_Bed_01/meshes\n'}
[0.246778] (aws_robomaker_small_house_world) StdoutLine: {'line': b'-- Up-to-date: /home/frankie/ros2_ws/install/aws_robomaker_small_house_world/share/aws_robomaker_small_house_world/models/aws_robomaker_residential_Bed_01/meshes/aws_Bed_01_collision.DAE\n'}
[0.246824] (aws_robomaker_small_house_world) StdoutLine: {'line': b'-- Up-to-date: /home/frankie/ros2_ws/install/aws_robomaker_small_house_world/share/aws_robomaker_small_house_world/models/aws_robomaker_residential_Bed_01/meshes/aws_Bed_01_visual.DAE\n'}
[0.246868] (aws_robomaker_small_house_world) StdoutLine: {'line': b'-- Up-to-date: /home/frankie/ros2_ws/install/aws_robomaker_small_house_world/share/aws_robomaker_small_house_world/models/aws_robomaker_residential_Bed_01/model.config\n'}
[0.246939] (aws_robomaker_small_house_world) StdoutLine: {'line': b'-- Up-to-date: /home/frankie/ros2_ws/install/aws_robomaker_small_house_world/share/aws_robomaker_small_house_world/models/aws_robomaker_residential_Bed_01/model.sdf\n'}
[0.247022] (aws_robomaker_small_house_world) StdoutLine: {'line': b'-- Up-to-date: /home/frankie/ros2_ws/install/aws_robomaker_small_house_world/share/aws_robomaker_small_house_world/models/aws_robomaker_residential_Trash_01\n'}
[0.247065] (aws_robomaker_small_house_world) StdoutLine: {'line': b'-- Up-to-date: /home/frankie/ros2_ws/install/aws_robomaker_small_house_world/share/aws_robomaker_small_house_world/models/aws_robomaker_residential_Trash_01/materials\n'}
[0.247110] (aws_robomaker_small_house_world) StdoutLine: {'line': b'-- Up-to-date: /home/frankie/ros2_ws/install/aws_robomaker_small_house_world/share/aws_robomaker_small_house_world/models/aws_robomaker_residential_Trash_01/materials/textures\n'}
[0.247171] (aws_robomaker_small_house_world) StdoutLine: {'line': b'-- Up-to-date: /home/frankie/ros2_ws/install/aws_robomaker_small_house_world/share/aws_robomaker_small_house_world/models/aws_robomaker_residential_Trash_01/materials/textures/aws_Trash_01.png\n'}
[0.247239] (aws_robomaker_small_house_world) StdoutLine: {'line': b'-- Up-to-date: /home/frankie/ros2_ws/install/aws_robomaker_small_house_world/share/aws_robomaker_small_house_world/models/aws_robomaker_residential_Trash_01/meshes\n'}
[0.247319] (aws_robomaker_small_house_world) StdoutLine: {'line': b'-- Up-to-date: /home/frankie/ros2_ws/install/aws_robomaker_small_house_world/share/aws_robomaker_small_house_world/models/aws_robomaker_residential_Trash_01/meshes/aws_Trash_01_visual.DAE\n'}
[0.247414] (aws_robomaker_small_house_world) StdoutLine: {'line': b'-- Up-to-date: /home/frankie/ros2_ws/install/aws_robomaker_small_house_world/share/aws_robomaker_small_house_world/models/aws_robomaker_residential_Trash_01/meshes/aws_Trash_01_collision.DAE\n'}
[0.247460] (aws_robomaker_small_house_world) StdoutLine: {'line': b'-- Up-to-date: /home/frankie/ros2_ws/install/aws_robomaker_small_house_world/share/aws_robomaker_small_house_world/models/aws_robomaker_residential_Trash_01/model.config\n'}
[0.247505] (aws_robomaker_small_house_world) StdoutLine: {'line': b'-- Up-to-date: /home/frankie/ros2_ws/install/aws_robomaker_small_house_world/share/aws_robomaker_small_house_world/models/aws_robomaker_residential_Trash_01/model.sdf\n'}
[0.247553] (aws_robomaker_small_house_world) StdoutLine: {'line': b'-- Up-to-date: /home/frankie/ros2_ws/install/aws_robomaker_small_house_world/share/aws_robomaker_small_house_world/models/aws_robomaker_residential_FitnessEquipment_01\n'}
[0.247623] (aws_robomaker_small_house_world) StdoutLine: {'line': b'-- Up-to-date: /home/frankie/ros2_ws/install/aws_robomaker_small_house_world/share/aws_robomaker_small_house_world/models/aws_robomaker_residential_FitnessEquipment_01/materials\n'}
[0.247690] (aws_robomaker_small_house_world) StdoutLine: {'line': b'-- Up-to-date: /home/frankie/ros2_ws/install/aws_robomaker_small_house_world/share/aws_robomaker_small_house_world/models/aws_robomaker_residential_FitnessEquipment_01/materials/textures\n'}
[0.247772] (aws_robomaker_small_house_world) StdoutLine: {'line': b'-- Up-to-date: /home/frankie/ros2_ws/install/aws_robomaker_small_house_world/share/aws_robomaker_small_house_world/models/aws_robomaker_residential_FitnessEquipment_01/materials/textures/aws_FitnessEquipment_01.png\n'}
[0.247818] (aws_robomaker_small_house_world) StdoutLine: {'line': b'-- Up-to-date: /home/frankie/ros2_ws/install/aws_robomaker_small_house_world/share/aws_robomaker_small_house_world/models/aws_robomaker_residential_FitnessEquipment_01/meshes\n'}
[0.247882] (aws_robomaker_small_house_world) StdoutLine: {'line': b'-- Up-to-date: /home/frankie/ros2_ws/install/aws_robomaker_small_house_world/share/aws_robomaker_small_house_world/models/aws_robomaker_residential_FitnessEquipment_01/meshes/aws_FitnessEquipment_01_visual.DAE\n'}
[0.247946] (aws_robomaker_small_house_world) StdoutLine: {'line': b'-- Up-to-date: /home/frankie/ros2_ws/install/aws_robomaker_small_house_world/share/aws_robomaker_small_house_world/models/aws_robomaker_residential_FitnessEquipment_01/meshes/aws_FitnessEquipment_01_collision.DAE\n'}
[0.248021] (aws_robomaker_small_house_world) StdoutLine: {'line': b'-- Up-to-date: /home/frankie/ros2_ws/install/aws_robomaker_small_house_world/share/aws_robomaker_small_house_world/models/aws_robomaker_residential_FitnessEquipment_01/model.config\n'}
[0.248066] (aws_robomaker_small_house_world) StdoutLine: {'line': b'-- Up-to-date: /home/frankie/ros2_ws/install/aws_robomaker_small_house_world/share/aws_robomaker_small_house_world/models/aws_robomaker_residential_FitnessEquipment_01/model.sdf\n'}
[0.248109] (aws_robomaker_small_house_world) StdoutLine: {'line': b'-- Up-to-date: /home/frankie/ros2_ws/install/aws_robomaker_small_house_world/share/aws_robomaker_small_house_world/models/aws_robomaker_residential_Sofa_01\n'}
[0.248173] (aws_robomaker_small_house_world) StdoutLine: {'line': b'-- Up-to-date: /home/frankie/ros2_ws/install/aws_robomaker_small_house_world/share/aws_robomaker_small_house_world/models/aws_robomaker_residential_Sofa_01/materials\n'}
[0.248239] (aws_robomaker_small_house_world) StdoutLine: {'line': b'-- Up-to-date: /home/frankie/ros2_ws/install/aws_robomaker_small_house_world/share/aws_robomaker_small_house_world/models/aws_robomaker_residential_Sofa_01/materials/textures\n'}
[0.248331] (aws_robomaker_small_house_world) StdoutLine: {'line': b'-- Up-to-date: /home/frankie/ros2_ws/install/aws_robomaker_small_house_world/share/aws_robomaker_small_house_world/models/aws_robomaker_residential_Sofa_01/materials/textures/aws_Sofa_01.png\n'}
[0.248403] (aws_robomaker_small_house_world) StdoutLine: {'line': b'-- Up-to-date: /home/frankie/ros2_ws/install/aws_robomaker_small_house_world/share/aws_robomaker_small_house_world/models/aws_robomaker_residential_Sofa_01/meshes\n'}
[0.248476] (aws_robomaker_small_house_world) StdoutLine: {'line': b'-- Up-to-date: /home/frankie/ros2_ws/install/aws_robomaker_small_house_world/share/aws_robomaker_small_house_world/models/aws_robomaker_residential_Sofa_01/meshes/aws_Sofa_01.DAE\n'}
[0.248534] (aws_robomaker_small_house_world) StdoutLine: {'line': b'-- Up-to-date: /home/frankie/ros2_ws/install/aws_robomaker_small_house_world/share/aws_robomaker_small_house_world/models/aws_robomaker_residential_Sofa_01/meshes/aws_Sofa_01_collision.DAE\n'}
[0.248598] (aws_robomaker_small_house_world) StdoutLine: {'line': b'-- Up-to-date: /home/frankie/ros2_ws/install/aws_robomaker_small_house_world/share/aws_robomaker_small_house_world/models/aws_robomaker_residential_Sofa_01/meshes/aws_Sofa_01_visual.DAE\n'}
[0.248675] (aws_robomaker_small_house_world) StdoutLine: {'line': b'-- Up-to-date: /home/frankie/ros2_ws/install/aws_robomaker_small_house_world/share/aws_robomaker_small_house_world/models/aws_robomaker_residential_Sofa_01/model.config\n'}
[0.248719] (aws_robomaker_small_house_world) StdoutLine: {'line': b'-- Up-to-date: /home/frankie/ros2_ws/install/aws_robomaker_small_house_world/share/aws_robomaker_small_house_world/models/aws_robomaker_residential_Sofa_01/model.sdf\n'}
[0.248778] (aws_robomaker_small_house_world) StdoutLine: {'line': b'-- Up-to-date: /home/frankie/ros2_ws/install/aws_robomaker_small_house_world/share/aws_robomaker_small_house_world/models/aws_robomaker_residential_PortraitB_03\n'}
[0.248827] (aws_robomaker_small_house_world) StdoutLine: {'line': b'-- Up-to-date: /home/frankie/ros2_ws/install/aws_robomaker_small_house_world/share/aws_robomaker_small_house_world/models/aws_robomaker_residential_PortraitB_03/materials\n'}
[0.248895] (aws_robomaker_small_house_world) StdoutLine: {'line': b'-- Up-to-date: /home/frankie/ros2_ws/install/aws_robomaker_small_house_world/share/aws_robomaker_small_house_world/models/aws_robomaker_residential_PortraitB_03/materials/textures\n'}
[0.248961] (aws_robomaker_small_house_world) StdoutLine: {'line': b'-- Up-to-date: /home/frankie/ros2_ws/install/aws_robomaker_small_house_world/share/aws_robomaker_small_house_world/models/aws_robomaker_residential_PortraitB_03/materials/textures/aws_PortraitB_02.png\n'}
[0.249025] (aws_robomaker_small_house_world) StdoutLine: {'line': b'-- Up-to-date: /home/frankie/ros2_ws/install/aws_robomaker_small_house_world/share/aws_robomaker_small_house_world/models/aws_robomaker_residential_PortraitB_03/materials/textures/aws_PortraitB_01.png\n'}
[0.249094] (aws_robomaker_small_house_world) StdoutLine: {'line': b'-- Up-to-date: /home/frankie/ros2_ws/install/aws_robomaker_small_house_world/share/aws_robomaker_small_house_world/models/aws_robomaker_residential_PortraitB_03/meshes\n'}
[0.249186] (aws_robomaker_small_house_world) StdoutLine: {'line': b'-- Up-to-date: /home/frankie/ros2_ws/install/aws_robomaker_small_house_world/share/aws_robomaker_small_house_world/models/aws_robomaker_residential_PortraitB_03/meshes/aws_PortraitB_01_collision.DAE\n'}
[0.249232] (aws_robomaker_small_house_world) StdoutLine: {'line': b'-- Up-to-date: /home/frankie/ros2_ws/install/aws_robomaker_small_house_world/share/aws_robomaker_small_house_world/models/aws_robomaker_residential_PortraitB_03/meshes/aws_PortraitB_01_visual.DAE\n'}
[0.249274] (aws_robomaker_small_house_world) StdoutLine: {'line': b'-- Up-to-date: /home/frankie/ros2_ws/install/aws_robomaker_small_house_world/share/aws_robomaker_small_house_world/models/aws_robomaker_residential_PortraitB_03/model.config\n'}
[0.249324] (aws_robomaker_small_house_world) StdoutLine: {'line': b'-- Up-to-date: /home/frankie/ros2_ws/install/aws_robomaker_small_house_world/share/aws_robomaker_small_house_world/models/aws_robomaker_residential_PortraitB_03/model.sdf\n'}
[0.249370] (aws_robomaker_small_house_world) StdoutLine: {'line': b'-- Up-to-date: /home/frankie/ros2_ws/install/aws_robomaker_small_house_world/share/aws_robomaker_small_house_world/models/aws_robomaker_residential_Tablet_01\n'}
[0.249448] (aws_robomaker_small_house_world) StdoutLine: {'line': b'-- Up-to-date: /home/frankie/ros2_ws/install/aws_robomaker_small_house_world/share/aws_robomaker_small_house_world/models/aws_robomaker_residential_Tablet_01/materials\n'}
[0.249494] (aws_robomaker_small_house_world) StdoutLine: {'line': b'-- Up-to-date: /home/frankie/ros2_ws/install/aws_robomaker_small_house_world/share/aws_robomaker_small_house_world/models/aws_robomaker_residential_Tablet_01/materials/textures\n'}
[0.249567] (aws_robomaker_small_house_world) StdoutLine: {'line': b'-- Up-to-date: /home/frankie/ros2_ws/install/aws_robomaker_small_house_world/share/aws_robomaker_small_house_world/models/aws_robomaker_residential_Tablet_01/materials/textures/aws_Tablet_01_nologo.png\n'}
[0.249632] (aws_robomaker_small_house_world) StdoutLine: {'line': b'-- Up-to-date: /home/frankie/ros2_ws/install/aws_robomaker_small_house_world/share/aws_robomaker_small_house_world/models/aws_robomaker_residential_Tablet_01/meshes\n'}
[0.249710] (aws_robomaker_small_house_world) StdoutLine: {'line': b'-- Up-to-date: /home/frankie/ros2_ws/install/aws_robomaker_small_house_world/share/aws_robomaker_small_house_world/models/aws_robomaker_residential_Tablet_01/meshes/aws_Tablet_01_visual.DAE\n'}
[0.249769] (aws_robomaker_small_house_world) StdoutLine: {'line': b'-- Up-to-date: /home/frankie/ros2_ws/install/aws_robomaker_small_house_world/share/aws_robomaker_small_house_world/models/aws_robomaker_residential_Tablet_01/meshes/aws_Tablet_01_collision.DAE\n'}
[0.249842] (aws_robomaker_small_house_world) StdoutLine: {'line': b'-- Up-to-date: /home/frankie/ros2_ws/install/aws_robomaker_small_house_world/share/aws_robomaker_small_house_world/models/aws_robomaker_residential_Tablet_01/model.config\n'}
[0.249891] (aws_robomaker_small_house_world) StdoutLine: {'line': b'-- Up-to-date: /home/frankie/ros2_ws/install/aws_robomaker_small_house_world/share/aws_robomaker_small_house_world/models/aws_robomaker_residential_Tablet_01/model.sdf\n'}
[0.249936] (aws_robomaker_small_house_world) StdoutLine: {'line': b'-- Up-to-date: /home/frankie/ros2_ws/install/aws_robomaker_small_house_world/share/aws_robomaker_small_house_world/models/aws_robomaker_residential_PortraitA_01\n'}
[0.250013] (aws_robomaker_small_house_world) StdoutLine: {'line': b'-- Up-to-date: /home/frankie/ros2_ws/install/aws_robomaker_small_house_world/share/aws_robomaker_small_house_world/models/aws_robomaker_residential_PortraitA_01/materials\n'}
[0.250084] (aws_robomaker_small_house_world) StdoutLine: {'line': b'-- Up-to-date: /home/frankie/ros2_ws/install/aws_robomaker_small_house_world/share/aws_robomaker_small_house_world/models/aws_robomaker_residential_PortraitA_01/materials/textures\n'}
[0.250188] (aws_robomaker_small_house_world) StdoutLine: {'line': b'-- Up-to-date: /home/frankie/ros2_ws/install/aws_robomaker_small_house_world/share/aws_robomaker_small_house_world/models/aws_robomaker_residential_PortraitA_01/materials/textures/aws_PortraitA_01.png\n'}
[0.250236] (aws_robomaker_small_house_world) StdoutLine: {'line': b'-- Up-to-date: /home/frankie/ros2_ws/install/aws_robomaker_small_house_world/share/aws_robomaker_small_house_world/models/aws_robomaker_residential_PortraitA_01/materials/textures/aws_PortraitA_02.png\n'}
[0.250323] (aws_robomaker_small_house_world) StdoutLine: {'line': b'-- Up-to-date: /home/frankie/ros2_ws/install/aws_robomaker_small_house_world/share/aws_robomaker_small_house_world/models/aws_robomaker_residential_PortraitA_01/meshes\n'}
[0.250393] (aws_robomaker_small_house_world) StdoutLine: {'line': b'-- Up-to-date: /home/frankie/ros2_ws/install/aws_robomaker_small_house_world/share/aws_robomaker_small_house_world/models/aws_robomaker_residential_PortraitA_01/meshes/aws_PortraitA_01_collision.DAE\n'}
[0.250475] (aws_robomaker_small_house_world) StdoutLine: {'line': b'-- Up-to-date: /home/frankie/ros2_ws/install/aws_robomaker_small_house_world/share/aws_robomaker_small_house_world/models/aws_robomaker_residential_PortraitA_01/meshes/aws_PortraitA_01_visual.DAE\n'}
[0.250523] (aws_robomaker_small_house_world) StdoutLine: {'line': b'-- Up-to-date: /home/frankie/ros2_ws/install/aws_robomaker_small_house_world/share/aws_robomaker_small_house_world/models/aws_robomaker_residential_PortraitA_01/model.config\n'}
[0.250569] (aws_robomaker_small_house_world) StdoutLine: {'line': b'-- Up-to-date: /home/frankie/ros2_ws/install/aws_robomaker_small_house_world/share/aws_robomaker_small_house_world/models/aws_robomaker_residential_PortraitA_01/model.sdf\n'}
[0.250616] (aws_robomaker_small_house_world) StdoutLine: {'line': b'-- Up-to-date: /home/frankie/ros2_ws/install/aws_robomaker_small_house_world/share/aws_robomaker_small_house_world/models/aws_robomaker_residential_TV_02\n'}
[0.250689] (aws_robomaker_small_house_world) StdoutLine: {'line': b'-- Up-to-date: /home/frankie/ros2_ws/install/aws_robomaker_small_house_world/share/aws_robomaker_small_house_world/models/aws_robomaker_residential_TV_02/materials\n'}
[0.250762] (aws_robomaker_small_house_world) StdoutLine: {'line': b'-- Up-to-date: /home/frankie/ros2_ws/install/aws_robomaker_small_house_world/share/aws_robomaker_small_house_world/models/aws_robomaker_residential_TV_02/materials/textures\n'}
[0.250849] (aws_robomaker_small_house_world) StdoutLine: {'line': b'-- Up-to-date: /home/frankie/ros2_ws/install/aws_robomaker_small_house_world/share/aws_robomaker_small_house_world/models/aws_robomaker_residential_TV_02/materials/textures/aws_TV_01.png\n'}
[0.250892] (aws_robomaker_small_house_world) StdoutLine: {'line': b'-- Up-to-date: /home/frankie/ros2_ws/install/aws_robomaker_small_house_world/share/aws_robomaker_small_house_world/models/aws_robomaker_residential_TV_02/meshes\n'}
[0.250979] (aws_robomaker_small_house_world) StdoutLine: {'line': b'-- Up-to-date: /home/frankie/ros2_ws/install/aws_robomaker_small_house_world/share/aws_robomaker_small_house_world/models/aws_robomaker_residential_TV_02/meshes/aws_TV_01_collision.DAE\n'}
[0.251025] (aws_robomaker_small_house_world) StdoutLine: {'line': b'-- Up-to-date: /home/frankie/ros2_ws/install/aws_robomaker_small_house_world/share/aws_robomaker_small_house_world/models/aws_robomaker_residential_TV_02/meshes/aws_TV_01_visual.DAE\n'}
[0.251070] (aws_robomaker_small_house_world) StdoutLine: {'line': b'-- Up-to-date: /home/frankie/ros2_ws/install/aws_robomaker_small_house_world/share/aws_robomaker_small_house_world/models/aws_robomaker_residential_TV_02/model.config\n'}
[0.251140] (aws_robomaker_small_house_world) StdoutLine: {'line': b'-- Up-to-date: /home/frankie/ros2_ws/install/aws_robomaker_small_house_world/share/aws_robomaker_small_house_world/models/aws_robomaker_residential_TV_02/model.sdf\n'}
[0.251215] (aws_robomaker_small_house_world) StdoutLine: {'line': b'-- Up-to-date: /home/frankie/ros2_ws/install/aws_robomaker_small_house_world/share/aws_robomaker_small_house_world/models/aws_robomaker_residential_PortraitB_02\n'}
[0.251264] (aws_robomaker_small_house_world) StdoutLine: {'line': b'-- Up-to-date: /home/frankie/ros2_ws/install/aws_robomaker_small_house_world/share/aws_robomaker_small_house_world/models/aws_robomaker_residential_PortraitB_02/materials\n'}
[0.251344] (aws_robomaker_small_house_world) StdoutLine: {'line': b'-- Up-to-date: /home/frankie/ros2_ws/install/aws_robomaker_small_house_world/share/aws_robomaker_small_house_world/models/aws_robomaker_residential_PortraitB_02/materials/textures\n'}
[0.251413] (aws_robomaker_small_house_world) StdoutLine: {'line': b'-- Up-to-date: /home/frankie/ros2_ws/install/aws_robomaker_small_house_world/share/aws_robomaker_small_house_world/models/aws_robomaker_residential_PortraitB_02/materials/textures/aws_PortraitB_02.png\n'}
[0.251485] (aws_robomaker_small_house_world) StdoutLine: {'line': b'-- Up-to-date: /home/frankie/ros2_ws/install/aws_robomaker_small_house_world/share/aws_robomaker_small_house_world/models/aws_robomaker_residential_PortraitB_02/materials/textures/aws_PortraitB_01.png\n'}
[0.251530] (aws_robomaker_small_house_world) StdoutLine: {'line': b'-- Up-to-date: /home/frankie/ros2_ws/install/aws_robomaker_small_house_world/share/aws_robomaker_small_house_world/models/aws_robomaker_residential_PortraitB_02/meshes\n'}
[0.251596] (aws_robomaker_small_house_world) StdoutLine: {'line': b'-- Up-to-date: /home/frankie/ros2_ws/install/aws_robomaker_small_house_world/share/aws_robomaker_small_house_world/models/aws_robomaker_residential_PortraitB_02/meshes/aws_PortraitB_01_collision.DAE\n'}
[0.251680] (aws_robomaker_small_house_world) StdoutLine: {'line': b'-- Up-to-date: /home/frankie/ros2_ws/install/aws_robomaker_small_house_world/share/aws_robomaker_small_house_world/models/aws_robomaker_residential_PortraitB_02/meshes/aws_PortraitB_01_visual.DAE\n'}
[0.251723] (aws_robomaker_small_house_world) StdoutLine: {'line': b'-- Up-to-date: /home/frankie/ros2_ws/install/aws_robomaker_small_house_world/share/aws_robomaker_small_house_world/models/aws_robomaker_residential_PortraitB_02/model.config\n'}
[0.251787] (aws_robomaker_small_house_world) StdoutLine: {'line': b'-- Up-to-date: /home/frankie/ros2_ws/install/aws_robomaker_small_house_world/share/aws_robomaker_small_house_world/models/aws_robomaker_residential_PortraitB_02/model.sdf\n'}
[0.251831] (aws_robomaker_small_house_world) StdoutLine: {'line': b'-- Up-to-date: /home/frankie/ros2_ws/install/aws_robomaker_small_house_world/share/aws_robomaker_small_house_world/models/aws_robomaker_residential_HouseWallB_01\n'}
[0.251877] (aws_robomaker_small_house_world) StdoutLine: {'line': b'-- Up-to-date: /home/frankie/ros2_ws/install/aws_robomaker_small_house_world/share/aws_robomaker_small_house_world/models/aws_robomaker_residential_HouseWallB_01/materials\n'}
[0.251949] (aws_robomaker_small_house_world) StdoutLine: {'line': b'-- Up-to-date: /home/frankie/ros2_ws/install/aws_robomaker_small_house_world/share/aws_robomaker_small_house_world/models/aws_robomaker_residential_HouseWallB_01/materials/textures\n'}
[0.252018] (aws_robomaker_small_house_world) StdoutLine: {'line': b'-- Up-to-date: /home/frankie/ros2_ws/install/aws_robomaker_small_house_world/share/aws_robomaker_small_house_world/models/aws_robomaker_residential_HouseWallB_01/materials/textures/aws_HouseWallB_01.png\n'}
[0.252089] (aws_robomaker_small_house_world) StdoutLine: {'line': b'-- Up-to-date: /home/frankie/ros2_ws/install/aws_robomaker_small_house_world/share/aws_robomaker_small_house_world/models/aws_robomaker_residential_HouseWallB_01/meshes\n'}
[0.252170] (aws_robomaker_small_house_world) StdoutLine: {'line': b'-- Up-to-date: /home/frankie/ros2_ws/install/aws_robomaker_small_house_world/share/aws_robomaker_small_house_world/models/aws_robomaker_residential_HouseWallB_01/meshes/aws_HouseWallB_01_collision.DAE\n'}
[0.252216] (aws_robomaker_small_house_world) StdoutLine: {'line': b'-- Up-to-date: /home/frankie/ros2_ws/install/aws_robomaker_small_house_world/share/aws_robomaker_small_house_world/models/aws_robomaker_residential_HouseWallB_01/meshes/aws_HouseWallB_01_visual.DAE\n'}
[0.252289] (aws_robomaker_small_house_world) StdoutLine: {'line': b'-- Up-to-date: /home/frankie/ros2_ws/install/aws_robomaker_small_house_world/share/aws_robomaker_small_house_world/models/aws_robomaker_residential_HouseWallB_01/model.config\n'}
[0.252380] (aws_robomaker_small_house_world) StdoutLine: {'line': b'-- Up-to-date: /home/frankie/ros2_ws/install/aws_robomaker_small_house_world/share/aws_robomaker_small_house_world/models/aws_robomaker_residential_HouseWallB_01/model.sdf\n'}
[0.252427] (aws_robomaker_small_house_world) StdoutLine: {'line': b'-- Up-to-date: /home/frankie/ros2_ws/install/aws_robomaker_small_house_world/share/aws_robomaker_small_house_world/models/aws_robomaker_residential_DeskPortraitD_03\n'}
[0.252468] (aws_robomaker_small_house_world) StdoutLine: {'line': b'-- Up-to-date: /home/frankie/ros2_ws/install/aws_robomaker_small_house_world/share/aws_robomaker_small_house_world/models/aws_robomaker_residential_DeskPortraitD_03/materials\n'}
[0.252535] (aws_robomaker_small_house_world) StdoutLine: {'line': b'-- Up-to-date: /home/frankie/ros2_ws/install/aws_robomaker_small_house_world/share/aws_robomaker_small_house_world/models/aws_robomaker_residential_DeskPortraitD_03/materials/textures\n'}
[0.252615] (aws_robomaker_small_house_world) StdoutLine: {'line': b'-- Up-to-date: /home/frankie/ros2_ws/install/aws_robomaker_small_house_world/share/aws_robomaker_small_house_world/models/aws_robomaker_residential_DeskPortraitD_03/materials/textures/aws_DeskPortraitD_02.png\n'}
[0.252687] (aws_robomaker_small_house_world) StdoutLine: {'line': b'-- Up-to-date: /home/frankie/ros2_ws/install/aws_robomaker_small_house_world/share/aws_robomaker_small_house_world/models/aws_robomaker_residential_DeskPortraitD_03/materials/textures/aws_DeskPortraitD_01.png\n'}
[0.252730] (aws_robomaker_small_house_world) StdoutLine: {'line': b'-- Up-to-date: /home/frankie/ros2_ws/install/aws_robomaker_small_house_world/share/aws_robomaker_small_house_world/models/aws_robomaker_residential_DeskPortraitD_03/meshes\n'}
[0.252797] (aws_robomaker_small_house_world) StdoutLine: {'line': b'-- Up-to-date: /home/frankie/ros2_ws/install/aws_robomaker_small_house_world/share/aws_robomaker_small_house_world/models/aws_robomaker_residential_DeskPortraitD_03/meshes/aws_DeskPortraitD_01_collision.DAE\n'}
[0.252863] (aws_robomaker_small_house_world) StdoutLine: {'line': b'-- Up-to-date: /home/frankie/ros2_ws/install/aws_robomaker_small_house_world/share/aws_robomaker_small_house_world/models/aws_robomaker_residential_DeskPortraitD_03/meshes/aws_DeskPortraitD_01_visual.DAE\n'}
[0.252930] (aws_robomaker_small_house_world) StdoutLine: {'line': b'-- Up-to-date: /home/frankie/ros2_ws/install/aws_robomaker_small_house_world/share/aws_robomaker_small_house_world/models/aws_robomaker_residential_DeskPortraitD_03/model.config\n'}
[0.252986] (aws_robomaker_small_house_world) StdoutLine: {'line': b'-- Up-to-date: /home/frankie/ros2_ws/install/aws_robomaker_small_house_world/share/aws_robomaker_small_house_world/models/aws_robomaker_residential_DeskPortraitD_03/model.sdf\n'}
[0.253029] (aws_robomaker_small_house_world) StdoutLine: {'line': b'-- Up-to-date: /home/frankie/ros2_ws/install/aws_robomaker_small_house_world/share/aws_robomaker_small_house_world/models/aws_robomaker_residential_DeskPortraitA_01\n'}
[0.253070] (aws_robomaker_small_house_world) StdoutLine: {'line': b'-- Up-to-date: /home/frankie/ros2_ws/install/aws_robomaker_small_house_world/share/aws_robomaker_small_house_world/models/aws_robomaker_residential_DeskPortraitA_01/materials\n'}
[0.253144] (aws_robomaker_small_house_world) StdoutLine: {'line': b'-- Up-to-date: /home/frankie/ros2_ws/install/aws_robomaker_small_house_world/share/aws_robomaker_small_house_world/models/aws_robomaker_residential_DeskPortraitA_01/materials/textures\n'}
[0.253239] (aws_robomaker_small_house_world) StdoutLine: {'line': b'-- Up-to-date: /home/frankie/ros2_ws/install/aws_robomaker_small_house_world/share/aws_robomaker_small_house_world/models/aws_robomaker_residential_DeskPortraitA_01/materials/textures/aws_DeskPortraitA_02.png\n'}
[0.253289] (aws_robomaker_small_house_world) StdoutLine: {'line': b'-- Up-to-date: /home/frankie/ros2_ws/install/aws_robomaker_small_house_world/share/aws_robomaker_small_house_world/models/aws_robomaker_residential_DeskPortraitA_01/materials/textures/aws_DeskPortraitA_01.png\n'}
[0.253368] (aws_robomaker_small_house_world) StdoutLine: {'line': b'-- Up-to-date: /home/frankie/ros2_ws/install/aws_robomaker_small_house_world/share/aws_robomaker_small_house_world/models/aws_robomaker_residential_DeskPortraitA_01/meshes\n'}
[0.253436] (aws_robomaker_small_house_world) StdoutLine: {'line': b'-- Up-to-date: /home/frankie/ros2_ws/install/aws_robomaker_small_house_world/share/aws_robomaker_small_house_world/models/aws_robomaker_residential_DeskPortraitA_01/meshes/aws_DeskPortraitA_01_collision.DAE\n'}
[0.253522] (aws_robomaker_small_house_world) StdoutLine: {'line': b'-- Up-to-date: /home/frankie/ros2_ws/install/aws_robomaker_small_house_world/share/aws_robomaker_small_house_world/models/aws_robomaker_residential_DeskPortraitA_01/meshes/aws_DeskPortraitA_01_visual.DAE\n'}
[0.253567] (aws_robomaker_small_house_world) StdoutLine: {'line': b'-- Up-to-date: /home/frankie/ros2_ws/install/aws_robomaker_small_house_world/share/aws_robomaker_small_house_world/models/aws_robomaker_residential_DeskPortraitA_01/model.config\n'}
[0.253624] (aws_robomaker_small_house_world) StdoutLine: {'line': b'-- Up-to-date: /home/frankie/ros2_ws/install/aws_robomaker_small_house_world/share/aws_robomaker_small_house_world/models/aws_robomaker_residential_DeskPortraitA_01/model.sdf\n'}
[0.253665] (aws_robomaker_small_house_world) StdoutLine: {'line': b'-- Up-to-date: /home/frankie/ros2_ws/install/aws_robomaker_small_house_world/share/aws_robomaker_small_house_world/models/aws_robomaker_residential_Rangehood_01\n'}
[0.253709] (aws_robomaker_small_house_world) StdoutLine: {'line': b'-- Up-to-date: /home/frankie/ros2_ws/install/aws_robomaker_small_house_world/share/aws_robomaker_small_house_world/models/aws_robomaker_residential_Rangehood_01/materials\n'}
[0.253777] (aws_robomaker_small_house_world) StdoutLine: {'line': b'-- Up-to-date: /home/frankie/ros2_ws/install/aws_robomaker_small_house_world/share/aws_robomaker_small_house_world/models/aws_robomaker_residential_Rangehood_01/materials/textures\n'}
[0.253856] (aws_robomaker_small_house_world) StdoutLine: {'line': b'-- Up-to-date: /home/frankie/ros2_ws/install/aws_robomaker_small_house_world/share/aws_robomaker_small_house_world/models/aws_robomaker_residential_Rangehood_01/materials/textures/aws_Rangehood_01.png\n'}
[0.253906] (aws_robomaker_small_house_world) StdoutLine: {'line': b'-- Up-to-date: /home/frankie/ros2_ws/install/aws_robomaker_small_house_world/share/aws_robomaker_small_house_world/models/aws_robomaker_residential_Rangehood_01/meshes\n'}
[0.253991] (aws_robomaker_small_house_world) StdoutLine: {'line': b'-- Up-to-date: /home/frankie/ros2_ws/install/aws_robomaker_small_house_world/share/aws_robomaker_small_house_world/models/aws_robomaker_residential_Rangehood_01/meshes/aws_Rangehood_01_collision.DAE\n'}
[0.254057] (aws_robomaker_small_house_world) StdoutLine: {'line': b'-- Up-to-date: /home/frankie/ros2_ws/install/aws_robomaker_small_house_world/share/aws_robomaker_small_house_world/models/aws_robomaker_residential_Rangehood_01/meshes/aws_Rangehood_01_visual.DAE\n'}
[0.254134] (aws_robomaker_small_house_world) StdoutLine: {'line': b'-- Up-to-date: /home/frankie/ros2_ws/install/aws_robomaker_small_house_world/share/aws_robomaker_small_house_world/models/aws_robomaker_residential_Rangehood_01/model.config\n'}
[0.254196] (aws_robomaker_small_house_world) StdoutLine: {'line': b'-- Up-to-date: /home/frankie/ros2_ws/install/aws_robomaker_small_house_world/share/aws_robomaker_small_house_world/models/aws_robomaker_residential_Rangehood_01/model.sdf\n'}
[0.254242] (aws_robomaker_small_house_world) StdoutLine: {'line': b'-- Up-to-date: /home/frankie/ros2_ws/install/aws_robomaker_small_house_world/share/aws_robomaker_small_house_world/models/aws_robomaker_residential_ReadingDesk_01\n'}
[0.254296] (aws_robomaker_small_house_world) StdoutLine: {'line': b'-- Up-to-date: /home/frankie/ros2_ws/install/aws_robomaker_small_house_world/share/aws_robomaker_small_house_world/models/aws_robomaker_residential_ReadingDesk_01/materials\n'}
[0.254370] (aws_robomaker_small_house_world) StdoutLine: {'line': b'-- Up-to-date: /home/frankie/ros2_ws/install/aws_robomaker_small_house_world/share/aws_robomaker_small_house_world/models/aws_robomaker_residential_ReadingDesk_01/materials/textures\n'}
[0.254446] (aws_robomaker_small_house_world) StdoutLine: {'line': b'-- Up-to-date: /home/frankie/ros2_ws/install/aws_robomaker_small_house_world/share/aws_robomaker_small_house_world/models/aws_robomaker_residential_ReadingDesk_01/materials/textures/aws_ReadingDesk_01.png\n'}
[0.254516] (aws_robomaker_small_house_world) StdoutLine: {'line': b'-- Up-to-date: /home/frankie/ros2_ws/install/aws_robomaker_small_house_world/share/aws_robomaker_small_house_world/models/aws_robomaker_residential_ReadingDesk_01/meshes\n'}
[0.254592] (aws_robomaker_small_house_world) StdoutLine: {'line': b'-- Up-to-date: /home/frankie/ros2_ws/install/aws_robomaker_small_house_world/share/aws_robomaker_small_house_world/models/aws_robomaker_residential_ReadingDesk_01/meshes/aws_ReadingDesk_01_collision.DAE\n'}
[0.254663] (aws_robomaker_small_house_world) StdoutLine: {'line': b'-- Up-to-date: /home/frankie/ros2_ws/install/aws_robomaker_small_house_world/share/aws_robomaker_small_house_world/models/aws_robomaker_residential_ReadingDesk_01/meshes/aws_ReadingDesk_01_visual.DAE\n'}
[0.254743] (aws_robomaker_small_house_world) StdoutLine: {'line': b'-- Up-to-date: /home/frankie/ros2_ws/install/aws_robomaker_small_house_world/share/aws_robomaker_small_house_world/models/aws_robomaker_residential_ReadingDesk_01/model.config\n'}
[0.254791] (aws_robomaker_small_house_world) StdoutLine: {'line': b'-- Up-to-date: /home/frankie/ros2_ws/install/aws_robomaker_small_house_world/share/aws_robomaker_small_house_world/models/aws_robomaker_residential_ReadingDesk_01/model.sdf\n'}
[0.254839] (aws_robomaker_small_house_world) StdoutLine: {'line': b'-- Up-to-date: /home/frankie/ros2_ws/install/aws_robomaker_small_house_world/share/aws_robomaker_small_house_world/models/aws_robomaker_residential_Wardrobe_01\n'}
[0.254922] (aws_robomaker_small_house_world) StdoutLine: {'line': b'-- Up-to-date: /home/frankie/ros2_ws/install/aws_robomaker_small_house_world/share/aws_robomaker_small_house_world/models/aws_robomaker_residential_Wardrobe_01/materials\n'}
[0.254972] (aws_robomaker_small_house_world) StdoutLine: {'line': b'-- Up-to-date: /home/frankie/ros2_ws/install/aws_robomaker_small_house_world/share/aws_robomaker_small_house_world/models/aws_robomaker_residential_Wardrobe_01/materials/textures\n'}
[0.255059] (aws_robomaker_small_house_world) StdoutLine: {'line': b'-- Up-to-date: /home/frankie/ros2_ws/install/aws_robomaker_small_house_world/share/aws_robomaker_small_house_world/models/aws_robomaker_residential_Wardrobe_01/materials/textures/aws_Wardrobe_01.png\n'}
[0.255107] (aws_robomaker_small_house_world) StdoutLine: {'line': b'-- Up-to-date: /home/frankie/ros2_ws/install/aws_robomaker_small_house_world/share/aws_robomaker_small_house_world/models/aws_robomaker_residential_Wardrobe_01/meshes\n'}
[0.255205] (aws_robomaker_small_house_world) StdoutLine: {'line': b'-- Up-to-date: /home/frankie/ros2_ws/install/aws_robomaker_small_house_world/share/aws_robomaker_small_house_world/models/aws_robomaker_residential_Wardrobe_01/meshes/aws_Wardrobe_01_visual.DAE\n'}
[0.255253] (aws_robomaker_small_house_world) StdoutLine: {'line': b'-- Up-to-date: /home/frankie/ros2_ws/install/aws_robomaker_small_house_world/share/aws_robomaker_small_house_world/models/aws_robomaker_residential_Wardrobe_01/meshes/aws_Wardrobe_01_collision.DAE\n'}
[0.255332] (aws_robomaker_small_house_world) StdoutLine: {'line': b'-- Up-to-date: /home/frankie/ros2_ws/install/aws_robomaker_small_house_world/share/aws_robomaker_small_house_world/models/aws_robomaker_residential_Wardrobe_01/model.config\n'}
[0.255414] (aws_robomaker_small_house_world) StdoutLine: {'line': b'-- Up-to-date: /home/frankie/ros2_ws/install/aws_robomaker_small_house_world/share/aws_robomaker_small_house_world/models/aws_robomaker_residential_Wardrobe_01/model.sdf\n'}
[0.255462] (aws_robomaker_small_house_world) StdoutLine: {'line': b'-- Up-to-date: /home/frankie/ros2_ws/install/aws_robomaker_small_house_world/share/aws_robomaker_small_house_world/models/aws_robomaker_residential_KitchenUtensils_01\n'}
[0.255508] (aws_robomaker_small_house_world) StdoutLine: {'line': b'-- Up-to-date: /home/frankie/ros2_ws/install/aws_robomaker_small_house_world/share/aws_robomaker_small_house_world/models/aws_robomaker_residential_KitchenUtensils_01/materials\n'}
[0.255575] (aws_robomaker_small_house_world) StdoutLine: {'line': b'-- Up-to-date: /home/frankie/ros2_ws/install/aws_robomaker_small_house_world/share/aws_robomaker_small_house_world/models/aws_robomaker_residential_KitchenUtensils_01/materials/textures\n'}
[0.255652] (aws_robomaker_small_house_world) StdoutLine: {'line': b'-- Up-to-date: /home/frankie/ros2_ws/install/aws_robomaker_small_house_world/share/aws_robomaker_small_house_world/models/aws_robomaker_residential_KitchenUtensils_01/materials/textures/aws_KitchenUtensils_01.png\n'}
[0.255725] (aws_robomaker_small_house_world) StdoutLine: {'line': b'-- Up-to-date: /home/frankie/ros2_ws/install/aws_robomaker_small_house_world/share/aws_robomaker_small_house_world/models/aws_robomaker_residential_KitchenUtensils_01/meshes\n'}
[0.255802] (aws_robomaker_small_house_world) StdoutLine: {'line': b'-- Up-to-date: /home/frankie/ros2_ws/install/aws_robomaker_small_house_world/share/aws_robomaker_small_house_world/models/aws_robomaker_residential_KitchenUtensils_01/meshes/aws_KitchenUtensils_01_collision.DAE\n'}
[0.255894] (aws_robomaker_small_house_world) StdoutLine: {'line': b'-- Up-to-date: /home/frankie/ros2_ws/install/aws_robomaker_small_house_world/share/aws_robomaker_small_house_world/models/aws_robomaker_residential_KitchenUtensils_01/meshes/aws_KitchenUtensils_01_visual.DAE\n'}
[0.255941] (aws_robomaker_small_house_world) StdoutLine: {'line': b'-- Up-to-date: /home/frankie/ros2_ws/install/aws_robomaker_small_house_world/share/aws_robomaker_small_house_world/models/aws_robomaker_residential_KitchenUtensils_01/model.config\n'}
[0.255987] (aws_robomaker_small_house_world) StdoutLine: {'line': b'-- Up-to-date: /home/frankie/ros2_ws/install/aws_robomaker_small_house_world/share/aws_robomaker_small_house_world/models/aws_robomaker_residential_KitchenUtensils_01/model.sdf\n'}
[0.256040] (aws_robomaker_small_house_world) StdoutLine: {'line': b'-- Up-to-date: /home/frankie/ros2_ws/install/aws_robomaker_small_house_world/share/aws_robomaker_small_house_world/models/aws_robomaker_residential_RoomWindow_01\n'}
[0.256110] (aws_robomaker_small_house_world) StdoutLine: {'line': b'-- Up-to-date: /home/frankie/ros2_ws/install/aws_robomaker_small_house_world/share/aws_robomaker_small_house_world/models/aws_robomaker_residential_RoomWindow_01/materials\n'}
[0.256177] (aws_robomaker_small_house_world) StdoutLine: {'line': b'-- Up-to-date: /home/frankie/ros2_ws/install/aws_robomaker_small_house_world/share/aws_robomaker_small_house_world/models/aws_robomaker_residential_RoomWindow_01/materials/textures\n'}
[0.256260] (aws_robomaker_small_house_world) StdoutLine: {'line': b'-- Up-to-date: /home/frankie/ros2_ws/install/aws_robomaker_small_house_world/share/aws_robomaker_small_house_world/models/aws_robomaker_residential_RoomWindow_01/materials/textures/aws_RoomWindow_01.png\n'}
[0.256338] (aws_robomaker_small_house_world) StdoutLine: {'line': b'-- Up-to-date: /home/frankie/ros2_ws/install/aws_robomaker_small_house_world/share/aws_robomaker_small_house_world/models/aws_robomaker_residential_RoomWindow_01/meshes\n'}
[0.256411] (aws_robomaker_small_house_world) StdoutLine: {'line': b'-- Up-to-date: /home/frankie/ros2_ws/install/aws_robomaker_small_house_world/share/aws_robomaker_small_house_world/models/aws_robomaker_residential_RoomWindow_01/meshes/aws_RoomWindow_01_visual.DAE\n'}
[0.256481] (aws_robomaker_small_house_world) StdoutLine: {'line': b'-- Up-to-date: /home/frankie/ros2_ws/install/aws_robomaker_small_house_world/share/aws_robomaker_small_house_world/models/aws_robomaker_residential_RoomWindow_01/meshes/aws_RoomWindow_01_collision.DAE\n'}
[0.256558] (aws_robomaker_small_house_world) StdoutLine: {'line': b'-- Up-to-date: /home/frankie/ros2_ws/install/aws_robomaker_small_house_world/share/aws_robomaker_small_house_world/models/aws_robomaker_residential_RoomWindow_01/model.config\n'}
[0.256605] (aws_robomaker_small_house_world) StdoutLine: {'line': b'-- Up-to-date: /home/frankie/ros2_ws/install/aws_robomaker_small_house_world/share/aws_robomaker_small_house_world/models/aws_robomaker_residential_RoomWindow_01/model.sdf\n'}
[0.256652] (aws_robomaker_small_house_world) StdoutLine: {'line': b'-- Up-to-date: /home/frankie/ros2_ws/install/aws_robomaker_small_house_world/share/aws_robomaker_small_house_world/models/aws_robomaker_residential_Carpet_01\n'}
[0.256717] (aws_robomaker_small_house_world) StdoutLine: {'line': b'-- Up-to-date: /home/frankie/ros2_ws/install/aws_robomaker_small_house_world/share/aws_robomaker_small_house_world/models/aws_robomaker_residential_Carpet_01/materials\n'}
[0.256778] (aws_robomaker_small_house_world) StdoutLine: {'line': b'-- Up-to-date: /home/frankie/ros2_ws/install/aws_robomaker_small_house_world/share/aws_robomaker_small_house_world/models/aws_robomaker_residential_Carpet_01/materials/textures\n'}
[0.256881] (aws_robomaker_small_house_world) StdoutLine: {'line': b'-- Up-to-date: /home/frankie/ros2_ws/install/aws_robomaker_small_house_world/share/aws_robomaker_small_house_world/models/aws_robomaker_residential_Carpet_01/materials/textures/aws_Carpet_01.png\n'}
[0.256927] (aws_robomaker_small_house_world) StdoutLine: {'line': b'-- Up-to-date: /home/frankie/ros2_ws/install/aws_robomaker_small_house_world/share/aws_robomaker_small_house_world/models/aws_robomaker_residential_Carpet_01/meshes\n'}
[0.257013] (aws_robomaker_small_house_world) StdoutLine: {'line': b'-- Up-to-date: /home/frankie/ros2_ws/install/aws_robomaker_small_house_world/share/aws_robomaker_small_house_world/models/aws_robomaker_residential_Carpet_01/meshes/aws_Carpet_01_collision.DAE\n'}
[0.257083] (aws_robomaker_small_house_world) StdoutLine: {'line': b'-- Up-to-date: /home/frankie/ros2_ws/install/aws_robomaker_small_house_world/share/aws_robomaker_small_house_world/models/aws_robomaker_residential_Carpet_01/meshes/aws_Carpet_01_visual.DAE\n'}
[0.257164] (aws_robomaker_small_house_world) StdoutLine: {'line': b'-- Up-to-date: /home/frankie/ros2_ws/install/aws_robomaker_small_house_world/share/aws_robomaker_small_house_world/models/aws_robomaker_residential_Carpet_01/model.config\n'}
[0.257225] (aws_robomaker_small_house_world) StdoutLine: {'line': b'-- Up-to-date: /home/frankie/ros2_ws/install/aws_robomaker_small_house_world/share/aws_robomaker_small_house_world/models/aws_robomaker_residential_Carpet_01/model.sdf\n'}
[0.257269] (aws_robomaker_small_house_world) StdoutLine: {'line': b'-- Up-to-date: /home/frankie/ros2_ws/install/aws_robomaker_small_house_world/share/aws_robomaker_small_house_world/models/aws_robomaker_residential_DeskPortraitC_02\n'}
[0.257321] (aws_robomaker_small_house_world) StdoutLine: {'line': b'-- Up-to-date: /home/frankie/ros2_ws/install/aws_robomaker_small_house_world/share/aws_robomaker_small_house_world/models/aws_robomaker_residential_DeskPortraitC_02/materials\n'}
[0.257392] (aws_robomaker_small_house_world) StdoutLine: {'line': b'-- Up-to-date: /home/frankie/ros2_ws/install/aws_robomaker_small_house_world/share/aws_robomaker_small_house_world/models/aws_robomaker_residential_DeskPortraitC_02/materials/textures\n'}
[0.257468] (aws_robomaker_small_house_world) StdoutLine: {'line': b'-- Up-to-date: /home/frankie/ros2_ws/install/aws_robomaker_small_house_world/share/aws_robomaker_small_house_world/models/aws_robomaker_residential_DeskPortraitC_02/materials/textures/aws_DeskPortraitC_02.png\n'}
[0.257547] (aws_robomaker_small_house_world) StdoutLine: {'line': b'-- Up-to-date: /home/frankie/ros2_ws/install/aws_robomaker_small_house_world/share/aws_robomaker_small_house_world/models/aws_robomaker_residential_DeskPortraitC_02/materials/textures/aws_DeskPortraitC_01.png\n'}
[0.257599] (aws_robomaker_small_house_world) StdoutLine: {'line': b'-- Up-to-date: /home/frankie/ros2_ws/install/aws_robomaker_small_house_world/share/aws_robomaker_small_house_world/models/aws_robomaker_residential_DeskPortraitC_02/meshes\n'}
[0.257668] (aws_robomaker_small_house_world) StdoutLine: {'line': b'-- Up-to-date: /home/frankie/ros2_ws/install/aws_robomaker_small_house_world/share/aws_robomaker_small_house_world/models/aws_robomaker_residential_DeskPortraitC_02/meshes/aws_DeskPortraitC_01_collision.DAE\n'}
[0.257757] (aws_robomaker_small_house_world) StdoutLine: {'line': b'-- Up-to-date: /home/frankie/ros2_ws/install/aws_robomaker_small_house_world/share/aws_robomaker_small_house_world/models/aws_robomaker_residential_DeskPortraitC_02/meshes/aws_DeskPortraitC_01_visual.DAE\n'}
[0.257808] (aws_robomaker_small_house_world) StdoutLine: {'line': b'-- Up-to-date: /home/frankie/ros2_ws/install/aws_robomaker_small_house_world/share/aws_robomaker_small_house_world/models/aws_robomaker_residential_DeskPortraitC_02/model.config\n'}
[0.257855] (aws_robomaker_small_house_world) StdoutLine: {'line': b'-- Up-to-date: /home/frankie/ros2_ws/install/aws_robomaker_small_house_world/share/aws_robomaker_small_house_world/models/aws_robomaker_residential_DeskPortraitC_02/model.sdf\n'}
[0.257940] (aws_robomaker_small_house_world) StdoutLine: {'line': b'-- Up-to-date: /home/frankie/ros2_ws/install/aws_robomaker_small_house_world/share/aws_robomaker_small_house_world/models/aws_robomaker_residential_LightC_01\n'}
[0.257989] (aws_robomaker_small_house_world) StdoutLine: {'line': b'-- Up-to-date: /home/frankie/ros2_ws/install/aws_robomaker_small_house_world/share/aws_robomaker_small_house_world/models/aws_robomaker_residential_LightC_01/materials\n'}
[0.258061] (aws_robomaker_small_house_world) StdoutLine: {'line': b'-- Up-to-date: /home/frankie/ros2_ws/install/aws_robomaker_small_house_world/share/aws_robomaker_small_house_world/models/aws_robomaker_residential_LightC_01/materials/textures\n'}
[0.258131] (aws_robomaker_small_house_world) StdoutLine: {'line': b'-- Up-to-date: /home/frankie/ros2_ws/install/aws_robomaker_small_house_world/share/aws_robomaker_small_house_world/models/aws_robomaker_residential_LightC_01/materials/textures/aws_LightC_01.png\n'}
[0.258209] (aws_robomaker_small_house_world) StdoutLine: {'line': b'-- Up-to-date: /home/frankie/ros2_ws/install/aws_robomaker_small_house_world/share/aws_robomaker_small_house_world/models/aws_robomaker_residential_LightC_01/meshes\n'}
[0.258325] (aws_robomaker_small_house_world) StdoutLine: {'line': b'-- Up-to-date: /home/frankie/ros2_ws/install/aws_robomaker_small_house_world/share/aws_robomaker_small_house_world/models/aws_robomaker_residential_LightC_01/meshes/aws_LightC_01_collision.DAE\n'}
[0.258399] (aws_robomaker_small_house_world) StdoutLine: {'line': b'-- Up-to-date: /home/frankie/ros2_ws/install/aws_robomaker_small_house_world/share/aws_robomaker_small_house_world/models/aws_robomaker_residential_LightC_01/meshes/aws_LightC_01_visual.DAE\n'}
[0.258445] (aws_robomaker_small_house_world) StdoutLine: {'line': b'-- Up-to-date: /home/frankie/ros2_ws/install/aws_robomaker_small_house_world/share/aws_robomaker_small_house_world/models/aws_robomaker_residential_LightC_01/model.config\n'}
[0.258522] (aws_robomaker_small_house_world) StdoutLine: {'line': b'-- Up-to-date: /home/frankie/ros2_ws/install/aws_robomaker_small_house_world/share/aws_robomaker_small_house_world/models/aws_robomaker_residential_LightC_01/model.sdf\n'}
[0.258570] (aws_robomaker_small_house_world) StdoutLine: {'line': b'-- Up-to-date: /home/frankie/ros2_ws/install/aws_robomaker_small_house_world/share/aws_robomaker_small_house_world/worlds\n'}
[0.258622] (aws_robomaker_small_house_world) StdoutLine: {'line': b'-- Up-to-date: /home/frankie/ros2_ws/install/aws_robomaker_small_house_world/share/aws_robomaker_small_house_world/worlds/kitchen_table.world\n'}
[0.258671] (aws_robomaker_small_house_world) StdoutLine: {'line': b'-- Up-to-date: /home/frankie/ros2_ws/install/aws_robomaker_small_house_world/share/aws_robomaker_small_house_world/worlds/empty.world\n'}
[0.258748] (aws_robomaker_small_house_world) StdoutLine: {'line': b'-- Up-to-date: /home/frankie/ros2_ws/install/aws_robomaker_small_house_world/share/aws_robomaker_small_house_world/worlds/small_house.world\n'}
[0.258831] (aws_robomaker_small_house_world) StdoutLine: {'line': b'-- Up-to-date: /home/frankie/ros2_ws/install/aws_robomaker_small_house_world/share/aws_robomaker_small_house_world/maps\n'}
[0.258882] (aws_robomaker_small_house_world) StdoutLine: {'line': b'-- Up-to-date: /home/frankie/ros2_ws/install/aws_robomaker_small_house_world/share/aws_robomaker_small_house_world/maps/turtlebot3_waffle_pi\n'}
[0.258965] (aws_robomaker_small_house_world) StdoutLine: {'line': b'-- Up-to-date: /home/frankie/ros2_ws/install/aws_robomaker_small_house_world/share/aws_robomaker_small_house_world/maps/turtlebot3_waffle_pi/map.pgm\n'}
[0.259014] (aws_robomaker_small_house_world) StdoutLine: {'line': b'-- Up-to-date: /home/frankie/ros2_ws/install/aws_robomaker_small_house_world/share/aws_robomaker_small_house_world/maps/turtlebot3_waffle_pi/map.yaml\n'}
[0.259058] (aws_robomaker_small_house_world) StdoutLine: {'line': b'-- Up-to-date: /home/frankie/ros2_ws/install/aws_robomaker_small_house_world/share/aws_robomaker_small_house_world/photos\n'}
[0.259125] (aws_robomaker_small_house_world) StdoutLine: {'line': b'-- Up-to-date: /home/frankie/ros2_ws/install/aws_robomaker_small_house_world/share/aws_robomaker_small_house_world/photos/PortraitB_01.jpg\n'}
[0.259213] (aws_robomaker_small_house_world) StdoutLine: {'line': b'-- Up-to-date: /home/frankie/ros2_ws/install/aws_robomaker_small_house_world/share/aws_robomaker_small_house_world/photos/PortraitB_02.jpg\n'}
[0.259258] (aws_robomaker_small_house_world) StdoutLine: {'line': b'-- Up-to-date: /home/frankie/ros2_ws/install/aws_robomaker_small_house_world/share/aws_robomaker_small_house_world/photos/PortraitA_01.jpg\n'}
[0.259345] (aws_robomaker_small_house_world) StdoutLine: {'line': b'-- Up-to-date: /home/frankie/ros2_ws/install/aws_robomaker_small_house_world/share/aws_robomaker_small_house_world/photos/PortraitB_03.jpg\n'}
[0.259391] (aws_robomaker_small_house_world) StdoutLine: {'line': b'-- Up-to-date: /home/frankie/ros2_ws/install/aws_robomaker_small_house_world/share/aws_robomaker_small_house_world/photos/PortraitD_02.jpg\n'}
[0.259440] (aws_robomaker_small_house_world) StdoutLine: {'line': b'-- Up-to-date: /home/frankie/ros2_ws/install/aws_robomaker_small_house_world/share/aws_robomaker_small_house_world/photos/DeskPortraitD_04.jpg\n'}
[0.259486] (aws_robomaker_small_house_world) StdoutLine: {'line': b'-- Up-to-date: /home/frankie/ros2_ws/install/aws_robomaker_small_house_world/share/aws_robomaker_small_house_world/photos/DeskPortraitB_02.jpg\n'}
[0.259529] (aws_robomaker_small_house_world) StdoutLine: {'line': b'-- Up-to-date: /home/frankie/ros2_ws/install/aws_robomaker_small_house_world/share/aws_robomaker_small_house_world/photos/PortraitE_02.jpg\n'}
[0.259575] (aws_robomaker_small_house_world) StdoutLine: {'line': b'-- Up-to-date: /home/frankie/ros2_ws/install/aws_robomaker_small_house_world/share/aws_robomaker_small_house_world/photos/DeskPortraitB_01.jpg\n'}
[0.259620] (aws_robomaker_small_house_world) StdoutLine: {'line': b'-- Up-to-date: /home/frankie/ros2_ws/install/aws_robomaker_small_house_world/share/aws_robomaker_small_house_world/photos/DeskPortraitD_01.jpg\n'}
[0.259666] (aws_robomaker_small_house_world) StdoutLine: {'line': b'-- Up-to-date: /home/frankie/ros2_ws/install/aws_robomaker_small_house_world/share/aws_robomaker_small_house_world/photos/DeskPortraitA_02.jpg\n'}
[0.259709] (aws_robomaker_small_house_world) StdoutLine: {'line': b'-- Up-to-date: /home/frankie/ros2_ws/install/aws_robomaker_small_house_world/share/aws_robomaker_small_house_world/photos/PortraitE_01.jpg\n'}
[0.259800] (aws_robomaker_small_house_world) StdoutLine: {'line': b'-- Up-to-date: /home/frankie/ros2_ws/install/aws_robomaker_small_house_world/share/aws_robomaker_small_house_world/photos/PortraitA_02.jpg\n'}
[0.259880] (aws_robomaker_small_house_world) StdoutLine: {'line': b'-- Up-to-date: /home/frankie/ros2_ws/install/aws_robomaker_small_house_world/share/aws_robomaker_small_house_world/photos/PortraitD_01.jpg\n'}
[0.259922] (aws_robomaker_small_house_world) StdoutLine: {'line': b'-- Up-to-date: /home/frankie/ros2_ws/install/aws_robomaker_small_house_world/share/aws_robomaker_small_house_world/photos/DeskPortraitC_01.jpg\n'}
[0.259964] (aws_robomaker_small_house_world) StdoutLine: {'line': b'-- Up-to-date: /home/frankie/ros2_ws/install/aws_robomaker_small_house_world/share/aws_robomaker_small_house_world/photos/PortraitC_01.jpg\n'}
[0.260007] (aws_robomaker_small_house_world) StdoutLine: {'line': b'-- Up-to-date: /home/frankie/ros2_ws/install/aws_robomaker_small_house_world/share/aws_robomaker_small_house_world/photos/DeskPortraitD_03.jpg\n'}
[0.260049] (aws_robomaker_small_house_world) StdoutLine: {'line': b'-- Up-to-date: /home/frankie/ros2_ws/install/aws_robomaker_small_house_world/share/aws_robomaker_small_house_world/photos/DeskPortraitD_02.jpg\n'}
[0.260094] (aws_robomaker_small_house_world) StdoutLine: {'line': b'-- Up-to-date: /home/frankie/ros2_ws/install/aws_robomaker_small_house_world/share/aws_robomaker_small_house_world/photos/DeskPortraitC_02.jpg\n'}
[0.260136] (aws_robomaker_small_house_world) StdoutLine: {'line': b'-- Up-to-date: /home/frankie/ros2_ws/install/aws_robomaker_small_house_world/share/aws_robomaker_small_house_world/photos/DeskPortraitA_01.jpg\n'}
[0.260178] (aws_robomaker_small_house_world) StdoutLine: {'line': b'-- Up-to-date: /home/frankie/ros2_ws/install/aws_robomaker_small_house_world/share/aws_robomaker_small_house_world/param\n'}
[0.260221] (aws_robomaker_small_house_world) StdoutLine: {'line': b'-- Up-to-date: /home/frankie/ros2_ws/install/aws_robomaker_small_house_world/share/aws_robomaker_small_house_world/param/waffle_pi.yaml\n'}
[0.260262] (aws_robomaker_small_house_world) StdoutLine: {'line': b'-- Up-to-date: /home/frankie/ros2_ws/install/aws_robomaker_small_house_world/share/aws_robomaker_small_house_world/routes\n'}
[0.260331] (aws_robomaker_small_house_world) StdoutLine: {'line': b'-- Up-to-date: /home/frankie/ros2_ws/install/aws_robomaker_small_house_world/share/aws_robomaker_small_house_world/routes/route.yaml\n'}
[0.260399] (aws_robomaker_small_house_world) StdoutLine: {'line': b'-- Up-to-date: /home/frankie/ros2_ws/install/aws_robomaker_small_house_world/share/ament_index/resource_index/package_run_dependencies/aws_robomaker_small_house_world\n'}
[0.260475] (aws_robomaker_small_house_world) StdoutLine: {'line': b'-- Up-to-date: /home/frankie/ros2_ws/install/aws_robomaker_small_house_world/share/ament_index/resource_index/parent_prefix_path/aws_robomaker_small_house_world\n'}
[0.260520] (aws_robomaker_small_house_world) StdoutLine: {'line': b'-- Up-to-date: /home/frankie/ros2_ws/install/aws_robomaker_small_house_world/share/aws_robomaker_small_house_world/environment/ament_prefix_path.sh\n'}
[0.260592] (aws_robomaker_small_house_world) StdoutLine: {'line': b'-- Up-to-date: /home/frankie/ros2_ws/install/aws_robomaker_small_house_world/share/aws_robomaker_small_house_world/environment/ament_prefix_path.dsv\n'}
[0.260636] (aws_robomaker_small_house_world) StdoutLine: {'line': b'-- Up-to-date: /home/frankie/ros2_ws/install/aws_robomaker_small_house_world/share/aws_robomaker_small_house_world/environment/path.sh\n'}
[0.260709] (aws_robomaker_small_house_world) StdoutLine: {'line': b'-- Up-to-date: /home/frankie/ros2_ws/install/aws_robomaker_small_house_world/share/aws_robomaker_small_house_world/environment/path.dsv\n'}
[0.260754] (aws_robomaker_small_house_world) StdoutLine: {'line': b'-- Up-to-date: /home/frankie/ros2_ws/install/aws_robomaker_small_house_world/share/aws_robomaker_small_house_world/local_setup.bash\n'}
[0.260840] (aws_robomaker_small_house_world) StdoutLine: {'line': b'-- Up-to-date: /home/frankie/ros2_ws/install/aws_robomaker_small_house_world/share/aws_robomaker_small_house_world/local_setup.sh\n'}
[0.260887] (aws_robomaker_small_house_world) StdoutLine: {'line': b'-- Up-to-date: /home/frankie/ros2_ws/install/aws_robomaker_small_house_world/share/aws_robomaker_small_house_world/local_setup.zsh\n'}
[0.260927] (aws_robomaker_small_house_world) StdoutLine: {'line': b'-- Up-to-date: /home/frankie/ros2_ws/install/aws_robomaker_small_house_world/share/aws_robomaker_small_house_world/local_setup.dsv\n'}
[0.260967] (aws_robomaker_small_house_world) StdoutLine: {'line': b'-- Installing: /home/frankie/ros2_ws/install/aws_robomaker_small_house_world/share/aws_robomaker_small_house_world/package.dsv\n'}
[0.261206] (aws_robomaker_small_house_world) StdoutLine: {'line': b'-- Up-to-date: /home/frankie/ros2_ws/install/aws_robomaker_small_house_world/share/ament_index/resource_index/packages/aws_robomaker_small_house_world\n'}
[0.261368] (aws_robomaker_small_house_world) StdoutLine: {'line': b'-- Up-to-date: /home/frankie/ros2_ws/install/aws_robomaker_small_house_world/share/aws_robomaker_small_house_world/cmake/ament_cmake_export_dependencies-extras.cmake\n'}
[0.261446] (aws_robomaker_small_house_world) StdoutLine: {'line': b'-- Up-to-date: /home/frankie/ros2_ws/install/aws_robomaker_small_house_world/share/aws_robomaker_small_house_world/cmake/aws_robomaker_small_house_worldConfig.cmake\n'}
[0.261491] (aws_robomaker_small_house_world) StdoutLine: {'line': b'-- Up-to-date: /home/frankie/ros2_ws/install/aws_robomaker_small_house_world/share/aws_robomaker_small_house_world/cmake/aws_robomaker_small_house_worldConfig-version.cmake\n'}
[0.261560] (aws_robomaker_small_house_world) StdoutLine: {'line': b'-- Up-to-date: /home/frankie/ros2_ws/install/aws_robomaker_small_house_world/share/aws_robomaker_small_house_world/package.xml\n'}
[0.263225] (aws_robomaker_small_house_world) CommandEnded: {'returncode': 0}
[0.277689] (aws_robomaker_small_house_world) JobEnded: {'identifier': 'aws_robomaker_small_house_world', 'rc': 0}
[0.300385] (-) TimerEvent: {}
[0.400725] (-) TimerEvent: {}
[0.501218] (-) TimerEvent: {}
[0.536211] (growbot_bringup) Command: {'cmd': ['/usr/bin/python3', '-W', 'ignore:setup.py install is deprecated', '-W', 'ignore:easy_install command is deprecated', 'setup.py', 'egg_info', '--egg-base', '../../build/growbot_bringup', 'build', '--build-base', '/home/frankie/ros2_ws/build/growbot_bringup/build', 'install', '--record', '/home/frankie/ros2_ws/build/growbot_bringup/install.log', '--single-version-externally-managed', 'install_data'], 'cwd': '/home/frankie/ros2_ws/src/growbot_bringup', 'env': {'LESSOPEN': '| /usr/bin/lesspipe %s', 'USER': 'frankie', 'XDG_SESSION_TYPE': 'wayland', 'SHLVL': '1', 'LD_LIBRARY_PATH': '/usr/lib/x86_64-linux-gnu/gazebo-11/plugins:/opt/ros/humble/opt/rviz_ogre_vendor/lib:/opt/ros/humble/lib/x86_64-linux-gnu:/opt/ros/humble/lib', 'HOME': '/home/frankie', 'OLDPWD': '/home/frankie', 'DESKTOP_SESSION': 'ubuntu', 'ROS_PYTHON_VERSION': '3', 'GNOME_SHELL_SESSION_MODE': 'ubuntu', 'GTK_MODULES': 'gail:atk-bridge', 'SYSTEMD_EXEC_PID': '1059', 'DBUS_SESSION_BUS_ADDRESS': 'unix:path=/run/user/1000/bus', 'COLORTERM': 'truecolor', 'IM_CONFIG_PHASE': '1', 'WAYLAND_DISPLAY': 'wayland-0', 'ROS_DISTRO': 'humble', 'LOGNAME': 'frankie', '_': '/usr/bin/colcon', 'ROS_VERSION': '2', 'XDG_SESSION_CLASS': 'user', 'USERNAME': 'frankie', 'TERM': 'xterm-256color', 'GNOME_DESKTOP_SESSION_ID': 'this-is-deprecated', 'ROS_LOCALHOST_ONLY': '0', 'PATH': '/opt/ros/humble/bin:/usr/local/sbin:/usr/local/bin:/usr/sbin:/usr/bin:/sbin:/bin:/usr/games:/usr/local/games:/snap/bin:/snap/bin', 'SESSION_MANAGER': 'local/frankie-VivoBook-ASUSLaptop-X513EAN-K513EA:@/tmp/.ICE-unix/1031,unix/frankie-VivoBook-ASUSLaptop-X513EAN-K513EA:/tmp/.ICE-unix/1031', 'XDG_MENU_PREFIX': 'gnome-', 'GNOME_TERMINAL_SCREEN': '/org/gnome/Terminal/screen/3b399fb6_8721_4ff5_a0bb_bf8aac955b06', 'GNOME_SETUP_DISPLAY': ':1', 'XDG_RUNTIME_DIR': '/run/user/1000', 'DISPLAY': ':0', 'LANG': 'en_US.UTF-8', 'XDG_CURRENT_DESKTOP': 'ubuntu:GNOME', 'XMODIFIERS': '@im=ibus', 'XDG_SESSION_DESKTOP': 'ubuntu', 'XAUTHORITY': '/run/user/1000/.mutter-Xwaylandauth.O75UO3', 'LS_COLORS': 'rs=0:di=01;34:ln=01;36:mh=00:pi=40;33:so=01;35:do=01;35:bd=40;33;01:cd=40;33;01:or=40;31;01:mi=00:su=37;41:sg=30;43:ca=30;41:tw=30;42:ow=34;42:st=37;44:ex=01;32:*.tar=01;31:*.tgz=01;31:*.arc=01;31:*.arj=01;31:*.taz=01;31:*.lha=01;31:*.lz4=01;31:*.lzh=01;31:*.lzma=01;31:*.tlz=01;31:*.txz=01;31:*.tzo=01;31:*.t7z=01;31:*.zip=01;31:*.z=01;31:*.dz=01;31:*.gz=01;31:*.lrz=01;31:*.lz=01;31:*.lzo=01;31:*.xz=01;31:*.zst=01;31:*.tzst=01;31:*.bz2=01;31:*.bz=01;31:*.tbz=01;31:*.tbz2=01;31:*.tz=01;31:*.deb=01;31:*.rpm=01;31:*.jar=01;31:*.war=01;31:*.ear=01;31:*.sar=01;31:*.rar=01;31:*.alz=01;31:*.ace=01;31:*.zoo=01;31:*.cpio=01;31:*.7z=01;31:*.rz=01;31:*.cab=01;31:*.wim=01;31:*.swm=01;31:*.dwm=01;31:*.esd=01;31:*.jpg=01;35:*.jpeg=01;35:*.mjpg=01;35:*.mjpeg=01;35:*.gif=01;35:*.bmp=01;35:*.pbm=01;35:*.pgm=01;35:*.ppm=01;35:*.tga=01;35:*.xbm=01;35:*.xpm=01;35:*.tif=01;35:*.tiff=01;35:*.png=01;35:*.svg=01;35:*.svgz=01;35:*.mng=01;35:*.pcx=01;35:*.mov=01;35:*.mpg=01;35:*.mpeg=01;35:*.m2v=01;35:*.mkv=01;35:*.webm=01;35:*.webp=01;35:*.ogm=01;35:*.mp4=01;35:*.m4v=01;35:*.mp4v=01;35:*.vob=01;35:*.qt=01;35:*.nuv=01;35:*.wmv=01;35:*.asf=01;35:*.rm=01;35:*.rmvb=01;35:*.flc=01;35:*.avi=01;35:*.fli=01;35:*.flv=01;35:*.gl=01;35:*.dl=01;35:*.xcf=01;35:*.xwd=01;35:*.yuv=01;35:*.cgm=01;35:*.emf=01;35:*.ogv=01;35:*.ogx=01;35:*.aac=00;36:*.au=00;36:*.flac=00;36:*.m4a=00;36:*.mid=00;36:*.midi=00;36:*.mka=00;36:*.mp3=00;36:*.mpc=00;36:*.ogg=00;36:*.ra=00;36:*.wav=00;36:*.oga=00;36:*.opus=00;36:*.spx=00;36:*.xspf=00;36:', 'GNOME_TERMINAL_SERVICE': ':1.116', 'SSH_AGENT_LAUNCHER': 'gnome-keyring', 'SSH_AUTH_SOCK': '/run/user/1000/keyring/ssh', 'AMENT_PREFIX_PATH': '/opt/ros/humble', 'SHELL': '/bin/bash', 'QT_ACCESSIBILITY': '1', 'GDMSESSION': 'ubuntu', 'LESSCLOSE': '/usr/bin/lesspipe %s %s', 'QT_IM_MODULE': 'ibus', 'PWD': '/home/frankie/ros2_ws/build/growbot_bringup', 'TURTLEBOT3_MODEL': 'waffle_pi', 'XDG_CONFIG_DIRS': '/etc/xdg/xdg-ubuntu:/etc/xdg', 'XDG_DATA_DIRS': '/usr/share/ubuntu:/usr/local/share/:/usr/share/:/var/lib/snapd/desktop', 'PYTHONPATH': '/home/frankie/ros2_ws/build/growbot_bringup/prefix_override:/usr/lib/python3/dist-packages/colcon_core/task/python/colcon_distutils_commands:/home/frankie/ros2_ws/install/growbot_bringup/lib/python3.10/site-packages:/opt/ros/humble/lib/python3.10/site-packages:/opt/ros/humble/local/lib/python3.10/dist-packages', 'COLCON': '1', 'VTE_VERSION': '6800'}, 'shell': False}
[0.601308] (-) TimerEvent: {}
[0.689412] (growbot_bringup) StdoutLine: {'line': b'running egg_info\n'}
[0.689989] (growbot_bringup) StdoutLine: {'line': b'writing ../../build/growbot_bringup/growbot_bringup.egg-info/PKG-INFO\n'}
[0.695800] (growbot_bringup) StdoutLine: {'line': b'writing dependency_links to ../../build/growbot_bringup/growbot_bringup.egg-info/dependency_links.txt\n'}
[0.696268] (growbot_bringup) StdoutLine: {'line': b'writing entry points to ../../build/growbot_bringup/growbot_bringup.egg-info/entry_points.txt\n'}
[0.696335] (growbot_bringup) StdoutLine: {'line': b'writing requirements to ../../build/growbot_bringup/growbot_bringup.egg-info/requires.txt\n'}
[0.696382] (growbot_bringup) StdoutLine: {'line': b'writing top-level names to ../../build/growbot_bringup/growbot_bringup.egg-info/top_level.txt\n'}
[0.697298] (growbot_bringup) StdoutLine: {'line': b"reading manifest file '../../build/growbot_bringup/growbot_bringup.egg-info/SOURCES.txt'\n"}
[0.698045] (growbot_bringup) StdoutLine: {'line': b"writing manifest file '../../build/growbot_bringup/growbot_bringup.egg-info/SOURCES.txt'\n"}
[0.698155] (growbot_bringup) StdoutLine: {'line': b'running build\n'}
[0.698216] (growbot_bringup) StdoutLine: {'line': b'running build_py\n'}
[0.698938] (growbot_bringup) StdoutLine: {'line': b'running install\n'}
[0.699077] (growbot_bringup) StdoutLine: {'line': b'running install_lib\n'}
[0.700444] (growbot_bringup) StdoutLine: {'line': b'running install_data\n'}
[0.701357] (-) TimerEvent: {}
[0.701856] (growbot_bringup) StdoutLine: {'line': b'running install_egg_info\n'}
[0.703747] (growbot_bringup) StdoutLine: {'line': b"removing '/home/frankie/ros2_ws/install/growbot_bringup/lib/python3.10/site-packages/growbot_bringup-0.0.0-py3.10.egg-info' (and everything under it)\n"}
[0.703907] (growbot_bringup) StdoutLine: {'line': b'Copying ../../build/growbot_bringup/growbot_bringup.egg-info to /home/frankie/ros2_ws/install/growbot_bringup/lib/python3.10/site-packages/growbot_bringup-0.0.0-py3.10.egg-info\n'}
[0.704548] (growbot_bringup) StdoutLine: {'line': b'running install_scripts\n'}
[0.718196] (growbot_bringup) StdoutLine: {'line': b'Installing random_explorer script to /home/frankie/ros2_ws/install/growbot_bringup/lib/growbot_bringup\n'}
[0.718566] (growbot_bringup) StdoutLine: {'line': b"writing list of installed files to '/home/frankie/ros2_ws/build/growbot_bringup/install.log'\n"}
[0.736941] (growbot_bringup) CommandEnded: {'returncode': 0}
[0.743564] (growbot_bringup) JobEnded: {'identifier': 'growbot_bringup', 'rc': 0}
[0.744050] (-) EventReactorShutdown: {}
