[0.013s] Invoking command in '/home/frankie/ros2_ws/build/aws_robomaker_small_house_world': CMAKE_PREFIX_PATH=/opt/ros/humble /usr/bin/cmake --build /home/frankie/ros2_ws/build/aws_robomaker_small_house_world -- -j8 -l8
[0.200s] Invoked command in '/home/frankie/ros2_ws/build/aws_robomaker_small_house_world' returned '0': CMAKE_PREFIX_PATH=/opt/ros/humble /usr/bin/cmake --build /home/frankie/ros2_ws/build/aws_robomaker_small_house_world -- -j8 -l8
[0.208s] Invoking command in '/home/frankie/ros2_ws/build/aws_robomaker_small_house_world': CMAKE_PREFIX_PATH=/opt/ros/humble /usr/bin/cmake --install /home/frankie/ros2_ws/build/aws_robomaker_small_house_world
[0.214s] -- Install configuration: ""
[0.214s] -- Up-to-date: /home/frankie/ros2_ws/install/aws_robomaker_small_house_world/share/aws_robomaker_small_house_world/launch
[0.214s] -- Up-to-date: /home/frankie/ros2_ws/install/aws_robomaker_small_house_world/share/aws_robomaker_small_house_world/launch/small_house.launch.py
[0.214s] -- Up-to-date: /home/frankie/ros2_ws/install/aws_robomaker_small_house_world/share/aws_robomaker_small_house_world/models
[0.214s] -- Up-to-date: /home/frankie/ros2_ws/install/aws_robomaker_small_house_world/share/aws_robomaker_small_house_world/models/aws_robomaker_residential_KitchenTable_01
[0.215s] -- Up-to-date: /home/frankie/ros2_ws/install/aws_robomaker_small_house_world/share/aws_robomaker_small_house_world/models/aws_robomaker_residential_KitchenTable_01/materials
[0.215s] -- Up-to-date: /home/frankie/ros2_ws/install/aws_robomaker_small_house_world/share/aws_robomaker_small_house_world/models/aws_robomaker_residential_KitchenTable_01/materials/textures
[0.215s] -- Up-to-date: /home/frankie/ros2_ws/install/aws_robomaker_small_house_world/share/aws_robomaker_small_house_world/models/aws_robomaker_residential_KitchenTable_01/materials/textures/aws_KitchenTable_01.png
[0.215s] -- Up-to-date: /home/frankie/ros2_ws/install/aws_robomaker_small_house_world/share/aws_robomaker_small_house_world/models/aws_robomaker_residential_KitchenTable_01/meshes
[0.215s] -- Up-to-date: /home/frankie/ros2_ws/install/aws_robomaker_small_house_world/share/aws_robomaker_small_house_world/models/aws_robomaker_residential_KitchenTable_01/meshes/aws_KitchenTable_01_collision.DAE
[0.215s] -- Up-to-date: /home/frankie/ros2_ws/install/aws_robomaker_small_house_world/share/aws_robomaker_small_house_world/models/aws_robomaker_residential_KitchenTable_01/meshes/aws_KitchenTable_01_visual.DAE
[0.215s] -- Up-to-date: /home/frankie/ros2_ws/install/aws_robomaker_small_house_world/share/aws_robomaker_small_house_world/models/aws_robomaker_residential_KitchenTable_01/model.config
[0.215s] -- Up-to-date: /home/frankie/ros2_ws/install/aws_robomaker_small_house_world/share/aws_robomaker_small_house_world/models/aws_robomaker_residential_KitchenTable_01/model.sdf
[0.215s] -- Up-to-date: /home/frankie/ros2_ws/install/aws_robomaker_small_house_world/share/aws_robomaker_small_house_world/models/aws_robomaker_residential_RoomCeiling_01
[0.215s] -- Up-to-date: /home/frankie/ros2_ws/install/aws_robomaker_small_house_world/share/aws_robomaker_small_house_world/models/aws_robomaker_residential_RoomCeiling_01/materials
[0.215s] -- Up-to-date: /home/frankie/ros2_ws/install/aws_robomaker_small_house_world/share/aws_robomaker_small_house_world/models/aws_robomaker_residential_RoomCeiling_01/materials/textures
[0.215s] -- Up-to-date: /home/frankie/ros2_ws/install/aws_robomaker_small_house_world/share/aws_robomaker_small_house_world/models/aws_robomaker_residential_RoomCeiling_01/materials/textures/aws_RoomCeiling_01.png
[0.216s] -- Up-to-date: /home/frankie/ros2_ws/install/aws_robomaker_small_house_world/share/aws_robomaker_small_house_world/models/aws_robomaker_residential_RoomCeiling_01/meshes
[0.216s] -- Up-to-date: /home/frankie/ros2_ws/install/aws_robomaker_small_house_world/share/aws_robomaker_small_house_world/models/aws_robomaker_residential_RoomCeiling_01/meshes/aws_RoomCeiling_01_collision.DAE
[0.216s] -- Up-to-date: /home/frankie/ros2_ws/install/aws_robomaker_small_house_world/share/aws_robomaker_small_house_world/models/aws_robomaker_residential_RoomCeiling_01/meshes/aws_RoomCeiling_01_visual.DAE
[0.216s] -- Up-to-date: /home/frankie/ros2_ws/install/aws_robomaker_small_house_world/share/aws_robomaker_small_house_world/models/aws_robomaker_residential_RoomCeiling_01/model.config
[0.216s] -- Up-to-date: /home/frankie/ros2_ws/install/aws_robomaker_small_house_world/share/aws_robomaker_small_house_world/models/aws_robomaker_residential_RoomCeiling_01/model.sdf
[0.216s] -- Up-to-date: /home/frankie/ros2_ws/install/aws_robomaker_small_house_world/share/aws_robomaker_small_house_world/models/aws_robomaker_residential_SofaB_01
[0.216s] -- Up-to-date: /home/frankie/ros2_ws/install/aws_robomaker_small_house_world/share/aws_robomaker_small_house_world/models/aws_robomaker_residential_SofaB_01/materials
[0.216s] -- Up-to-date: /home/frankie/ros2_ws/install/aws_robomaker_small_house_world/share/aws_robomaker_small_house_world/models/aws_robomaker_residential_SofaB_01/materials/textures
[0.216s] -- Up-to-date: /home/frankie/ros2_ws/install/aws_robomaker_small_house_world/share/aws_robomaker_small_house_world/models/aws_robomaker_residential_SofaB_01/materials/textures/aws_SofaB_01.png
[0.216s] -- Up-to-date: /home/frankie/ros2_ws/install/aws_robomaker_small_house_world/share/aws_robomaker_small_house_world/models/aws_robomaker_residential_SofaB_01/meshes
[0.216s] -- Up-to-date: /home/frankie/ros2_ws/install/aws_robomaker_small_house_world/share/aws_robomaker_small_house_world/models/aws_robomaker_residential_SofaB_01/meshes/aws_SofaB_01_visual.DAE
[0.216s] -- Up-to-date: /home/frankie/ros2_ws/install/aws_robomaker_small_house_world/share/aws_robomaker_small_house_world/models/aws_robomaker_residential_SofaB_01/meshes/aws_SofaB_01_collision.DAE
[0.216s] -- Up-to-date: /home/frankie/ros2_ws/install/aws_robomaker_small_house_world/share/aws_robomaker_small_house_world/models/aws_robomaker_residential_SofaB_01/model.config
[0.216s] -- Up-to-date: /home/frankie/ros2_ws/install/aws_robomaker_small_house_world/share/aws_robomaker_small_house_world/models/aws_robomaker_residential_SofaB_01/model.sdf
[0.216s] -- Up-to-date: /home/frankie/ros2_ws/install/aws_robomaker_small_house_world/share/aws_robomaker_small_house_world/models/aws_robomaker_residential_Board_01
[0.217s] -- Up-to-date: /home/frankie/ros2_ws/install/aws_robomaker_small_house_world/share/aws_robomaker_small_house_world/models/aws_robomaker_residential_Board_01/materials
[0.217s] -- Up-to-date: /home/frankie/ros2_ws/install/aws_robomaker_small_house_world/share/aws_robomaker_small_house_world/models/aws_robomaker_residential_Board_01/materials/textures
[0.217s] -- Up-to-date: /home/frankie/ros2_ws/install/aws_robomaker_small_house_world/share/aws_robomaker_small_house_world/models/aws_robomaker_residential_Board_01/materials/textures/aws_Board_01.png
[0.217s] -- Up-to-date: /home/frankie/ros2_ws/install/aws_robomaker_small_house_world/share/aws_robomaker_small_house_world/models/aws_robomaker_residential_Board_01/meshes
[0.217s] -- Up-to-date: /home/frankie/ros2_ws/install/aws_robomaker_small_house_world/share/aws_robomaker_small_house_world/models/aws_robomaker_residential_Board_01/meshes/aws_Board_01_visual.DAE
[0.217s] -- Up-to-date: /home/frankie/ros2_ws/install/aws_robomaker_small_house_world/share/aws_robomaker_small_house_world/models/aws_robomaker_residential_Board_01/meshes/aws_Board_01_collision.DAE
[0.217s] -- Up-to-date: /home/frankie/ros2_ws/install/aws_robomaker_small_house_world/share/aws_robomaker_small_house_world/models/aws_robomaker_residential_Board_01/model.config
[0.217s] -- Up-to-date: /home/frankie/ros2_ws/install/aws_robomaker_small_house_world/share/aws_robomaker_small_house_world/models/aws_robomaker_residential_Board_01/model.sdf
[0.217s] -- Up-to-date: /home/frankie/ros2_ws/install/aws_robomaker_small_house_world/share/aws_robomaker_small_house_world/models/aws_robomaker_residential_FoldingDoor_01
[0.217s] -- Up-to-date: /home/frankie/ros2_ws/install/aws_robomaker_small_house_world/share/aws_robomaker_small_house_world/models/aws_robomaker_residential_FoldingDoor_01/materials
[0.217s] -- Up-to-date: /home/frankie/ros2_ws/install/aws_robomaker_small_house_world/share/aws_robomaker_small_house_world/models/aws_robomaker_residential_FoldingDoor_01/materials/textures
[0.217s] -- Up-to-date: /home/frankie/ros2_ws/install/aws_robomaker_small_house_world/share/aws_robomaker_small_house_world/models/aws_robomaker_residential_FoldingDoor_01/materials/textures/aws_FoldingDoor_01.png
[0.217s] -- Up-to-date: /home/frankie/ros2_ws/install/aws_robomaker_small_house_world/share/aws_robomaker_small_house_world/models/aws_robomaker_residential_FoldingDoor_01/meshes
[0.217s] -- Up-to-date: /home/frankie/ros2_ws/install/aws_robomaker_small_house_world/share/aws_robomaker_small_house_world/models/aws_robomaker_residential_FoldingDoor_01/meshes/aws_FoldingDoor_01_collision.DAE
[0.217s] -- Up-to-date: /home/frankie/ros2_ws/install/aws_robomaker_small_house_world/share/aws_robomaker_small_house_world/models/aws_robomaker_residential_FoldingDoor_01/meshes/aws_FoldingDoor_01_visual.DAE
[0.218s] -- Up-to-date: /home/frankie/ros2_ws/install/aws_robomaker_small_house_world/share/aws_robomaker_small_house_world/models/aws_robomaker_residential_FoldingDoor_01/model.config
[0.218s] -- Up-to-date: /home/frankie/ros2_ws/install/aws_robomaker_small_house_world/share/aws_robomaker_small_house_world/models/aws_robomaker_residential_FoldingDoor_01/model.sdf
[0.218s] -- Up-to-date: /home/frankie/ros2_ws/install/aws_robomaker_small_house_world/share/aws_robomaker_small_house_world/models/aws_robomaker_residential_DeskPortraitC_01
[0.218s] -- Up-to-date: /home/frankie/ros2_ws/install/aws_robomaker_small_house_world/share/aws_robomaker_small_house_world/models/aws_robomaker_residential_DeskPortraitC_01/materials
[0.218s] -- Up-to-date: /home/frankie/ros2_ws/install/aws_robomaker_small_house_world/share/aws_robomaker_small_house_world/models/aws_robomaker_residential_DeskPortraitC_01/materials/textures
[0.218s] -- Up-to-date: /home/frankie/ros2_ws/install/aws_robomaker_small_house_world/share/aws_robomaker_small_house_world/models/aws_robomaker_residential_DeskPortraitC_01/materials/textures/aws_DeskPortraitC_02.png
[0.218s] -- Up-to-date: /home/frankie/ros2_ws/install/aws_robomaker_small_house_world/share/aws_robomaker_small_house_world/models/aws_robomaker_residential_DeskPortraitC_01/materials/textures/aws_DeskPortraitC_01.png
[0.218s] -- Up-to-date: /home/frankie/ros2_ws/install/aws_robomaker_small_house_world/share/aws_robomaker_small_house_world/models/aws_robomaker_residential_DeskPortraitC_01/meshes
[0.218s] -- Up-to-date: /home/frankie/ros2_ws/install/aws_robomaker_small_house_world/share/aws_robomaker_small_house_world/models/aws_robomaker_residential_DeskPortraitC_01/meshes/aws_DeskPortraitC_01_collision.DAE
[0.218s] -- Up-to-date: /home/frankie/ros2_ws/install/aws_robomaker_small_house_world/share/aws_robomaker_small_house_world/models/aws_robomaker_residential_DeskPortraitC_01/meshes/aws_DeskPortraitC_01_visual.DAE
[0.218s] -- Up-to-date: /home/frankie/ros2_ws/install/aws_robomaker_small_house_world/share/aws_robomaker_small_house_world/models/aws_robomaker_residential_DeskPortraitC_01/model.config
[0.218s] -- Up-to-date: /home/frankie/ros2_ws/install/aws_robomaker_small_house_world/share/aws_robomaker_small_house_world/models/aws_robomaker_residential_DeskPortraitC_01/model.sdf
[0.218s] -- Up-to-date: /home/frankie/ros2_ws/install/aws_robomaker_small_house_world/share/aws_robomaker_small_house_world/models/aws_robomaker_residential_TV_01
[0.218s] -- Up-to-date: /home/frankie/ros2_ws/install/aws_robomaker_small_house_world/share/aws_robomaker_small_house_world/models/aws_robomaker_residential_TV_01/materials
[0.218s] -- Up-to-date: /home/frankie/ros2_ws/install/aws_robomaker_small_house_world/share/aws_robomaker_small_house_world/models/aws_robomaker_residential_TV_01/materials/textures
[0.219s] -- Up-to-date: /home/frankie/ros2_ws/install/aws_robomaker_small_house_world/share/aws_robomaker_small_house_world/models/aws_robomaker_residential_TV_01/materials/textures/aws_TV_01.png
[0.219s] -- Up-to-date: /home/frankie/ros2_ws/install/aws_robomaker_small_house_world/share/aws_robomaker_small_house_world/models/aws_robomaker_residential_TV_01/meshes
[0.219s] -- Up-to-date: /home/frankie/ros2_ws/install/aws_robomaker_small_house_world/share/aws_robomaker_small_house_world/models/aws_robomaker_residential_TV_01/meshes/aws_TV_01_collision.DAE
[0.219s] -- Up-to-date: /home/frankie/ros2_ws/install/aws_robomaker_small_house_world/share/aws_robomaker_small_house_world/models/aws_robomaker_residential_TV_01/meshes/aws_TV_01_visual.DAE
[0.219s] -- Up-to-date: /home/frankie/ros2_ws/install/aws_robomaker_small_house_world/share/aws_robomaker_small_house_world/models/aws_robomaker_residential_TV_01/model.config
[0.219s] -- Up-to-date: /home/frankie/ros2_ws/install/aws_robomaker_small_house_world/share/aws_robomaker_small_house_world/models/aws_robomaker_residential_TV_01/model.sdf
[0.219s] -- Up-to-date: /home/frankie/ros2_ws/install/aws_robomaker_small_house_world/share/aws_robomaker_small_house_world/models/aws_robomaker_residential_Quilt_01
[0.219s] -- Up-to-date: /home/frankie/ros2_ws/install/aws_robomaker_small_house_world/share/aws_robomaker_small_house_world/models/aws_robomaker_residential_Quilt_01/materials
[0.219s] -- Up-to-date: /home/frankie/ros2_ws/install/aws_robomaker_small_house_world/share/aws_robomaker_small_house_world/models/aws_robomaker_residential_Quilt_01/materials/textures
[0.219s] -- Up-to-date: /home/frankie/ros2_ws/install/aws_robomaker_small_house_world/share/aws_robomaker_small_house_world/models/aws_robomaker_residential_Quilt_01/materials/textures/aws_Quilt_01.png
[0.219s] -- Up-to-date: /home/frankie/ros2_ws/install/aws_robomaker_small_house_world/share/aws_robomaker_small_house_world/models/aws_robomaker_residential_Quilt_01/meshes
[0.219s] -- Up-to-date: /home/frankie/ros2_ws/install/aws_robomaker_small_house_world/share/aws_robomaker_small_house_world/models/aws_robomaker_residential_Quilt_01/meshes/aws_Quilt_01_collision.DAE
[0.219s] -- Up-to-date: /home/frankie/ros2_ws/install/aws_robomaker_small_house_world/share/aws_robomaker_small_house_world/models/aws_robomaker_residential_Quilt_01/meshes/aws_Quilt_01_visual.DAE
[0.219s] -- Up-to-date: /home/frankie/ros2_ws/install/aws_robomaker_small_house_world/share/aws_robomaker_small_house_world/models/aws_robomaker_residential_Quilt_01/model.config
[0.219s] -- Up-to-date: /home/frankie/ros2_ws/install/aws_robomaker_small_house_world/share/aws_robomaker_small_house_world/models/aws_robomaker_residential_Quilt_01/model.sdf
[0.219s] -- Up-to-date: /home/frankie/ros2_ws/install/aws_robomaker_small_house_world/share/aws_robomaker_small_house_world/models/aws_robomaker_residential_CoffeeTable_01
[0.220s] -- Up-to-date: /home/frankie/ros2_ws/install/aws_robomaker_small_house_world/share/aws_robomaker_small_house_world/models/aws_robomaker_residential_CoffeeTable_01/materials
[0.220s] -- Up-to-date: /home/frankie/ros2_ws/install/aws_robomaker_small_house_world/share/aws_robomaker_small_house_world/models/aws_robomaker_residential_CoffeeTable_01/materials/textures
[0.220s] -- Up-to-date: /home/frankie/ros2_ws/install/aws_robomaker_small_house_world/share/aws_robomaker_small_house_world/models/aws_robomaker_residential_CoffeeTable_01/materials/textures/aws_CoffeeTable_01.png
[0.220s] -- Up-to-date: /home/frankie/ros2_ws/install/aws_robomaker_small_house_world/share/aws_robomaker_small_house_world/models/aws_robomaker_residential_CoffeeTable_01/meshes
[0.220s] -- Up-to-date: /home/frankie/ros2_ws/install/aws_robomaker_small_house_world/share/aws_robomaker_small_house_world/models/aws_robomaker_residential_CoffeeTable_01/meshes/aws_CoffeeTable_01_visual.DAE
[0.220s] -- Up-to-date: /home/frankie/ros2_ws/install/aws_robomaker_small_house_world/share/aws_robomaker_small_house_world/models/aws_robomaker_residential_CoffeeTable_01/meshes/aws_CoffeeTable_01_collision.DAE
[0.220s] -- Up-to-date: /home/frankie/ros2_ws/install/aws_robomaker_small_house_world/share/aws_robomaker_small_house_world/models/aws_robomaker_residential_CoffeeTable_01/model.config
[0.220s] -- Up-to-date: /home/frankie/ros2_ws/install/aws_robomaker_small_house_world/share/aws_robomaker_small_house_world/models/aws_robomaker_residential_CoffeeTable_01/model.sdf
[0.220s] -- Up-to-date: /home/frankie/ros2_ws/install/aws_robomaker_small_house_world/share/aws_robomaker_small_house_world/models/aws_robomaker_residential_RoomWall_01
[0.220s] -- Up-to-date: /home/frankie/ros2_ws/install/aws_robomaker_small_house_world/share/aws_robomaker_small_house_world/models/aws_robomaker_residential_RoomWall_01/materials
[0.220s] -- Up-to-date: /home/frankie/ros2_ws/install/aws_robomaker_small_house_world/share/aws_robomaker_small_house_world/models/aws_robomaker_residential_RoomWall_01/materials/textures
[0.220s] -- Up-to-date: /home/frankie/ros2_ws/install/aws_robomaker_small_house_world/share/aws_robomaker_small_house_world/models/aws_robomaker_residential_RoomWall_01/materials/textures/aws_RoomWall_01.png
[0.220s] -- Up-to-date: /home/frankie/ros2_ws/install/aws_robomaker_small_house_world/share/aws_robomaker_small_house_world/models/aws_robomaker_residential_RoomWall_01/meshes
[0.220s] -- Up-to-date: /home/frankie/ros2_ws/install/aws_robomaker_small_house_world/share/aws_robomaker_small_house_world/models/aws_robomaker_residential_RoomWall_01/meshes/aws_RoomWall_01_visual.DAE
[0.220s] -- Up-to-date: /home/frankie/ros2_ws/install/aws_robomaker_small_house_world/share/aws_robomaker_small_house_world/models/aws_robomaker_residential_RoomWall_01/meshes/aws_RoomWall_01_collision.DAE
[0.221s] -- Up-to-date: /home/frankie/ros2_ws/install/aws_robomaker_small_house_world/share/aws_robomaker_small_house_world/models/aws_robomaker_residential_RoomWall_01/model.config
[0.221s] -- Up-to-date: /home/frankie/ros2_ws/install/aws_robomaker_small_house_world/share/aws_robomaker_small_house_world/models/aws_robomaker_residential_RoomWall_01/model.sdf
[0.221s] -- Up-to-date: /home/frankie/ros2_ws/install/aws_robomaker_small_house_world/share/aws_robomaker_small_house_world/models/aws_robomaker_residential_DeskPortraitD_04
[0.221s] -- Up-to-date: /home/frankie/ros2_ws/install/aws_robomaker_small_house_world/share/aws_robomaker_small_house_world/models/aws_robomaker_residential_DeskPortraitD_04/materials
[0.221s] -- Up-to-date: /home/frankie/ros2_ws/install/aws_robomaker_small_house_world/share/aws_robomaker_small_house_world/models/aws_robomaker_residential_DeskPortraitD_04/materials/textures
[0.221s] -- Up-to-date: /home/frankie/ros2_ws/install/aws_robomaker_small_house_world/share/aws_robomaker_small_house_world/models/aws_robomaker_residential_DeskPortraitD_04/materials/textures/aws_DeskPortraitD_02.png
[0.221s] -- Up-to-date: /home/frankie/ros2_ws/install/aws_robomaker_small_house_world/share/aws_robomaker_small_house_world/models/aws_robomaker_residential_DeskPortraitD_04/materials/textures/aws_DeskPortraitD_01.png
[0.221s] -- Up-to-date: /home/frankie/ros2_ws/install/aws_robomaker_small_house_world/share/aws_robomaker_small_house_world/models/aws_robomaker_residential_DeskPortraitD_04/meshes
[0.221s] -- Up-to-date: /home/frankie/ros2_ws/install/aws_robomaker_small_house_world/share/aws_robomaker_small_house_world/models/aws_robomaker_residential_DeskPortraitD_04/meshes/aws_DeskPortraitD_01_collision.DAE
[0.221s] -- Up-to-date: /home/frankie/ros2_ws/install/aws_robomaker_small_house_world/share/aws_robomaker_small_house_world/models/aws_robomaker_residential_DeskPortraitD_04/meshes/aws_DeskPortraitD_01_visual.DAE
[0.221s] -- Up-to-date: /home/frankie/ros2_ws/install/aws_robomaker_small_house_world/share/aws_robomaker_small_house_world/models/aws_robomaker_residential_DeskPortraitD_04/model.config
[0.221s] -- Up-to-date: /home/frankie/ros2_ws/install/aws_robomaker_small_house_world/share/aws_robomaker_small_house_world/models/aws_robomaker_residential_DeskPortraitD_04/model.sdf
[0.221s] -- Up-to-date: /home/frankie/ros2_ws/install/aws_robomaker_small_house_world/share/aws_robomaker_small_house_world/models/aws_robomaker_residential_SecurityCamera_01
[0.221s] -- Up-to-date: /home/frankie/ros2_ws/install/aws_robomaker_small_house_world/share/aws_robomaker_small_house_world/models/aws_robomaker_residential_SecurityCamera_01/materials
[0.221s] -- Up-to-date: /home/frankie/ros2_ws/install/aws_robomaker_small_house_world/share/aws_robomaker_small_house_world/models/aws_robomaker_residential_SecurityCamera_01/materials/textures
[0.222s] -- Up-to-date: /home/frankie/ros2_ws/install/aws_robomaker_small_house_world/share/aws_robomaker_small_house_world/models/aws_robomaker_residential_SecurityCamera_01/materials/textures/aws_SecurityCamera_01.png
[0.222s] -- Up-to-date: /home/frankie/ros2_ws/install/aws_robomaker_small_house_world/share/aws_robomaker_small_house_world/models/aws_robomaker_residential_SecurityCamera_01/meshes
[0.222s] -- Up-to-date: /home/frankie/ros2_ws/install/aws_robomaker_small_house_world/share/aws_robomaker_small_house_world/models/aws_robomaker_residential_SecurityCamera_01/meshes/aws_SecurityCamera_01_visual.DAE
[0.222s] -- Up-to-date: /home/frankie/ros2_ws/install/aws_robomaker_small_house_world/share/aws_robomaker_small_house_world/models/aws_robomaker_residential_SecurityCamera_01/meshes/aws_SecurityCamera_01_collision.DAE
[0.222s] -- Up-to-date: /home/frankie/ros2_ws/install/aws_robomaker_small_house_world/share/aws_robomaker_small_house_world/models/aws_robomaker_residential_SecurityCamera_01/model.config
[0.222s] -- Up-to-date: /home/frankie/ros2_ws/install/aws_robomaker_small_house_world/share/aws_robomaker_small_house_world/models/aws_robomaker_residential_SecurityCamera_01/model.sdf
[0.222s] -- Up-to-date: /home/frankie/ros2_ws/install/aws_robomaker_small_house_world/share/aws_robomaker_small_house_world/models/aws_robomaker_residential_AirconditionerA_01
[0.222s] -- Up-to-date: /home/frankie/ros2_ws/install/aws_robomaker_small_house_world/share/aws_robomaker_small_house_world/models/aws_robomaker_residential_AirconditionerA_01/materials
[0.222s] -- Up-to-date: /home/frankie/ros2_ws/install/aws_robomaker_small_house_world/share/aws_robomaker_small_house_world/models/aws_robomaker_residential_AirconditionerA_01/materials/textures
[0.222s] -- Up-to-date: /home/frankie/ros2_ws/install/aws_robomaker_small_house_world/share/aws_robomaker_small_house_world/models/aws_robomaker_residential_AirconditionerA_01/materials/textures/aws_AirconditionerA_01.png
[0.222s] -- Up-to-date: /home/frankie/ros2_ws/install/aws_robomaker_small_house_world/share/aws_robomaker_small_house_world/models/aws_robomaker_residential_AirconditionerA_01/meshes
[0.222s] -- Up-to-date: /home/frankie/ros2_ws/install/aws_robomaker_small_house_world/share/aws_robomaker_small_house_world/models/aws_robomaker_residential_AirconditionerA_01/meshes/aws_AirconditionerA_01_visual.DAE
[0.222s] -- Up-to-date: /home/frankie/ros2_ws/install/aws_robomaker_small_house_world/share/aws_robomaker_small_house_world/models/aws_robomaker_residential_AirconditionerA_01/meshes/aws__Air conditioner_01.DAE
[0.223s] -- Up-to-date: /home/frankie/ros2_ws/install/aws_robomaker_small_house_world/share/aws_robomaker_small_house_world/models/aws_robomaker_residential_AirconditionerA_01/meshes/aws_AirconditionerA_01_collision.DAE
[0.223s] -- Up-to-date: /home/frankie/ros2_ws/install/aws_robomaker_small_house_world/share/aws_robomaker_small_house_world/models/aws_robomaker_residential_AirconditionerA_01/model.config
[0.223s] -- Up-to-date: /home/frankie/ros2_ws/install/aws_robomaker_small_house_world/share/aws_robomaker_small_house_world/models/aws_robomaker_residential_AirconditionerA_01/model.sdf
[0.223s] -- Up-to-date: /home/frankie/ros2_ws/install/aws_robomaker_small_house_world/share/aws_robomaker_small_house_world/models/box_bot
[0.223s] -- Up-to-date: /home/frankie/ros2_ws/install/aws_robomaker_small_house_world/share/aws_robomaker_small_house_world/models/box_bot/urdf
[0.223s] -- Up-to-date: /home/frankie/ros2_ws/install/aws_robomaker_small_house_world/share/aws_robomaker_small_house_world/models/box_bot/urdf/box_bot_description.urdf
[0.223s] -- Up-to-date: /home/frankie/ros2_ws/install/aws_robomaker_small_house_world/share/aws_robomaker_small_house_world/models/aws_robomaker_residential_Refrigerator_01
[0.223s] -- Up-to-date: /home/frankie/ros2_ws/install/aws_robomaker_small_house_world/share/aws_robomaker_small_house_world/models/aws_robomaker_residential_Refrigerator_01/materials
[0.223s] -- Up-to-date: /home/frankie/ros2_ws/install/aws_robomaker_small_house_world/share/aws_robomaker_small_house_world/models/aws_robomaker_residential_Refrigerator_01/materials/textures
[0.223s] -- Up-to-date: /home/frankie/ros2_ws/install/aws_robomaker_small_house_world/share/aws_robomaker_small_house_world/models/aws_robomaker_residential_Refrigerator_01/materials/textures/aws_Refrigerator_02.png
[0.223s] -- Up-to-date: /home/frankie/ros2_ws/install/aws_robomaker_small_house_world/share/aws_robomaker_small_house_world/models/aws_robomaker_residential_Refrigerator_01/materials/textures/aws_Refrigerator_01.png
[0.223s] -- Up-to-date: /home/frankie/ros2_ws/install/aws_robomaker_small_house_world/share/aws_robomaker_small_house_world/models/aws_robomaker_residential_Refrigerator_01/meshes
[0.223s] -- Up-to-date: /home/frankie/ros2_ws/install/aws_robomaker_small_house_world/share/aws_robomaker_small_house_world/models/aws_robomaker_residential_Refrigerator_01/meshes/aws_Refrigerator_01_visual.DAE
[0.223s] -- Up-to-date: /home/frankie/ros2_ws/install/aws_robomaker_small_house_world/share/aws_robomaker_small_house_world/models/aws_robomaker_residential_Refrigerator_01/meshes/aws_Refrigerator_01.DAE
[0.224s] -- Up-to-date: /home/frankie/ros2_ws/install/aws_robomaker_small_house_world/share/aws_robomaker_small_house_world/models/aws_robomaker_residential_Refrigerator_01/meshes/aws_Refrigerator_01_collision.DAE
[0.224s] -- Up-to-date: /home/frankie/ros2_ws/install/aws_robomaker_small_house_world/share/aws_robomaker_small_house_world/models/aws_robomaker_residential_Refrigerator_01/model.config
[0.224s] -- Up-to-date: /home/frankie/ros2_ws/install/aws_robomaker_small_house_world/share/aws_robomaker_small_house_world/models/aws_robomaker_residential_Refrigerator_01/model.sdf
[0.224s] -- Up-to-date: /home/frankie/ros2_ws/install/aws_robomaker_small_house_world/share/aws_robomaker_small_house_world/models/aws_robomaker_residential_AirconditionerB_01
[0.224s] -- Up-to-date: /home/frankie/ros2_ws/install/aws_robomaker_small_house_world/share/aws_robomaker_small_house_world/models/aws_robomaker_residential_AirconditionerB_01/materials
[0.224s] -- Up-to-date: /home/frankie/ros2_ws/install/aws_robomaker_small_house_world/share/aws_robomaker_small_house_world/models/aws_robomaker_residential_AirconditionerB_01/materials/textures
[0.224s] -- Up-to-date: /home/frankie/ros2_ws/install/aws_robomaker_small_house_world/share/aws_robomaker_small_house_world/models/aws_robomaker_residential_AirconditionerB_01/materials/textures/aws_AirconditionerB_01.png
[0.224s] -- Up-to-date: /home/frankie/ros2_ws/install/aws_robomaker_small_house_world/share/aws_robomaker_small_house_world/models/aws_robomaker_residential_AirconditionerB_01/meshes
[0.224s] -- Up-to-date: /home/frankie/ros2_ws/install/aws_robomaker_small_house_world/share/aws_robomaker_small_house_world/models/aws_robomaker_residential_AirconditionerB_01/meshes/aws_AirconditionerB_01_visual.DAE
[0.224s] -- Up-to-date: /home/frankie/ros2_ws/install/aws_robomaker_small_house_world/share/aws_robomaker_small_house_world/models/aws_robomaker_residential_AirconditionerB_01/meshes/aws_AirconditionerB_01_collision.DAE
[0.224s] -- Up-to-date: /home/frankie/ros2_ws/install/aws_robomaker_small_house_world/share/aws_robomaker_small_house_world/models/aws_robomaker_residential_AirconditionerB_01/model.config
[0.224s] -- Up-to-date: /home/frankie/ros2_ws/install/aws_robomaker_small_house_world/share/aws_robomaker_small_house_world/models/aws_robomaker_residential_AirconditionerB_01/model.sdf
[0.224s] -- Up-to-date: /home/frankie/ros2_ws/install/aws_robomaker_small_house_world/share/aws_robomaker_small_house_world/models/aws_robomaker_residential_ChairD_01
[0.224s] -- Up-to-date: /home/frankie/ros2_ws/install/aws_robomaker_small_house_world/share/aws_robomaker_small_house_world/models/aws_robomaker_residential_ChairD_01/materials
[0.224s] -- Up-to-date: /home/frankie/ros2_ws/install/aws_robomaker_small_house_world/share/aws_robomaker_small_house_world/models/aws_robomaker_residential_ChairD_01/materials/textures
[0.224s] -- Up-to-date: /home/frankie/ros2_ws/install/aws_robomaker_small_house_world/share/aws_robomaker_small_house_world/models/aws_robomaker_residential_ChairD_01/materials/textures/aws_ChairD_01.png
[0.224s] -- Up-to-date: /home/frankie/ros2_ws/install/aws_robomaker_small_house_world/share/aws_robomaker_small_house_world/models/aws_robomaker_residential_ChairD_01/meshes
[0.225s] -- Up-to-date: /home/frankie/ros2_ws/install/aws_robomaker_small_house_world/share/aws_robomaker_small_house_world/models/aws_robomaker_residential_ChairD_01/meshes/aws_ChairD_01_visual.DAE
[0.225s] -- Up-to-date: /home/frankie/ros2_ws/install/aws_robomaker_small_house_world/share/aws_robomaker_small_house_world/models/aws_robomaker_residential_ChairD_01/meshes/aws_ChairD_01_collision.DAE
[0.225s] -- Up-to-date: /home/frankie/ros2_ws/install/aws_robomaker_small_house_world/share/aws_robomaker_small_house_world/models/aws_robomaker_residential_ChairD_01/model.config
[0.225s] -- Up-to-date: /home/frankie/ros2_ws/install/aws_robomaker_small_house_world/share/aws_robomaker_small_house_world/models/aws_robomaker_residential_ChairD_01/model.sdf
[0.225s] -- Up-to-date: /home/frankie/ros2_ws/install/aws_robomaker_small_house_world/share/aws_robomaker_small_house_world/models/aws_robomaker_residential_PortraitD_02
[0.225s] -- Up-to-date: /home/frankie/ros2_ws/install/aws_robomaker_small_house_world/share/aws_robomaker_small_house_world/models/aws_robomaker_residential_PortraitD_02/materials
[0.225s] -- Up-to-date: /home/frankie/ros2_ws/install/aws_robomaker_small_house_world/share/aws_robomaker_small_house_world/models/aws_robomaker_residential_PortraitD_02/materials/textures
[0.225s] -- Up-to-date: /home/frankie/ros2_ws/install/aws_robomaker_small_house_world/share/aws_robomaker_small_house_world/models/aws_robomaker_residential_PortraitD_02/materials/textures/aws_PortraitD_01.png
[0.225s] -- Up-to-date: /home/frankie/ros2_ws/install/aws_robomaker_small_house_world/share/aws_robomaker_small_house_world/models/aws_robomaker_residential_PortraitD_02/materials/textures/aws_PortraitD_02.png
[0.225s] -- Up-to-date: /home/frankie/ros2_ws/install/aws_robomaker_small_house_world/share/aws_robomaker_small_house_world/models/aws_robomaker_residential_PortraitD_02/meshes
[0.225s] -- Up-to-date: /home/frankie/ros2_ws/install/aws_robomaker_small_house_world/share/aws_robomaker_small_house_world/models/aws_robomaker_residential_PortraitD_02/meshes/aws_PortraitD_01_visual.DAE
[0.225s] -- Up-to-date: /home/frankie/ros2_ws/install/aws_robomaker_small_house_world/share/aws_robomaker_small_house_world/models/aws_robomaker_residential_PortraitD_02/meshes/aws_PortraitD_01_collision.DAE
[0.225s] -- Up-to-date: /home/frankie/ros2_ws/install/aws_robomaker_small_house_world/share/aws_robomaker_small_house_world/models/aws_robomaker_residential_PortraitD_02/model.config
[0.225s] -- Up-to-date: /home/frankie/ros2_ws/install/aws_robomaker_small_house_world/share/aws_robomaker_small_house_world/models/aws_robomaker_residential_PortraitD_02/model.sdf
[0.225s] -- Up-to-date: /home/frankie/ros2_ws/install/aws_robomaker_small_house_world/share/aws_robomaker_small_house_world/models/aws_robomaker_residential_DeskPortraitB_01
[0.226s] -- Up-to-date: /home/frankie/ros2_ws/install/aws_robomaker_small_house_world/share/aws_robomaker_small_house_world/models/aws_robomaker_residential_DeskPortraitB_01/materials
[0.226s] -- Up-to-date: /home/frankie/ros2_ws/install/aws_robomaker_small_house_world/share/aws_robomaker_small_house_world/models/aws_robomaker_residential_DeskPortraitB_01/materials/textures
[0.226s] -- Up-to-date: /home/frankie/ros2_ws/install/aws_robomaker_small_house_world/share/aws_robomaker_small_house_world/models/aws_robomaker_residential_DeskPortraitB_01/materials/textures/aws_DeskPortraitB_01.png
[0.226s] -- Up-to-date: /home/frankie/ros2_ws/install/aws_robomaker_small_house_world/share/aws_robomaker_small_house_world/models/aws_robomaker_residential_DeskPortraitB_01/materials/textures/aws_DeskPortraitB_02.png
[0.226s] -- Up-to-date: /home/frankie/ros2_ws/install/aws_robomaker_small_house_world/share/aws_robomaker_small_house_world/models/aws_robomaker_residential_DeskPortraitB_01/meshes
[0.226s] -- Up-to-date: /home/frankie/ros2_ws/install/aws_robomaker_small_house_world/share/aws_robomaker_small_house_world/models/aws_robomaker_residential_DeskPortraitB_01/meshes/aws_DeskPortraitB_01_visual.DAE
[0.226s] -- Up-to-date: /home/frankie/ros2_ws/install/aws_robomaker_small_house_world/share/aws_robomaker_small_house_world/models/aws_robomaker_residential_DeskPortraitB_01/meshes/aws_DeskPortraitB_01_collision.DAE
[0.226s] -- Up-to-date: /home/frankie/ros2_ws/install/aws_robomaker_small_house_world/share/aws_robomaker_small_house_world/models/aws_robomaker_residential_DeskPortraitB_01/model.config
[0.226s] -- Up-to-date: /home/frankie/ros2_ws/install/aws_robomaker_small_house_world/share/aws_robomaker_small_house_world/models/aws_robomaker_residential_DeskPortraitB_01/model.sdf
[0.226s] -- Up-to-date: /home/frankie/ros2_ws/install/aws_robomaker_small_house_world/share/aws_robomaker_small_house_world/models/aws_robomaker_residential_PortraitB_01
[0.226s] -- Up-to-date: /home/frankie/ros2_ws/install/aws_robomaker_small_house_world/share/aws_robomaker_small_house_world/models/aws_robomaker_residential_PortraitB_01/materials
[0.226s] -- Up-to-date: /home/frankie/ros2_ws/install/aws_robomaker_small_house_world/share/aws_robomaker_small_house_world/models/aws_robomaker_residential_PortraitB_01/materials/textures
[0.227s] -- Up-to-date: /home/frankie/ros2_ws/install/aws_robomaker_small_house_world/share/aws_robomaker_small_house_world/models/aws_robomaker_residential_PortraitB_01/materials/textures/aws_PortraitB_02.png
[0.227s] -- Up-to-date: /home/frankie/ros2_ws/install/aws_robomaker_small_house_world/share/aws_robomaker_small_house_world/models/aws_robomaker_residential_PortraitB_01/materials/textures/aws_PortraitB_01.png
[0.227s] -- Up-to-date: /home/frankie/ros2_ws/install/aws_robomaker_small_house_world/share/aws_robomaker_small_house_world/models/aws_robomaker_residential_PortraitB_01/meshes
[0.227s] -- Up-to-date: /home/frankie/ros2_ws/install/aws_robomaker_small_house_world/share/aws_robomaker_small_house_world/models/aws_robomaker_residential_PortraitB_01/meshes/aws_PortraitB_01_collision.DAE
[0.227s] -- Up-to-date: /home/frankie/ros2_ws/install/aws_robomaker_small_house_world/share/aws_robomaker_small_house_world/models/aws_robomaker_residential_PortraitB_01/meshes/aws_PortraitB_01_visual.DAE
[0.227s] -- Up-to-date: /home/frankie/ros2_ws/install/aws_robomaker_small_house_world/share/aws_robomaker_small_house_world/models/aws_robomaker_residential_PortraitB_01/model.config
[0.227s] -- Up-to-date: /home/frankie/ros2_ws/install/aws_robomaker_small_house_world/share/aws_robomaker_small_house_world/models/aws_robomaker_residential_PortraitB_01/model.sdf
[0.227s] -- Up-to-date: /home/frankie/ros2_ws/install/aws_robomaker_small_house_world/share/aws_robomaker_small_house_world/models/aws_robomaker_residential_Pillow_01
[0.227s] -- Up-to-date: /home/frankie/ros2_ws/install/aws_robomaker_small_house_world/share/aws_robomaker_small_house_world/models/aws_robomaker_residential_Pillow_01/materials
[0.227s] -- Up-to-date: /home/frankie/ros2_ws/install/aws_robomaker_small_house_world/share/aws_robomaker_small_house_world/models/aws_robomaker_residential_Pillow_01/materials/textures
[0.227s] -- Up-to-date: /home/frankie/ros2_ws/install/aws_robomaker_small_house_world/share/aws_robomaker_small_house_world/models/aws_robomaker_residential_Pillow_01/materials/textures/aws_Pillow_01.png
[0.228s] -- Up-to-date: /home/frankie/ros2_ws/install/aws_robomaker_small_house_world/share/aws_robomaker_small_house_world/models/aws_robomaker_residential_Pillow_01/meshes
[0.228s] -- Up-to-date: /home/frankie/ros2_ws/install/aws_robomaker_small_house_world/share/aws_robomaker_small_house_world/models/aws_robomaker_residential_Pillow_01/meshes/aws_Pillow_01_collision.DAE
[0.228s] -- Up-to-date: /home/frankie/ros2_ws/install/aws_robomaker_small_house_world/share/aws_robomaker_small_house_world/models/aws_robomaker_residential_Pillow_01/meshes/aws_Pillow_01_visual.DAE
[0.228s] -- Up-to-date: /home/frankie/ros2_ws/install/aws_robomaker_small_house_world/share/aws_robomaker_small_house_world/models/aws_robomaker_residential_Pillow_01/model.config
[0.228s] -- Up-to-date: /home/frankie/ros2_ws/install/aws_robomaker_small_house_world/share/aws_robomaker_small_house_world/models/aws_robomaker_residential_Pillow_01/model.sdf
[0.228s] -- Up-to-date: /home/frankie/ros2_ws/install/aws_robomaker_small_house_world/share/aws_robomaker_small_house_world/models/aws_robomaker_residential_PortraitC_01
[0.228s] -- Up-to-date: /home/frankie/ros2_ws/install/aws_robomaker_small_house_world/share/aws_robomaker_small_house_world/models/aws_robomaker_residential_PortraitC_01/materials
[0.228s] -- Up-to-date: /home/frankie/ros2_ws/install/aws_robomaker_small_house_world/share/aws_robomaker_small_house_world/models/aws_robomaker_residential_PortraitC_01/materials/textures
[0.228s] -- Up-to-date: /home/frankie/ros2_ws/install/aws_robomaker_small_house_world/share/aws_robomaker_small_house_world/models/aws_robomaker_residential_PortraitC_01/materials/textures/aws_PortraitC_01.png
[0.228s] -- Up-to-date: /home/frankie/ros2_ws/install/aws_robomaker_small_house_world/share/aws_robomaker_small_house_world/models/aws_robomaker_residential_PortraitC_01/materials/textures/aws_PortraitC_02.png
[0.228s] -- Up-to-date: /home/frankie/ros2_ws/install/aws_robomaker_small_house_world/share/aws_robomaker_small_house_world/models/aws_robomaker_residential_PortraitC_01/meshes
[0.228s] -- Up-to-date: /home/frankie/ros2_ws/install/aws_robomaker_small_house_world/share/aws_robomaker_small_house_world/models/aws_robomaker_residential_PortraitC_01/meshes/aws_PortraitC_01_collision.DAE
[0.228s] -- Up-to-date: /home/frankie/ros2_ws/install/aws_robomaker_small_house_world/share/aws_robomaker_small_house_world/models/aws_robomaker_residential_PortraitC_01/meshes/aws_PortraitC_01_visual.DAE
[0.228s] -- Up-to-date: /home/frankie/ros2_ws/install/aws_robomaker_small_house_world/share/aws_robomaker_small_house_world/models/aws_robomaker_residential_PortraitC_01/model.config
[0.228s] -- Up-to-date: /home/frankie/ros2_ws/install/aws_robomaker_small_house_world/share/aws_robomaker_small_house_world/models/aws_robomaker_residential_PortraitC_01/model.sdf
[0.228s] -- Up-to-date: /home/frankie/ros2_ws/install/aws_robomaker_small_house_world/share/aws_robomaker_small_house_world/models/aws_robomaker_residential_ShoeRack_01
[0.229s] -- Up-to-date: /home/frankie/ros2_ws/install/aws_robomaker_small_house_world/share/aws_robomaker_small_house_world/models/aws_robomaker_residential_ShoeRack_01/materials
[0.229s] -- Up-to-date: /home/frankie/ros2_ws/install/aws_robomaker_small_house_world/share/aws_robomaker_small_house_world/models/aws_robomaker_residential_ShoeRack_01/materials/textures
[0.229s] -- Up-to-date: /home/frankie/ros2_ws/install/aws_robomaker_small_house_world/share/aws_robomaker_small_house_world/models/aws_robomaker_residential_ShoeRack_01/materials/textures/aws_ShoeRack_01.png
[0.229s] -- Up-to-date: /home/frankie/ros2_ws/install/aws_robomaker_small_house_world/share/aws_robomaker_small_house_world/models/aws_robomaker_residential_ShoeRack_01/meshes
[0.229s] -- Up-to-date: /home/frankie/ros2_ws/install/aws_robomaker_small_house_world/share/aws_robomaker_small_house_world/models/aws_robomaker_residential_ShoeRack_01/meshes/aws_ShoeRack_01_visual.DAE
[0.229s] -- Up-to-date: /home/frankie/ros2_ws/install/aws_robomaker_small_house_world/share/aws_robomaker_small_house_world/models/aws_robomaker_residential_ShoeRack_01/meshes/aws_ShoeRack_01_collision.DAE
[0.229s] -- Up-to-date: /home/frankie/ros2_ws/install/aws_robomaker_small_house_world/share/aws_robomaker_small_house_world/models/aws_robomaker_residential_ShoeRack_01/model.config
[0.229s] -- Up-to-date: /home/frankie/ros2_ws/install/aws_robomaker_small_house_world/share/aws_robomaker_small_house_world/models/aws_robomaker_residential_ShoeRack_01/model.sdf
[0.229s] -- Up-to-date: /home/frankie/ros2_ws/install/aws_robomaker_small_house_world/share/aws_robomaker_small_house_world/models/aws_robomaker_residential_PortraitE_01
[0.229s] -- Up-to-date: /home/frankie/ros2_ws/install/aws_robomaker_small_house_world/share/aws_robomaker_small_house_world/models/aws_robomaker_residential_PortraitE_01/materials
[0.229s] -- Up-to-date: /home/frankie/ros2_ws/install/aws_robomaker_small_house_world/share/aws_robomaker_small_house_world/models/aws_robomaker_residential_PortraitE_01/materials/textures
[0.229s] -- Up-to-date: /home/frankie/ros2_ws/install/aws_robomaker_small_house_world/share/aws_robomaker_small_house_world/models/aws_robomaker_residential_PortraitE_01/materials/textures/aws_PortraitE_01.png
[0.229s] -- Up-to-date: /home/frankie/ros2_ws/install/aws_robomaker_small_house_world/share/aws_robomaker_small_house_world/models/aws_robomaker_residential_PortraitE_01/materials/textures/aws_PortraitE_02.png
[0.229s] -- Up-to-date: /home/frankie/ros2_ws/install/aws_robomaker_small_house_world/share/aws_robomaker_small_house_world/models/aws_robomaker_residential_PortraitE_01/meshes
[0.229s] -- Up-to-date: /home/frankie/ros2_ws/install/aws_robomaker_small_house_world/share/aws_robomaker_small_house_world/models/aws_robomaker_residential_PortraitE_01/meshes/aws_PortraitE_01_collision.DAE
[0.230s] -- Up-to-date: /home/frankie/ros2_ws/install/aws_robomaker_small_house_world/share/aws_robomaker_small_house_world/models/aws_robomaker_residential_PortraitE_01/meshes/aws_PortraitE_01_visual.DAE
[0.230s] -- Up-to-date: /home/frankie/ros2_ws/install/aws_robomaker_small_house_world/share/aws_robomaker_small_house_world/models/aws_robomaker_residential_PortraitE_01/model.config
[0.230s] -- Up-to-date: /home/frankie/ros2_ws/install/aws_robomaker_small_house_world/share/aws_robomaker_small_house_world/models/aws_robomaker_residential_PortraitE_01/model.sdf
[0.230s] -- Up-to-date: /home/frankie/ros2_ws/install/aws_robomaker_small_house_world/share/aws_robomaker_small_house_world/models/aws_robomaker_residential_Ball_01
[0.230s] -- Up-to-date: /home/frankie/ros2_ws/install/aws_robomaker_small_house_world/share/aws_robomaker_small_house_world/models/aws_robomaker_residential_Ball_01/materials
[0.230s] -- Up-to-date: /home/frankie/ros2_ws/install/aws_robomaker_small_house_world/share/aws_robomaker_small_house_world/models/aws_robomaker_residential_Ball_01/materials/textures
[0.230s] -- Up-to-date: /home/frankie/ros2_ws/install/aws_robomaker_small_house_world/share/aws_robomaker_small_house_world/models/aws_robomaker_residential_Ball_01/materials/textures/aws_Ball_01.png
[0.230s] -- Up-to-date: /home/frankie/ros2_ws/install/aws_robomaker_small_house_world/share/aws_robomaker_small_house_world/models/aws_robomaker_residential_Ball_01/meshes
[0.230s] -- Up-to-date: /home/frankie/ros2_ws/install/aws_robomaker_small_house_world/share/aws_robomaker_small_house_world/models/aws_robomaker_residential_Ball_01/meshes/aws_Ball_01_collision.DAE
[0.230s] -- Up-to-date: /home/frankie/ros2_ws/install/aws_robomaker_small_house_world/share/aws_robomaker_small_house_world/models/aws_robomaker_residential_Ball_01/meshes/aws_Ball_01_visual.DAE
[0.230s] -- Up-to-date: /home/frankie/ros2_ws/install/aws_robomaker_small_house_world/share/aws_robomaker_small_house_world/models/aws_robomaker_residential_Ball_01/model.config
[0.230s] -- Up-to-date: /home/frankie/ros2_ws/install/aws_robomaker_small_house_world/share/aws_robomaker_small_house_world/models/aws_robomaker_residential_Ball_01/model.sdf
[0.230s] -- Up-to-date: /home/frankie/ros2_ws/install/aws_robomaker_small_house_world/share/aws_robomaker_small_house_world/models/aws_robomaker_residential_DeskPortraitD_02
[0.230s] -- Up-to-date: /home/frankie/ros2_ws/install/aws_robomaker_small_house_world/share/aws_robomaker_small_house_world/models/aws_robomaker_residential_DeskPortraitD_02/materials
[0.230s] -- Up-to-date: /home/frankie/ros2_ws/install/aws_robomaker_small_house_world/share/aws_robomaker_small_house_world/models/aws_robomaker_residential_DeskPortraitD_02/materials/textures
[0.230s] -- Up-to-date: /home/frankie/ros2_ws/install/aws_robomaker_small_house_world/share/aws_robomaker_small_house_world/models/aws_robomaker_residential_DeskPortraitD_02/materials/textures/aws_DeskPortraitD_02.png
[0.231s] -- Up-to-date: /home/frankie/ros2_ws/install/aws_robomaker_small_house_world/share/aws_robomaker_small_house_world/models/aws_robomaker_residential_DeskPortraitD_02/materials/textures/aws_DeskPortraitD_01.png
[0.231s] -- Up-to-date: /home/frankie/ros2_ws/install/aws_robomaker_small_house_world/share/aws_robomaker_small_house_world/models/aws_robomaker_residential_DeskPortraitD_02/meshes
[0.231s] -- Up-to-date: /home/frankie/ros2_ws/install/aws_robomaker_small_house_world/share/aws_robomaker_small_house_world/models/aws_robomaker_residential_DeskPortraitD_02/meshes/aws_DeskPortraitD_01_collision.DAE
[0.231s] -- Up-to-date: /home/frankie/ros2_ws/install/aws_robomaker_small_house_world/share/aws_robomaker_small_house_world/models/aws_robomaker_residential_DeskPortraitD_02/meshes/aws_DeskPortraitD_01_visual.DAE
[0.231s] -- Up-to-date: /home/frankie/ros2_ws/install/aws_robomaker_small_house_world/share/aws_robomaker_small_house_world/models/aws_robomaker_residential_DeskPortraitD_02/model.config
[0.231s] -- Up-to-date: /home/frankie/ros2_ws/install/aws_robomaker_small_house_world/share/aws_robomaker_small_house_world/models/aws_robomaker_residential_DeskPortraitD_02/model.sdf
[0.231s] -- Up-to-date: /home/frankie/ros2_ws/install/aws_robomaker_small_house_world/share/aws_robomaker_small_house_world/models/aws_robomaker_residential_Curtain_01
[0.231s] -- Up-to-date: /home/frankie/ros2_ws/install/aws_robomaker_small_house_world/share/aws_robomaker_small_house_world/models/aws_robomaker_residential_Curtain_01/materials
[0.231s] -- Up-to-date: /home/frankie/ros2_ws/install/aws_robomaker_small_house_world/share/aws_robomaker_small_house_world/models/aws_robomaker_residential_Curtain_01/materials/textures
[0.231s] -- Up-to-date: /home/frankie/ros2_ws/install/aws_robomaker_small_house_world/share/aws_robomaker_small_house_world/models/aws_robomaker_residential_Curtain_01/materials/textures/aws_Curtain_01.png
[0.231s] -- Up-to-date: /home/frankie/ros2_ws/install/aws_robomaker_small_house_world/share/aws_robomaker_small_house_world/models/aws_robomaker_residential_Curtain_01/meshes
[0.231s] -- Up-to-date: /home/frankie/ros2_ws/install/aws_robomaker_small_house_world/share/aws_robomaker_small_house_world/models/aws_robomaker_residential_Curtain_01/meshes/aws_Curtain_01_collision.DAE
[0.231s] -- Up-to-date: /home/frankie/ros2_ws/install/aws_robomaker_small_house_world/share/aws_robomaker_small_house_world/models/aws_robomaker_residential_Curtain_01/meshes/aws_Curtain_01_visual.DAE
[0.231s] -- Up-to-date: /home/frankie/ros2_ws/install/aws_robomaker_small_house_world/share/aws_robomaker_small_house_world/models/aws_robomaker_residential_Curtain_01/model.config
[0.231s] -- Up-to-date: /home/frankie/ros2_ws/install/aws_robomaker_small_house_world/share/aws_robomaker_small_house_world/models/aws_robomaker_residential_Curtain_01/model.sdf
[0.232s] -- Up-to-date: /home/frankie/ros2_ws/install/aws_robomaker_small_house_world/share/aws_robomaker_small_house_world/models/aws_robomaker_residential_DeskPortraitD_01
[0.232s] -- Up-to-date: /home/frankie/ros2_ws/install/aws_robomaker_small_house_world/share/aws_robomaker_small_house_world/models/aws_robomaker_residential_DeskPortraitD_01/materials
[0.232s] -- Up-to-date: /home/frankie/ros2_ws/install/aws_robomaker_small_house_world/share/aws_robomaker_small_house_world/models/aws_robomaker_residential_DeskPortraitD_01/materials/textures
[0.232s] -- Up-to-date: /home/frankie/ros2_ws/install/aws_robomaker_small_house_world/share/aws_robomaker_small_house_world/models/aws_robomaker_residential_DeskPortraitD_01/materials/textures/aws_DeskPortraitD_02.png
[0.232s] -- Up-to-date: /home/frankie/ros2_ws/install/aws_robomaker_small_house_world/share/aws_robomaker_small_house_world/models/aws_robomaker_residential_DeskPortraitD_01/materials/textures/aws_DeskPortraitD_01.png
[0.232s] -- Up-to-date: /home/frankie/ros2_ws/install/aws_robomaker_small_house_world/share/aws_robomaker_small_house_world/models/aws_robomaker_residential_DeskPortraitD_01/meshes
[0.232s] -- Up-to-date: /home/frankie/ros2_ws/install/aws_robomaker_small_house_world/share/aws_robomaker_small_house_world/models/aws_robomaker_residential_DeskPortraitD_01/meshes/aws_DeskPortraitD_01_collision.DAE
[0.232s] -- Up-to-date: /home/frankie/ros2_ws/install/aws_robomaker_small_house_world/share/aws_robomaker_small_house_world/models/aws_robomaker_residential_DeskPortraitD_01/meshes/aws_DeskPortraitD_01_visual.DAE
[0.232s] -- Up-to-date: /home/frankie/ros2_ws/install/aws_robomaker_small_house_world/share/aws_robomaker_small_house_world/models/aws_robomaker_residential_DeskPortraitD_01/model.config
[0.232s] -- Up-to-date: /home/frankie/ros2_ws/install/aws_robomaker_small_house_world/share/aws_robomaker_small_house_world/models/aws_robomaker_residential_DeskPortraitD_01/model.sdf
[0.232s] -- Up-to-date: /home/frankie/ros2_ws/install/aws_robomaker_small_house_world/share/aws_robomaker_small_house_world/models/aws_robomaker_residential_NightStand_01
[0.232s] -- Up-to-date: /home/frankie/ros2_ws/install/aws_robomaker_small_house_world/share/aws_robomaker_small_house_world/models/aws_robomaker_residential_NightStand_01/materials
[0.232s] -- Up-to-date: /home/frankie/ros2_ws/install/aws_robomaker_small_house_world/share/aws_robomaker_small_house_world/models/aws_robomaker_residential_NightStand_01/materials/textures
[0.232s] -- Up-to-date: /home/frankie/ros2_ws/install/aws_robomaker_small_house_world/share/aws_robomaker_small_house_world/models/aws_robomaker_residential_NightStand_01/materials/textures/aws_NightStand_01.png
[0.232s] -- Up-to-date: /home/frankie/ros2_ws/install/aws_robomaker_small_house_world/share/aws_robomaker_small_house_world/models/aws_robomaker_residential_NightStand_01/meshes
[0.232s] -- Up-to-date: /home/frankie/ros2_ws/install/aws_robomaker_small_house_world/share/aws_robomaker_small_house_world/models/aws_robomaker_residential_NightStand_01/meshes/aws_NightStand_01_collision.DAE
[0.233s] -- Up-to-date: /home/frankie/ros2_ws/install/aws_robomaker_small_house_world/share/aws_robomaker_small_house_world/models/aws_robomaker_residential_NightStand_01/meshes/aws_NightStand_01_visual.DAE
[0.233s] -- Up-to-date: /home/frankie/ros2_ws/install/aws_robomaker_small_house_world/share/aws_robomaker_small_house_world/models/aws_robomaker_residential_NightStand_01/model.config
[0.233s] -- Up-to-date: /home/frankie/ros2_ws/install/aws_robomaker_small_house_world/share/aws_robomaker_small_house_world/models/aws_robomaker_residential_NightStand_01/model.sdf
[0.233s] -- Up-to-date: /home/frankie/ros2_ws/install/aws_robomaker_small_house_world/share/aws_robomaker_small_house_world/models/aws_robomaker_residential_ChairA_01
[0.233s] -- Up-to-date: /home/frankie/ros2_ws/install/aws_robomaker_small_house_world/share/aws_robomaker_small_house_world/models/aws_robomaker_residential_ChairA_01/materials
[0.233s] -- Up-to-date: /home/frankie/ros2_ws/install/aws_robomaker_small_house_world/share/aws_robomaker_small_house_world/models/aws_robomaker_residential_ChairA_01/materials/textures
[0.233s] -- Up-to-date: /home/frankie/ros2_ws/install/aws_robomaker_small_house_world/share/aws_robomaker_small_house_world/models/aws_robomaker_residential_ChairA_01/materials/textures/aws_ChairA_01.png
[0.233s] -- Up-to-date: /home/frankie/ros2_ws/install/aws_robomaker_small_house_world/share/aws_robomaker_small_house_world/models/aws_robomaker_residential_ChairA_01/meshes
[0.233s] -- Up-to-date: /home/frankie/ros2_ws/install/aws_robomaker_small_house_world/share/aws_robomaker_small_house_world/models/aws_robomaker_residential_ChairA_01/meshes/aws_ChairA_01_visual.DAE
[0.233s] -- Up-to-date: /home/frankie/ros2_ws/install/aws_robomaker_small_house_world/share/aws_robomaker_small_house_world/models/aws_robomaker_residential_ChairA_01/meshes/aws_ChairA_01_collision.DAE
[0.233s] -- Up-to-date: /home/frankie/ros2_ws/install/aws_robomaker_small_house_world/share/aws_robomaker_small_house_world/models/aws_robomaker_residential_ChairA_01/model.config
[0.233s] -- Up-to-date: /home/frankie/ros2_ws/install/aws_robomaker_small_house_world/share/aws_robomaker_small_house_world/models/aws_robomaker_residential_ChairA_01/model.sdf
[0.233s] -- Up-to-date: /home/frankie/ros2_ws/install/aws_robomaker_small_house_world/share/aws_robomaker_small_house_world/models/aws_robomaker_residential_Vase_01
[0.233s] -- Up-to-date: /home/frankie/ros2_ws/install/aws_robomaker_small_house_world/share/aws_robomaker_small_house_world/models/aws_robomaker_residential_Vase_01/materials
[0.233s] -- Up-to-date: /home/frankie/ros2_ws/install/aws_robomaker_small_house_world/share/aws_robomaker_small_house_world/models/aws_robomaker_residential_Vase_01/materials/textures
[0.233s] -- Up-to-date: /home/frankie/ros2_ws/install/aws_robomaker_small_house_world/share/aws_robomaker_small_house_world/models/aws_robomaker_residential_Vase_01/materials/textures/aws_Vase_01.png
[0.234s] -- Up-to-date: /home/frankie/ros2_ws/install/aws_robomaker_small_house_world/share/aws_robomaker_small_house_world/models/aws_robomaker_residential_Vase_01/meshes
[0.234s] -- Up-to-date: /home/frankie/ros2_ws/install/aws_robomaker_small_house_world/share/aws_robomaker_small_house_world/models/aws_robomaker_residential_Vase_01/meshes/aws_Vase_01_collision.DAE
[0.234s] -- Up-to-date: /home/frankie/ros2_ws/install/aws_robomaker_small_house_world/share/aws_robomaker_small_house_world/models/aws_robomaker_residential_Vase_01/meshes/aws_Vase_01_visual.DAE
[0.234s] -- Up-to-date: /home/frankie/ros2_ws/install/aws_robomaker_small_house_world/share/aws_robomaker_small_house_world/models/aws_robomaker_residential_Vase_01/model.config
[0.234s] -- Up-to-date: /home/frankie/ros2_ws/install/aws_robomaker_small_house_world/share/aws_robomaker_small_house_world/models/aws_robomaker_residential_Vase_01/model.sdf
[0.234s] -- Up-to-date: /home/frankie/ros2_ws/install/aws_robomaker_small_house_world/share/aws_robomaker_small_house_world/models/aws_robomaker_residential_SeasoningBox_01
[0.234s] -- Up-to-date: /home/frankie/ros2_ws/install/aws_robomaker_small_house_world/share/aws_robomaker_small_house_world/models/aws_robomaker_residential_SeasoningBox_01/materials
[0.234s] -- Up-to-date: /home/frankie/ros2_ws/install/aws_robomaker_small_house_world/share/aws_robomaker_small_house_world/models/aws_robomaker_residential_SeasoningBox_01/materials/textures
[0.234s] -- Up-to-date: /home/frankie/ros2_ws/install/aws_robomaker_small_house_world/share/aws_robomaker_small_house_world/models/aws_robomaker_residential_SeasoningBox_01/materials/textures/aws_SeasoningBox_01.png
[0.234s] -- Up-to-date: /home/frankie/ros2_ws/install/aws_robomaker_small_house_world/share/aws_robomaker_small_house_world/models/aws_robomaker_residential_SeasoningBox_01/meshes
[0.234s] -- Up-to-date: /home/frankie/ros2_ws/install/aws_robomaker_small_house_world/share/aws_robomaker_small_house_world/models/aws_robomaker_residential_SeasoningBox_01/meshes/aws_SeasoningBox_01_visual.DAE
[0.234s] -- Up-to-date: /home/frankie/ros2_ws/install/aws_robomaker_small_house_world/share/aws_robomaker_small_house_world/models/aws_robomaker_residential_SeasoningBox_01/meshes/aws_SeasoningBox_01_collision.DAE
[0.234s] -- Up-to-date: /home/frankie/ros2_ws/install/aws_robomaker_small_house_world/share/aws_robomaker_small_house_world/models/aws_robomaker_residential_SeasoningBox_01/model.config
[0.234s] -- Up-to-date: /home/frankie/ros2_ws/install/aws_robomaker_small_house_world/share/aws_robomaker_small_house_world/models/aws_robomaker_residential_SeasoningBox_01/model.sdf
[0.234s] -- Up-to-date: /home/frankie/ros2_ws/install/aws_robomaker_small_house_world/share/aws_robomaker_small_house_world/models/aws_robomaker_residential_Chandelier_01
[0.235s] -- Up-to-date: /home/frankie/ros2_ws/install/aws_robomaker_small_house_world/share/aws_robomaker_small_house_world/models/aws_robomaker_residential_Chandelier_01/materials
[0.235s] -- Up-to-date: /home/frankie/ros2_ws/install/aws_robomaker_small_house_world/share/aws_robomaker_small_house_world/models/aws_robomaker_residential_Chandelier_01/materials/textures
[0.235s] -- Up-to-date: /home/frankie/ros2_ws/install/aws_robomaker_small_house_world/share/aws_robomaker_small_house_world/models/aws_robomaker_residential_Chandelier_01/materials/textures/aws_Chandelier_01.png
[0.235s] -- Up-to-date: /home/frankie/ros2_ws/install/aws_robomaker_small_house_world/share/aws_robomaker_small_house_world/models/aws_robomaker_residential_Chandelier_01/meshes
[0.235s] -- Up-to-date: /home/frankie/ros2_ws/install/aws_robomaker_small_house_world/share/aws_robomaker_small_house_world/models/aws_robomaker_residential_Chandelier_01/meshes/aws_Chandelier_01_collision.DAE
[0.235s] -- Up-to-date: /home/frankie/ros2_ws/install/aws_robomaker_small_house_world/share/aws_robomaker_small_house_world/models/aws_robomaker_residential_Chandelier_01/meshes/aws_Chandelier_01_visual.DAE
[0.235s] -- Up-to-date: /home/frankie/ros2_ws/install/aws_robomaker_small_house_world/share/aws_robomaker_small_house_world/models/aws_robomaker_residential_Chandelier_01/meshes/aws_Chandelier_01.DAE
[0.235s] -- Up-to-date: /home/frankie/ros2_ws/install/aws_robomaker_small_house_world/share/aws_robomaker_small_house_world/models/aws_robomaker_residential_Chandelier_01/model.config
[0.235s] -- Up-to-date: /home/frankie/ros2_ws/install/aws_robomaker_small_house_world/share/aws_robomaker_small_house_world/models/aws_robomaker_residential_Chandelier_01/model.sdf
[0.235s] -- Up-to-date: /home/frankie/ros2_ws/install/aws_robomaker_small_house_world/share/aws_robomaker_small_house_world/models/aws_robomaker_residential_PortraitD_01
[0.235s] -- Up-to-date: /home/frankie/ros2_ws/install/aws_robomaker_small_house_world/share/aws_robomaker_small_house_world/models/aws_robomaker_residential_PortraitD_01/materials
[0.235s] -- Up-to-date: /home/frankie/ros2_ws/install/aws_robomaker_small_house_world/share/aws_robomaker_small_house_world/models/aws_robomaker_residential_PortraitD_01/materials/textures
[0.235s] -- Up-to-date: /home/frankie/ros2_ws/install/aws_robomaker_small_house_world/share/aws_robomaker_small_house_world/models/aws_robomaker_residential_PortraitD_01/materials/textures/aws_PortraitD_01.png
[0.235s] -- Up-to-date: /home/frankie/ros2_ws/install/aws_robomaker_small_house_world/share/aws_robomaker_small_house_world/models/aws_robomaker_residential_PortraitD_01/materials/textures/aws_PortraitD_02.png
[0.235s] -- Up-to-date: /home/frankie/ros2_ws/install/aws_robomaker_small_house_world/share/aws_robomaker_small_house_world/models/aws_robomaker_residential_PortraitD_01/meshes
[0.236s] -- Up-to-date: /home/frankie/ros2_ws/install/aws_robomaker_small_house_world/share/aws_robomaker_small_house_world/models/aws_robomaker_residential_PortraitD_01/meshes/aws_PortraitD_01_visual.DAE
[0.236s] -- Up-to-date: /home/frankie/ros2_ws/install/aws_robomaker_small_house_world/share/aws_robomaker_small_house_world/models/aws_robomaker_residential_PortraitD_01/meshes/aws_PortraitD_01_collision.DAE
[0.236s] -- Up-to-date: /home/frankie/ros2_ws/install/aws_robomaker_small_house_world/share/aws_robomaker_small_house_world/models/aws_robomaker_residential_PortraitD_01/model.config
[0.236s] -- Up-to-date: /home/frankie/ros2_ws/install/aws_robomaker_small_house_world/share/aws_robomaker_small_house_world/models/aws_robomaker_residential_PortraitD_01/model.sdf
[0.236s] -- Up-to-date: /home/frankie/ros2_ws/install/aws_robomaker_small_house_world/share/aws_robomaker_small_house_world/models/aws_robomaker_residential_Handle_01
[0.236s] -- Up-to-date: /home/frankie/ros2_ws/install/aws_robomaker_small_house_world/share/aws_robomaker_small_house_world/models/aws_robomaker_residential_Handle_01/materials
[0.236s] -- Up-to-date: /home/frankie/ros2_ws/install/aws_robomaker_small_house_world/share/aws_robomaker_small_house_world/models/aws_robomaker_residential_Handle_01/materials/textures
[0.236s] -- Up-to-date: /home/frankie/ros2_ws/install/aws_robomaker_small_house_world/share/aws_robomaker_small_house_world/models/aws_robomaker_residential_Handle_01/materials/textures/aws_Handle_01.png
[0.236s] -- Up-to-date: /home/frankie/ros2_ws/install/aws_robomaker_small_house_world/share/aws_robomaker_small_house_world/models/aws_robomaker_residential_Handle_01/meshes
[0.236s] -- Up-to-date: /home/frankie/ros2_ws/install/aws_robomaker_small_house_world/share/aws_robomaker_small_house_world/models/aws_robomaker_residential_Handle_01/meshes/aws_Handle_01_visual.DAE
[0.236s] -- Up-to-date: /home/frankie/ros2_ws/install/aws_robomaker_small_house_world/share/aws_robomaker_small_house_world/models/aws_robomaker_residential_Handle_01/meshes/aws_ handle_01_collision.DAE
[0.236s] -- Up-to-date: /home/frankie/ros2_ws/install/aws_robomaker_small_house_world/share/aws_robomaker_small_house_world/models/aws_robomaker_residential_Handle_01/meshes/aws_Handle_01_collision.DAE
[0.236s] -- Up-to-date: /home/frankie/ros2_ws/install/aws_robomaker_small_house_world/share/aws_robomaker_small_house_world/models/aws_robomaker_residential_Handle_01/model.config
[0.236s] -- Up-to-date: /home/frankie/ros2_ws/install/aws_robomaker_small_house_world/share/aws_robomaker_small_house_world/models/aws_robomaker_residential_Handle_01/model.sdf
[0.236s] -- Up-to-date: /home/frankie/ros2_ws/install/aws_robomaker_small_house_world/share/aws_robomaker_small_house_world/models/aws_robomaker_residential_PortraitE_02
[0.236s] -- Up-to-date: /home/frankie/ros2_ws/install/aws_robomaker_small_house_world/share/aws_robomaker_small_house_world/models/aws_robomaker_residential_PortraitE_02/materials
[0.236s] -- Up-to-date: /home/frankie/ros2_ws/install/aws_robomaker_small_house_world/share/aws_robomaker_small_house_world/models/aws_robomaker_residential_PortraitE_02/materials/textures
[0.237s] -- Up-to-date: /home/frankie/ros2_ws/install/aws_robomaker_small_house_world/share/aws_robomaker_small_house_world/models/aws_robomaker_residential_PortraitE_02/materials/textures/aws_PortraitE_01.png
[0.237s] -- Up-to-date: /home/frankie/ros2_ws/install/aws_robomaker_small_house_world/share/aws_robomaker_small_house_world/models/aws_robomaker_residential_PortraitE_02/materials/textures/aws_PortraitE_02.png
[0.237s] -- Up-to-date: /home/frankie/ros2_ws/install/aws_robomaker_small_house_world/share/aws_robomaker_small_house_world/models/aws_robomaker_residential_PortraitE_02/meshes
[0.237s] -- Up-to-date: /home/frankie/ros2_ws/install/aws_robomaker_small_house_world/share/aws_robomaker_small_house_world/models/aws_robomaker_residential_PortraitE_02/meshes/aws_PortraitE_01_collision.DAE
[0.237s] -- Up-to-date: /home/frankie/ros2_ws/install/aws_robomaker_small_house_world/share/aws_robomaker_small_house_world/models/aws_robomaker_residential_PortraitE_02/meshes/aws_PortraitE_01_visual.DAE
[0.237s] -- Up-to-date: /home/frankie/ros2_ws/install/aws_robomaker_small_house_world/share/aws_robomaker_small_house_world/models/aws_robomaker_residential_PortraitE_02/model.config
[0.237s] -- Up-to-date: /home/frankie/ros2_ws/install/aws_robomaker_small_house_world/share/aws_robomaker_small_house_world/models/aws_robomaker_residential_PortraitE_02/model.sdf
[0.237s] -- Up-to-date: /home/frankie/ros2_ws/install/aws_robomaker_small_house_world/share/aws_robomaker_small_house_world/models/aws_robomaker_residential_SofaC_01
[0.237s] -- Up-to-date: /home/frankie/ros2_ws/install/aws_robomaker_small_house_world/share/aws_robomaker_small_house_world/models/aws_robomaker_residential_SofaC_01/materials
[0.237s] -- Up-to-date: /home/frankie/ros2_ws/install/aws_robomaker_small_house_world/share/aws_robomaker_small_house_world/models/aws_robomaker_residential_SofaC_01/materials/textures
[0.238s] -- Up-to-date: /home/frankie/ros2_ws/install/aws_robomaker_small_house_world/share/aws_robomaker_small_house_world/models/aws_robomaker_residential_SofaC_01/materials/textures/aws_SofaC_01.png
[0.238s] -- Up-to-date: /home/frankie/ros2_ws/install/aws_robomaker_small_house_world/share/aws_robomaker_small_house_world/models/aws_robomaker_residential_SofaC_01/meshes
[0.238s] -- Up-to-date: /home/frankie/ros2_ws/install/aws_robomaker_small_house_world/share/aws_robomaker_small_house_world/models/aws_robomaker_residential_SofaC_01/meshes/aws_SofaC_01_collision.DAE
[0.238s] -- Up-to-date: /home/frankie/ros2_ws/install/aws_robomaker_small_house_world/share/aws_robomaker_small_house_world/models/aws_robomaker_residential_SofaC_01/meshes/aws_SofaC_01_visual.DAE
[0.238s] -- Up-to-date: /home/frankie/ros2_ws/install/aws_robomaker_small_house_world/share/aws_robomaker_small_house_world/models/aws_robomaker_residential_SofaC_01/model.config
[0.238s] -- Up-to-date: /home/frankie/ros2_ws/install/aws_robomaker_small_house_world/share/aws_robomaker_small_house_world/models/aws_robomaker_residential_SofaC_01/model.sdf
[0.238s] -- Up-to-date: /home/frankie/ros2_ws/install/aws_robomaker_small_house_world/share/aws_robomaker_small_house_world/models/aws_robomaker_residential_Door_01
[0.238s] -- Up-to-date: /home/frankie/ros2_ws/install/aws_robomaker_small_house_world/share/aws_robomaker_small_house_world/models/aws_robomaker_residential_Door_01/materials
[0.238s] -- Up-to-date: /home/frankie/ros2_ws/install/aws_robomaker_small_house_world/share/aws_robomaker_small_house_world/models/aws_robomaker_residential_Door_01/materials/textures
[0.238s] -- Up-to-date: /home/frankie/ros2_ws/install/aws_robomaker_small_house_world/share/aws_robomaker_small_house_world/models/aws_robomaker_residential_Door_01/materials/textures/aws_Door_01.png
[0.239s] -- Up-to-date: /home/frankie/ros2_ws/install/aws_robomaker_small_house_world/share/aws_robomaker_small_house_world/models/aws_robomaker_residential_Door_01/meshes
[0.239s] -- Up-to-date: /home/frankie/ros2_ws/install/aws_robomaker_small_house_world/share/aws_robomaker_small_house_world/models/aws_robomaker_residential_Door_01/meshes/aws_Door_01_visual.DAE
[0.239s] -- Up-to-date: /home/frankie/ros2_ws/install/aws_robomaker_small_house_world/share/aws_robomaker_small_house_world/models/aws_robomaker_residential_Door_01/meshes/aws_Door_01_collision.DAE
[0.239s] -- Up-to-date: /home/frankie/ros2_ws/install/aws_robomaker_small_house_world/share/aws_robomaker_small_house_world/models/aws_robomaker_residential_Door_01/model.config
[0.239s] -- Up-to-date: /home/frankie/ros2_ws/install/aws_robomaker_small_house_world/share/aws_robomaker_small_house_world/models/aws_robomaker_residential_Door_01/model.sdf
[0.239s] -- Up-to-date: /home/frankie/ros2_ws/install/aws_robomaker_small_house_world/share/aws_robomaker_small_house_world/models/aws_robomaker_residential_TVCabinet_01
[0.239s] -- Up-to-date: /home/frankie/ros2_ws/install/aws_robomaker_small_house_world/share/aws_robomaker_small_house_world/models/aws_robomaker_residential_TVCabinet_01/materials
[0.239s] -- Up-to-date: /home/frankie/ros2_ws/install/aws_robomaker_small_house_world/share/aws_robomaker_small_house_world/models/aws_robomaker_residential_TVCabinet_01/materials/textures
[0.239s] -- Up-to-date: /home/frankie/ros2_ws/install/aws_robomaker_small_house_world/share/aws_robomaker_small_house_world/models/aws_robomaker_residential_TVCabinet_01/materials/textures/aws_TVCabinet_01.png
[0.239s] -- Up-to-date: /home/frankie/ros2_ws/install/aws_robomaker_small_house_world/share/aws_robomaker_small_house_world/models/aws_robomaker_residential_TVCabinet_01/meshes
[0.239s] -- Up-to-date: /home/frankie/ros2_ws/install/aws_robomaker_small_house_world/share/aws_robomaker_small_house_world/models/aws_robomaker_residential_TVCabinet_01/meshes/aws_TVCabinet_01_collision.DAE
[0.239s] -- Up-to-date: /home/frankie/ros2_ws/install/aws_robomaker_small_house_world/share/aws_robomaker_small_house_world/models/aws_robomaker_residential_TVCabinet_01/meshes/aws_TVCabinet_01_visual.DAE
[0.240s] -- Up-to-date: /home/frankie/ros2_ws/install/aws_robomaker_small_house_world/share/aws_robomaker_small_house_world/models/aws_robomaker_residential_TVCabinet_01/model.config
[0.240s] -- Up-to-date: /home/frankie/ros2_ws/install/aws_robomaker_small_house_world/share/aws_robomaker_small_house_world/models/aws_robomaker_residential_TVCabinet_01/model.sdf
[0.240s] -- Up-to-date: /home/frankie/ros2_ws/install/aws_robomaker_small_house_world/share/aws_robomaker_small_house_world/models/aws_robomaker_residential_FoldingDoor_02
[0.240s] -- Up-to-date: /home/frankie/ros2_ws/install/aws_robomaker_small_house_world/share/aws_robomaker_small_house_world/models/aws_robomaker_residential_FoldingDoor_02/materials
[0.240s] -- Up-to-date: /home/frankie/ros2_ws/install/aws_robomaker_small_house_world/share/aws_robomaker_small_house_world/models/aws_robomaker_residential_FoldingDoor_02/materials/textures
[0.240s] -- Up-to-date: /home/frankie/ros2_ws/install/aws_robomaker_small_house_world/share/aws_robomaker_small_house_world/models/aws_robomaker_residential_FoldingDoor_02/materials/textures/aws_FoldingDoor_02.png
[0.240s] -- Up-to-date: /home/frankie/ros2_ws/install/aws_robomaker_small_house_world/share/aws_robomaker_small_house_world/models/aws_robomaker_residential_FoldingDoor_02/meshes
[0.240s] -- Up-to-date: /home/frankie/ros2_ws/install/aws_robomaker_small_house_world/share/aws_robomaker_small_house_world/models/aws_robomaker_residential_FoldingDoor_02/meshes/aws_FoldingDoor_02_visual.DAE
[0.240s] -- Up-to-date: /home/frankie/ros2_ws/install/aws_robomaker_small_house_world/share/aws_robomaker_small_house_world/models/aws_robomaker_residential_FoldingDoor_02/meshes/aws_FoldingDoor_02_collision.DAE
[0.240s] -- Up-to-date: /home/frankie/ros2_ws/install/aws_robomaker_small_house_world/share/aws_robomaker_small_house_world/models/aws_robomaker_residential_FoldingDoor_02/model.config
[0.240s] -- Up-to-date: /home/frankie/ros2_ws/install/aws_robomaker_small_house_world/share/aws_robomaker_small_house_world/models/aws_robomaker_residential_FoldingDoor_02/model.sdf
[0.240s] -- Up-to-date: /home/frankie/ros2_ws/install/aws_robomaker_small_house_world/share/aws_robomaker_small_house_world/models/aws_robomaker_residential_Tableware_01
[0.240s] -- Up-to-date: /home/frankie/ros2_ws/install/aws_robomaker_small_house_world/share/aws_robomaker_small_house_world/models/aws_robomaker_residential_Tableware_01/materials
[0.240s] -- Up-to-date: /home/frankie/ros2_ws/install/aws_robomaker_small_house_world/share/aws_robomaker_small_house_world/models/aws_robomaker_residential_Tableware_01/materials/textures
[0.240s] -- Up-to-date: /home/frankie/ros2_ws/install/aws_robomaker_small_house_world/share/aws_robomaker_small_house_world/models/aws_robomaker_residential_Tableware_01/materials/textures/aws_Tableware_01.png
[0.241s] -- Up-to-date: /home/frankie/ros2_ws/install/aws_robomaker_small_house_world/share/aws_robomaker_small_house_world/models/aws_robomaker_residential_Tableware_01/meshes
[0.241s] -- Up-to-date: /home/frankie/ros2_ws/install/aws_robomaker_small_house_world/share/aws_robomaker_small_house_world/models/aws_robomaker_residential_Tableware_01/meshes/aws_Tableware_01_visual.DAE
[0.241s] -- Up-to-date: /home/frankie/ros2_ws/install/aws_robomaker_small_house_world/share/aws_robomaker_small_house_world/models/aws_robomaker_residential_Tableware_01/meshes/aws_Tableware_01_collision.DAE
[0.241s] -- Up-to-date: /home/frankie/ros2_ws/install/aws_robomaker_small_house_world/share/aws_robomaker_small_house_world/models/aws_robomaker_residential_Tableware_01/model.config
[0.241s] -- Up-to-date: /home/frankie/ros2_ws/install/aws_robomaker_small_house_world/share/aws_robomaker_small_house_world/models/aws_robomaker_residential_Tableware_01/model.sdf
[0.241s] -- Up-to-date: /home/frankie/ros2_ws/install/aws_robomaker_small_house_world/share/aws_robomaker_small_house_world/models/aws_robomaker_residential_DeskPortraitA_02
[0.241s] -- Up-to-date: /home/frankie/ros2_ws/install/aws_robomaker_small_house_world/share/aws_robomaker_small_house_world/models/aws_robomaker_residential_DeskPortraitA_02/materials
[0.241s] -- Up-to-date: /home/frankie/ros2_ws/install/aws_robomaker_small_house_world/share/aws_robomaker_small_house_world/models/aws_robomaker_residential_DeskPortraitA_02/materials/textures
[0.241s] -- Up-to-date: /home/frankie/ros2_ws/install/aws_robomaker_small_house_world/share/aws_robomaker_small_house_world/models/aws_robomaker_residential_DeskPortraitA_02/materials/textures/aws_DeskPortraitA_02.png
[0.241s] -- Up-to-date: /home/frankie/ros2_ws/install/aws_robomaker_small_house_world/share/aws_robomaker_small_house_world/models/aws_robomaker_residential_DeskPortraitA_02/materials/textures/aws_DeskPortraitA_01.png
[0.241s] -- Up-to-date: /home/frankie/ros2_ws/install/aws_robomaker_small_house_world/share/aws_robomaker_small_house_world/models/aws_robomaker_residential_DeskPortraitA_02/meshes
[0.241s] -- Up-to-date: /home/frankie/ros2_ws/install/aws_robomaker_small_house_world/share/aws_robomaker_small_house_world/models/aws_robomaker_residential_DeskPortraitA_02/meshes/aws_DeskPortraitA_01_collision.DAE
[0.241s] -- Up-to-date: /home/frankie/ros2_ws/install/aws_robomaker_small_house_world/share/aws_robomaker_small_house_world/models/aws_robomaker_residential_DeskPortraitA_02/meshes/aws_DeskPortraitA_01_visual.DAE
[0.242s] -- Up-to-date: /home/frankie/ros2_ws/install/aws_robomaker_small_house_world/share/aws_robomaker_small_house_world/models/aws_robomaker_residential_DeskPortraitA_02/model.config
[0.242s] -- Up-to-date: /home/frankie/ros2_ws/install/aws_robomaker_small_house_world/share/aws_robomaker_small_house_world/models/aws_robomaker_residential_DeskPortraitA_02/model.sdf
[0.242s] -- Up-to-date: /home/frankie/ros2_ws/install/aws_robomaker_small_house_world/share/aws_robomaker_small_house_world/models/aws_robomaker_residential_CookingBench_01
[0.242s] -- Up-to-date: /home/frankie/ros2_ws/install/aws_robomaker_small_house_world/share/aws_robomaker_small_house_world/models/aws_robomaker_residential_CookingBench_01/materials
[0.242s] -- Up-to-date: /home/frankie/ros2_ws/install/aws_robomaker_small_house_world/share/aws_robomaker_small_house_world/models/aws_robomaker_residential_CookingBench_01/materials/textures
[0.242s] -- Up-to-date: /home/frankie/ros2_ws/install/aws_robomaker_small_house_world/share/aws_robomaker_small_house_world/models/aws_robomaker_residential_CookingBench_01/materials/textures/aws_CookingBench_01.png
[0.242s] -- Up-to-date: /home/frankie/ros2_ws/install/aws_robomaker_small_house_world/share/aws_robomaker_small_house_world/models/aws_robomaker_residential_CookingBench_01/meshes
[0.242s] -- Up-to-date: /home/frankie/ros2_ws/install/aws_robomaker_small_house_world/share/aws_robomaker_small_house_world/models/aws_robomaker_residential_CookingBench_01/meshes/aws_CookingBench_01_visual.DAE
[0.242s] -- Up-to-date: /home/frankie/ros2_ws/install/aws_robomaker_small_house_world/share/aws_robomaker_small_house_world/models/aws_robomaker_residential_CookingBench_01/meshes/aws_CookingBench_01_collision.DAE
[0.242s] -- Up-to-date: /home/frankie/ros2_ws/install/aws_robomaker_small_house_world/share/aws_robomaker_small_house_world/models/aws_robomaker_residential_CookingBench_01/meshes/aws_CookingBench_01.DAE
[0.242s] -- Up-to-date: /home/frankie/ros2_ws/install/aws_robomaker_small_house_world/share/aws_robomaker_small_house_world/models/aws_robomaker_residential_CookingBench_01/model.config
[0.242s] -- Up-to-date: /home/frankie/ros2_ws/install/aws_robomaker_small_house_world/share/aws_robomaker_small_house_world/models/aws_robomaker_residential_CookingBench_01/model.sdf
[0.242s] -- Up-to-date: /home/frankie/ros2_ws/install/aws_robomaker_small_house_world/share/aws_robomaker_small_house_world/models/aws_robomaker_residential_KitchenCabinet_01
[0.242s] -- Up-to-date: /home/frankie/ros2_ws/install/aws_robomaker_small_house_world/share/aws_robomaker_small_house_world/models/aws_robomaker_residential_KitchenCabinet_01/materials
[0.243s] -- Up-to-date: /home/frankie/ros2_ws/install/aws_robomaker_small_house_world/share/aws_robomaker_small_house_world/models/aws_robomaker_residential_KitchenCabinet_01/materials/textures
[0.243s] -- Up-to-date: /home/frankie/ros2_ws/install/aws_robomaker_small_house_world/share/aws_robomaker_small_house_world/models/aws_robomaker_residential_KitchenCabinet_01/materials/textures/aws_KitchenCabinet_01.png
[0.243s] -- Up-to-date: /home/frankie/ros2_ws/install/aws_robomaker_small_house_world/share/aws_robomaker_small_house_world/models/aws_robomaker_residential_KitchenCabinet_01/meshes
[0.243s] -- Up-to-date: /home/frankie/ros2_ws/install/aws_robomaker_small_house_world/share/aws_robomaker_small_house_world/models/aws_robomaker_residential_KitchenCabinet_01/meshes/aws_KitchenCabinet_01_visual.DAE
[0.243s] -- Up-to-date: /home/frankie/ros2_ws/install/aws_robomaker_small_house_world/share/aws_robomaker_small_house_world/models/aws_robomaker_residential_KitchenCabinet_01/meshes/aws_KitchenCabinet_01_collision.DAE
[0.243s] -- Up-to-date: /home/frankie/ros2_ws/install/aws_robomaker_small_house_world/share/aws_robomaker_small_house_world/models/aws_robomaker_residential_KitchenCabinet_01/model.config
[0.243s] -- Up-to-date: /home/frankie/ros2_ws/install/aws_robomaker_small_house_world/share/aws_robomaker_small_house_world/models/aws_robomaker_residential_KitchenCabinet_01/model.sdf
[0.243s] -- Up-to-date: /home/frankie/ros2_ws/install/aws_robomaker_small_house_world/share/aws_robomaker_small_house_world/models/aws_robomaker_residential_DeskPortraitB_02
[0.243s] -- Up-to-date: /home/frankie/ros2_ws/install/aws_robomaker_small_house_world/share/aws_robomaker_small_house_world/models/aws_robomaker_residential_DeskPortraitB_02/materials
[0.243s] -- Up-to-date: /home/frankie/ros2_ws/install/aws_robomaker_small_house_world/share/aws_robomaker_small_house_world/models/aws_robomaker_residential_DeskPortraitB_02/materials/textures
[0.243s] -- Up-to-date: /home/frankie/ros2_ws/install/aws_robomaker_small_house_world/share/aws_robomaker_small_house_world/models/aws_robomaker_residential_DeskPortraitB_02/materials/textures/aws_DeskPortraitB_01.png
[0.243s] -- Up-to-date: /home/frankie/ros2_ws/install/aws_robomaker_small_house_world/share/aws_robomaker_small_house_world/models/aws_robomaker_residential_DeskPortraitB_02/materials/textures/aws_DeskPortraitB_02.png
[0.243s] -- Up-to-date: /home/frankie/ros2_ws/install/aws_robomaker_small_house_world/share/aws_robomaker_small_house_world/models/aws_robomaker_residential_DeskPortraitB_02/meshes
[0.243s] -- Up-to-date: /home/frankie/ros2_ws/install/aws_robomaker_small_house_world/share/aws_robomaker_small_house_world/models/aws_robomaker_residential_DeskPortraitB_02/meshes/aws_DeskPortraitB_01_visual.DAE
[0.243s] -- Up-to-date: /home/frankie/ros2_ws/install/aws_robomaker_small_house_world/share/aws_robomaker_small_house_world/models/aws_robomaker_residential_DeskPortraitB_02/meshes/aws_DeskPortraitB_01_collision.DAE
[0.243s] -- Up-to-date: /home/frankie/ros2_ws/install/aws_robomaker_small_house_world/share/aws_robomaker_small_house_world/models/aws_robomaker_residential_DeskPortraitB_02/model.config
[0.244s] -- Up-to-date: /home/frankie/ros2_ws/install/aws_robomaker_small_house_world/share/aws_robomaker_small_house_world/models/aws_robomaker_residential_DeskPortraitB_02/model.sdf
[0.244s] -- Up-to-date: /home/frankie/ros2_ws/install/aws_robomaker_small_house_world/share/aws_robomaker_small_house_world/models/aws_robomaker_residential_Dumbbell_01
[0.244s] -- Up-to-date: /home/frankie/ros2_ws/install/aws_robomaker_small_house_world/share/aws_robomaker_small_house_world/models/aws_robomaker_residential_Dumbbell_01/materials
[0.244s] -- Up-to-date: /home/frankie/ros2_ws/install/aws_robomaker_small_house_world/share/aws_robomaker_small_house_world/models/aws_robomaker_residential_Dumbbell_01/materials/textures
[0.244s] -- Up-to-date: /home/frankie/ros2_ws/install/aws_robomaker_small_house_world/share/aws_robomaker_small_house_world/models/aws_robomaker_residential_Dumbbell_01/materials/textures/aws_Dumbbell_01.png
[0.244s] -- Up-to-date: /home/frankie/ros2_ws/install/aws_robomaker_small_house_world/share/aws_robomaker_small_house_world/models/aws_robomaker_residential_Dumbbell_01/meshes
[0.244s] -- Up-to-date: /home/frankie/ros2_ws/install/aws_robomaker_small_house_world/share/aws_robomaker_small_house_world/models/aws_robomaker_residential_Dumbbell_01/meshes/aws_Dumbbell_01_visual.DAE
[0.244s] -- Up-to-date: /home/frankie/ros2_ws/install/aws_robomaker_small_house_world/share/aws_robomaker_small_house_world/models/aws_robomaker_residential_Dumbbell_01/meshes/aws_Dumbbell_01_collision.DAE
[0.244s] -- Up-to-date: /home/frankie/ros2_ws/install/aws_robomaker_small_house_world/share/aws_robomaker_small_house_world/models/aws_robomaker_residential_Dumbbell_01/model.config
[0.244s] -- Up-to-date: /home/frankie/ros2_ws/install/aws_robomaker_small_house_world/share/aws_robomaker_small_house_world/models/aws_robomaker_residential_Dumbbell_01/model.sdf
[0.244s] -- Up-to-date: /home/frankie/ros2_ws/install/aws_robomaker_small_house_world/share/aws_robomaker_small_house_world/models/aws_robomaker_residential_FloorB_01
[0.244s] -- Up-to-date: /home/frankie/ros2_ws/install/aws_robomaker_small_house_world/share/aws_robomaker_small_house_world/models/aws_robomaker_residential_FloorB_01/materials
[0.244s] -- Up-to-date: /home/frankie/ros2_ws/install/aws_robomaker_small_house_world/share/aws_robomaker_small_house_world/models/aws_robomaker_residential_FloorB_01/materials/textures
[0.244s] -- Up-to-date: /home/frankie/ros2_ws/install/aws_robomaker_small_house_world/share/aws_robomaker_small_house_world/models/aws_robomaker_residential_FloorB_01/materials/textures/aws_FloorB_01.png
[0.244s] -- Up-to-date: /home/frankie/ros2_ws/install/aws_robomaker_small_house_world/share/aws_robomaker_small_house_world/models/aws_robomaker_residential_FloorB_01/meshes
[0.244s] -- Up-to-date: /home/frankie/ros2_ws/install/aws_robomaker_small_house_world/share/aws_robomaker_small_house_world/models/aws_robomaker_residential_FloorB_01/meshes/aws_FloorB_01_visual.DAE
[0.244s] -- Up-to-date: /home/frankie/ros2_ws/install/aws_robomaker_small_house_world/share/aws_robomaker_small_house_world/models/aws_robomaker_residential_FloorB_01/meshes/aws_FloorB_01_collision.DAE
[0.245s] -- Up-to-date: /home/frankie/ros2_ws/install/aws_robomaker_small_house_world/share/aws_robomaker_small_house_world/models/aws_robomaker_residential_FloorB_01/model.config
[0.245s] -- Up-to-date: /home/frankie/ros2_ws/install/aws_robomaker_small_house_world/share/aws_robomaker_small_house_world/models/aws_robomaker_residential_FloorB_01/model.sdf
[0.245s] -- Up-to-date: /home/frankie/ros2_ws/install/aws_robomaker_small_house_world/share/aws_robomaker_small_house_world/models/aws_robomaker_residential_PortraitA_02
[0.245s] -- Up-to-date: /home/frankie/ros2_ws/install/aws_robomaker_small_house_world/share/aws_robomaker_small_house_world/models/aws_robomaker_residential_PortraitA_02/materials
[0.245s] -- Up-to-date: /home/frankie/ros2_ws/install/aws_robomaker_small_house_world/share/aws_robomaker_small_house_world/models/aws_robomaker_residential_PortraitA_02/materials/textures
[0.245s] -- Up-to-date: /home/frankie/ros2_ws/install/aws_robomaker_small_house_world/share/aws_robomaker_small_house_world/models/aws_robomaker_residential_PortraitA_02/materials/textures/aws_PortraitA_01.png
[0.245s] -- Up-to-date: /home/frankie/ros2_ws/install/aws_robomaker_small_house_world/share/aws_robomaker_small_house_world/models/aws_robomaker_residential_PortraitA_02/materials/textures/aws_PortraitA_02.png
[0.245s] -- Up-to-date: /home/frankie/ros2_ws/install/aws_robomaker_small_house_world/share/aws_robomaker_small_house_world/models/aws_robomaker_residential_PortraitA_02/meshes
[0.245s] -- Up-to-date: /home/frankie/ros2_ws/install/aws_robomaker_small_house_world/share/aws_robomaker_small_house_world/models/aws_robomaker_residential_PortraitA_02/meshes/aws_PortraitA_01_collision.DAE
[0.245s] -- Up-to-date: /home/frankie/ros2_ws/install/aws_robomaker_small_house_world/share/aws_robomaker_small_house_world/models/aws_robomaker_residential_PortraitA_02/meshes/aws_PortraitA_01_visual.DAE
[0.245s] -- Up-to-date: /home/frankie/ros2_ws/install/aws_robomaker_small_house_world/share/aws_robomaker_small_house_world/models/aws_robomaker_residential_PortraitA_02/model.config
[0.245s] -- Up-to-date: /home/frankie/ros2_ws/install/aws_robomaker_small_house_world/share/aws_robomaker_small_house_world/models/aws_robomaker_residential_PortraitA_02/model.sdf
[0.245s] -- Up-to-date: /home/frankie/ros2_ws/install/aws_robomaker_small_house_world/share/aws_robomaker_small_house_world/models/aws_robomaker_residential_BalconyTable_01
[0.245s] -- Up-to-date: /home/frankie/ros2_ws/install/aws_robomaker_small_house_world/share/aws_robomaker_small_house_world/models/aws_robomaker_residential_BalconyTable_01/materials
[0.245s] -- Up-to-date: /home/frankie/ros2_ws/install/aws_robomaker_small_house_world/share/aws_robomaker_small_house_world/models/aws_robomaker_residential_BalconyTable_01/materials/textures
[0.245s] -- Up-to-date: /home/frankie/ros2_ws/install/aws_robomaker_small_house_world/share/aws_robomaker_small_house_world/models/aws_robomaker_residential_BalconyTable_01/materials/textures/aws_BalconyTable_01.png
[0.245s] -- Up-to-date: /home/frankie/ros2_ws/install/aws_robomaker_small_house_world/share/aws_robomaker_small_house_world/models/aws_robomaker_residential_BalconyTable_01/meshes
[0.246s] -- Up-to-date: /home/frankie/ros2_ws/install/aws_robomaker_small_house_world/share/aws_robomaker_small_house_world/models/aws_robomaker_residential_BalconyTable_01/meshes/aws_BalconyTable_01_visual.DAE
[0.246s] -- Up-to-date: /home/frankie/ros2_ws/install/aws_robomaker_small_house_world/share/aws_robomaker_small_house_world/models/aws_robomaker_residential_BalconyTable_01/meshes/aws_BalconyTable_01_collision.DAE
[0.246s] -- Up-to-date: /home/frankie/ros2_ws/install/aws_robomaker_small_house_world/share/aws_robomaker_small_house_world/models/aws_robomaker_residential_BalconyTable_01/model.config
[0.246s] -- Up-to-date: /home/frankie/ros2_ws/install/aws_robomaker_small_house_world/share/aws_robomaker_small_house_world/models/aws_robomaker_residential_BalconyTable_01/model.sdf
[0.246s] -- Up-to-date: /home/frankie/ros2_ws/install/aws_robomaker_small_house_world/share/aws_robomaker_small_house_world/models/aws_robomaker_residential_Bed_01
[0.246s] -- Up-to-date: /home/frankie/ros2_ws/install/aws_robomaker_small_house_world/share/aws_robomaker_small_house_world/models/aws_robomaker_residential_Bed_01/materials
[0.246s] -- Up-to-date: /home/frankie/ros2_ws/install/aws_robomaker_small_house_world/share/aws_robomaker_small_house_world/models/aws_robomaker_residential_Bed_01/materials/textures
[0.246s] -- Up-to-date: /home/frankie/ros2_ws/install/aws_robomaker_small_house_world/share/aws_robomaker_small_house_world/models/aws_robomaker_residential_Bed_01/materials/textures/aws_BedC_01.png
[0.246s] -- Up-to-date: /home/frankie/ros2_ws/install/aws_robomaker_small_house_world/share/aws_robomaker_small_house_world/models/aws_robomaker_residential_Bed_01/materials/textures/aws_Bed_01.png
[0.246s] -- Up-to-date: /home/frankie/ros2_ws/install/aws_robomaker_small_house_world/share/aws_robomaker_small_house_world/models/aws_robomaker_residential_Bed_01/materials/textures/aws_BedB_01.png
[0.246s] -- Up-to-date: /home/frankie/ros2_ws/install/aws_robomaker_small_house_world/share/aws_robomaker_small_house_world/models/aws_robomaker_residential_Bed_01/materials/textures/aws_BedA_01.png
[0.246s] -- Up-to-date: /home/frankie/ros2_ws/install/aws_robomaker_small_house_world/share/aws_robomaker_small_house_world/models/aws_robomaker_residential_Bed_01/meshes
[0.246s] -- Up-to-date: /home/frankie/ros2_ws/install/aws_robomaker_small_house_world/share/aws_robomaker_small_house_world/models/aws_robomaker_residential_Bed_01/meshes/aws_Bed_01_collision.DAE
[0.246s] -- Up-to-date: /home/frankie/ros2_ws/install/aws_robomaker_small_house_world/share/aws_robomaker_small_house_world/models/aws_robomaker_residential_Bed_01/meshes/aws_Bed_01_visual.DAE
[0.246s] -- Up-to-date: /home/frankie/ros2_ws/install/aws_robomaker_small_house_world/share/aws_robomaker_small_house_world/models/aws_robomaker_residential_Bed_01/model.config
[0.246s] -- Up-to-date: /home/frankie/ros2_ws/install/aws_robomaker_small_house_world/share/aws_robomaker_small_house_world/models/aws_robomaker_residential_Bed_01/model.sdf
[0.247s] -- Up-to-date: /home/frankie/ros2_ws/install/aws_robomaker_small_house_world/share/aws_robomaker_small_house_world/models/aws_robomaker_residential_Trash_01
[0.247s] -- Up-to-date: /home/frankie/ros2_ws/install/aws_robomaker_small_house_world/share/aws_robomaker_small_house_world/models/aws_robomaker_residential_Trash_01/materials
[0.247s] -- Up-to-date: /home/frankie/ros2_ws/install/aws_robomaker_small_house_world/share/aws_robomaker_small_house_world/models/aws_robomaker_residential_Trash_01/materials/textures
[0.247s] -- Up-to-date: /home/frankie/ros2_ws/install/aws_robomaker_small_house_world/share/aws_robomaker_small_house_world/models/aws_robomaker_residential_Trash_01/materials/textures/aws_Trash_01.png
[0.247s] -- Up-to-date: /home/frankie/ros2_ws/install/aws_robomaker_small_house_world/share/aws_robomaker_small_house_world/models/aws_robomaker_residential_Trash_01/meshes
[0.247s] -- Up-to-date: /home/frankie/ros2_ws/install/aws_robomaker_small_house_world/share/aws_robomaker_small_house_world/models/aws_robomaker_residential_Trash_01/meshes/aws_Trash_01_visual.DAE
[0.247s] -- Up-to-date: /home/frankie/ros2_ws/install/aws_robomaker_small_house_world/share/aws_robomaker_small_house_world/models/aws_robomaker_residential_Trash_01/meshes/aws_Trash_01_collision.DAE
[0.247s] -- Up-to-date: /home/frankie/ros2_ws/install/aws_robomaker_small_house_world/share/aws_robomaker_small_house_world/models/aws_robomaker_residential_Trash_01/model.config
[0.247s] -- Up-to-date: /home/frankie/ros2_ws/install/aws_robomaker_small_house_world/share/aws_robomaker_small_house_world/models/aws_robomaker_residential_Trash_01/model.sdf
[0.247s] -- Up-to-date: /home/frankie/ros2_ws/install/aws_robomaker_small_house_world/share/aws_robomaker_small_house_world/models/aws_robomaker_residential_FitnessEquipment_01
[0.247s] -- Up-to-date: /home/frankie/ros2_ws/install/aws_robomaker_small_house_world/share/aws_robomaker_small_house_world/models/aws_robomaker_residential_FitnessEquipment_01/materials
[0.247s] -- Up-to-date: /home/frankie/ros2_ws/install/aws_robomaker_small_house_world/share/aws_robomaker_small_house_world/models/aws_robomaker_residential_FitnessEquipment_01/materials/textures
[0.247s] -- Up-to-date: /home/frankie/ros2_ws/install/aws_robomaker_small_house_world/share/aws_robomaker_small_house_world/models/aws_robomaker_residential_FitnessEquipment_01/materials/textures/aws_FitnessEquipment_01.png
[0.247s] -- Up-to-date: /home/frankie/ros2_ws/install/aws_robomaker_small_house_world/share/aws_robomaker_small_house_world/models/aws_robomaker_residential_FitnessEquipment_01/meshes
[0.247s] -- Up-to-date: /home/frankie/ros2_ws/install/aws_robomaker_small_house_world/share/aws_robomaker_small_house_world/models/aws_robomaker_residential_FitnessEquipment_01/meshes/aws_FitnessEquipment_01_visual.DAE
[0.247s] -- Up-to-date: /home/frankie/ros2_ws/install/aws_robomaker_small_house_world/share/aws_robomaker_small_house_world/models/aws_robomaker_residential_FitnessEquipment_01/meshes/aws_FitnessEquipment_01_collision.DAE
[0.248s] -- Up-to-date: /home/frankie/ros2_ws/install/aws_robomaker_small_house_world/share/aws_robomaker_small_house_world/models/aws_robomaker_residential_FitnessEquipment_01/model.config
[0.248s] -- Up-to-date: /home/frankie/ros2_ws/install/aws_robomaker_small_house_world/share/aws_robomaker_small_house_world/models/aws_robomaker_residential_FitnessEquipment_01/model.sdf
[0.248s] -- Up-to-date: /home/frankie/ros2_ws/install/aws_robomaker_small_house_world/share/aws_robomaker_small_house_world/models/aws_robomaker_residential_Sofa_01
[0.248s] -- Up-to-date: /home/frankie/ros2_ws/install/aws_robomaker_small_house_world/share/aws_robomaker_small_house_world/models/aws_robomaker_residential_Sofa_01/materials
[0.248s] -- Up-to-date: /home/frankie/ros2_ws/install/aws_robomaker_small_house_world/share/aws_robomaker_small_house_world/models/aws_robomaker_residential_Sofa_01/materials/textures
[0.248s] -- Up-to-date: /home/frankie/ros2_ws/install/aws_robomaker_small_house_world/share/aws_robomaker_small_house_world/models/aws_robomaker_residential_Sofa_01/materials/textures/aws_Sofa_01.png
[0.248s] -- Up-to-date: /home/frankie/ros2_ws/install/aws_robomaker_small_house_world/share/aws_robomaker_small_house_world/models/aws_robomaker_residential_Sofa_01/meshes
[0.248s] -- Up-to-date: /home/frankie/ros2_ws/install/aws_robomaker_small_house_world/share/aws_robomaker_small_house_world/models/aws_robomaker_residential_Sofa_01/meshes/aws_Sofa_01.DAE
[0.248s] -- Up-to-date: /home/frankie/ros2_ws/install/aws_robomaker_small_house_world/share/aws_robomaker_small_house_world/models/aws_robomaker_residential_Sofa_01/meshes/aws_Sofa_01_collision.DAE
[0.248s] -- Up-to-date: /home/frankie/ros2_ws/install/aws_robomaker_small_house_world/share/aws_robomaker_small_house_world/models/aws_robomaker_residential_Sofa_01/meshes/aws_Sofa_01_visual.DAE
[0.248s] -- Up-to-date: /home/frankie/ros2_ws/install/aws_robomaker_small_house_world/share/aws_robomaker_small_house_world/models/aws_robomaker_residential_Sofa_01/model.config
[0.248s] -- Up-to-date: /home/frankie/ros2_ws/install/aws_robomaker_small_house_world/share/aws_robomaker_small_house_world/models/aws_robomaker_residential_Sofa_01/model.sdf
[0.248s] -- Up-to-date: /home/frankie/ros2_ws/install/aws_robomaker_small_house_world/share/aws_robomaker_small_house_world/models/aws_robomaker_residential_PortraitB_03
[0.248s] -- Up-to-date: /home/frankie/ros2_ws/install/aws_robomaker_small_house_world/share/aws_robomaker_small_house_world/models/aws_robomaker_residential_PortraitB_03/materials
[0.248s] -- Up-to-date: /home/frankie/ros2_ws/install/aws_robomaker_small_house_world/share/aws_robomaker_small_house_world/models/aws_robomaker_residential_PortraitB_03/materials/textures
[0.248s] -- Up-to-date: /home/frankie/ros2_ws/install/aws_robomaker_small_house_world/share/aws_robomaker_small_house_world/models/aws_robomaker_residential_PortraitB_03/materials/textures/aws_PortraitB_02.png
[0.249s] -- Up-to-date: /home/frankie/ros2_ws/install/aws_robomaker_small_house_world/share/aws_robomaker_small_house_world/models/aws_robomaker_residential_PortraitB_03/materials/textures/aws_PortraitB_01.png
[0.249s] -- Up-to-date: /home/frankie/ros2_ws/install/aws_robomaker_small_house_world/share/aws_robomaker_small_house_world/models/aws_robomaker_residential_PortraitB_03/meshes
[0.249s] -- Up-to-date: /home/frankie/ros2_ws/install/aws_robomaker_small_house_world/share/aws_robomaker_small_house_world/models/aws_robomaker_residential_PortraitB_03/meshes/aws_PortraitB_01_collision.DAE
[0.249s] -- Up-to-date: /home/frankie/ros2_ws/install/aws_robomaker_small_house_world/share/aws_robomaker_small_house_world/models/aws_robomaker_residential_PortraitB_03/meshes/aws_PortraitB_01_visual.DAE
[0.249s] -- Up-to-date: /home/frankie/ros2_ws/install/aws_robomaker_small_house_world/share/aws_robomaker_small_house_world/models/aws_robomaker_residential_PortraitB_03/model.config
[0.249s] -- Up-to-date: /home/frankie/ros2_ws/install/aws_robomaker_small_house_world/share/aws_robomaker_small_house_world/models/aws_robomaker_residential_PortraitB_03/model.sdf
[0.249s] -- Up-to-date: /home/frankie/ros2_ws/install/aws_robomaker_small_house_world/share/aws_robomaker_small_house_world/models/aws_robomaker_residential_Tablet_01
[0.249s] -- Up-to-date: /home/frankie/ros2_ws/install/aws_robomaker_small_house_world/share/aws_robomaker_small_house_world/models/aws_robomaker_residential_Tablet_01/materials
[0.249s] -- Up-to-date: /home/frankie/ros2_ws/install/aws_robomaker_small_house_world/share/aws_robomaker_small_house_world/models/aws_robomaker_residential_Tablet_01/materials/textures
[0.249s] -- Up-to-date: /home/frankie/ros2_ws/install/aws_robomaker_small_house_world/share/aws_robomaker_small_house_world/models/aws_robomaker_residential_Tablet_01/materials/textures/aws_Tablet_01_nologo.png
[0.249s] -- Up-to-date: /home/frankie/ros2_ws/install/aws_robomaker_small_house_world/share/aws_robomaker_small_house_world/models/aws_robomaker_residential_Tablet_01/meshes
[0.249s] -- Up-to-date: /home/frankie/ros2_ws/install/aws_robomaker_small_house_world/share/aws_robomaker_small_house_world/models/aws_robomaker_residential_Tablet_01/meshes/aws_Tablet_01_visual.DAE
[0.249s] -- Up-to-date: /home/frankie/ros2_ws/install/aws_robomaker_small_house_world/share/aws_robomaker_small_house_world/models/aws_robomaker_residential_Tablet_01/meshes/aws_Tablet_01_collision.DAE
[0.249s] -- Up-to-date: /home/frankie/ros2_ws/install/aws_robomaker_small_house_world/share/aws_robomaker_small_house_world/models/aws_robomaker_residential_Tablet_01/model.config
[0.249s] -- Up-to-date: /home/frankie/ros2_ws/install/aws_robomaker_small_house_world/share/aws_robomaker_small_house_world/models/aws_robomaker_residential_Tablet_01/model.sdf
[0.249s] -- Up-to-date: /home/frankie/ros2_ws/install/aws_robomaker_small_house_world/share/aws_robomaker_small_house_world/models/aws_robomaker_residential_PortraitA_01
[0.250s] -- Up-to-date: /home/frankie/ros2_ws/install/aws_robomaker_small_house_world/share/aws_robomaker_small_house_world/models/aws_robomaker_residential_PortraitA_01/materials
[0.250s] -- Up-to-date: /home/frankie/ros2_ws/install/aws_robomaker_small_house_world/share/aws_robomaker_small_house_world/models/aws_robomaker_residential_PortraitA_01/materials/textures
[0.250s] -- Up-to-date: /home/frankie/ros2_ws/install/aws_robomaker_small_house_world/share/aws_robomaker_small_house_world/models/aws_robomaker_residential_PortraitA_01/materials/textures/aws_PortraitA_01.png
[0.250s] -- Up-to-date: /home/frankie/ros2_ws/install/aws_robomaker_small_house_world/share/aws_robomaker_small_house_world/models/aws_robomaker_residential_PortraitA_01/materials/textures/aws_PortraitA_02.png
[0.250s] -- Up-to-date: /home/frankie/ros2_ws/install/aws_robomaker_small_house_world/share/aws_robomaker_small_house_world/models/aws_robomaker_residential_PortraitA_01/meshes
[0.250s] -- Up-to-date: /home/frankie/ros2_ws/install/aws_robomaker_small_house_world/share/aws_robomaker_small_house_world/models/aws_robomaker_residential_PortraitA_01/meshes/aws_PortraitA_01_collision.DAE
[0.250s] -- Up-to-date: /home/frankie/ros2_ws/install/aws_robomaker_small_house_world/share/aws_robomaker_small_house_world/models/aws_robomaker_residential_PortraitA_01/meshes/aws_PortraitA_01_visual.DAE
[0.250s] -- Up-to-date: /home/frankie/ros2_ws/install/aws_robomaker_small_house_world/share/aws_robomaker_small_house_world/models/aws_robomaker_residential_PortraitA_01/model.config
[0.250s] -- Up-to-date: /home/frankie/ros2_ws/install/aws_robomaker_small_house_world/share/aws_robomaker_small_house_world/models/aws_robomaker_residential_PortraitA_01/model.sdf
[0.250s] -- Up-to-date: /home/frankie/ros2_ws/install/aws_robomaker_small_house_world/share/aws_robomaker_small_house_world/models/aws_robomaker_residential_TV_02
[0.250s] -- Up-to-date: /home/frankie/ros2_ws/install/aws_robomaker_small_house_world/share/aws_robomaker_small_house_world/models/aws_robomaker_residential_TV_02/materials
[0.250s] -- Up-to-date: /home/frankie/ros2_ws/install/aws_robomaker_small_house_world/share/aws_robomaker_small_house_world/models/aws_robomaker_residential_TV_02/materials/textures
[0.250s] -- Up-to-date: /home/frankie/ros2_ws/install/aws_robomaker_small_house_world/share/aws_robomaker_small_house_world/models/aws_robomaker_residential_TV_02/materials/textures/aws_TV_01.png
[0.250s] -- Up-to-date: /home/frankie/ros2_ws/install/aws_robomaker_small_house_world/share/aws_robomaker_small_house_world/models/aws_robomaker_residential_TV_02/meshes
[0.251s] -- Up-to-date: /home/frankie/ros2_ws/install/aws_robomaker_small_house_world/share/aws_robomaker_small_house_world/models/aws_robomaker_residential_TV_02/meshes/aws_TV_01_collision.DAE
[0.251s] -- Up-to-date: /home/frankie/ros2_ws/install/aws_robomaker_small_house_world/share/aws_robomaker_small_house_world/models/aws_robomaker_residential_TV_02/meshes/aws_TV_01_visual.DAE
[0.251s] -- Up-to-date: /home/frankie/ros2_ws/install/aws_robomaker_small_house_world/share/aws_robomaker_small_house_world/models/aws_robomaker_residential_TV_02/model.config
[0.251s] -- Up-to-date: /home/frankie/ros2_ws/install/aws_robomaker_small_house_world/share/aws_robomaker_small_house_world/models/aws_robomaker_residential_TV_02/model.sdf
[0.251s] -- Up-to-date: /home/frankie/ros2_ws/install/aws_robomaker_small_house_world/share/aws_robomaker_small_house_world/models/aws_robomaker_residential_PortraitB_02
[0.251s] -- Up-to-date: /home/frankie/ros2_ws/install/aws_robomaker_small_house_world/share/aws_robomaker_small_house_world/models/aws_robomaker_residential_PortraitB_02/materials
[0.251s] -- Up-to-date: /home/frankie/ros2_ws/install/aws_robomaker_small_house_world/share/aws_robomaker_small_house_world/models/aws_robomaker_residential_PortraitB_02/materials/textures
[0.251s] -- Up-to-date: /home/frankie/ros2_ws/install/aws_robomaker_small_house_world/share/aws_robomaker_small_house_world/models/aws_robomaker_residential_PortraitB_02/materials/textures/aws_PortraitB_02.png
[0.251s] -- Up-to-date: /home/frankie/ros2_ws/install/aws_robomaker_small_house_world/share/aws_robomaker_small_house_world/models/aws_robomaker_residential_PortraitB_02/materials/textures/aws_PortraitB_01.png
[0.251s] -- Up-to-date: /home/frankie/ros2_ws/install/aws_robomaker_small_house_world/share/aws_robomaker_small_house_world/models/aws_robomaker_residential_PortraitB_02/meshes
[0.251s] -- Up-to-date: /home/frankie/ros2_ws/install/aws_robomaker_small_house_world/share/aws_robomaker_small_house_world/models/aws_robomaker_residential_PortraitB_02/meshes/aws_PortraitB_01_collision.DAE
[0.251s] -- Up-to-date: /home/frankie/ros2_ws/install/aws_robomaker_small_house_world/share/aws_robomaker_small_house_world/models/aws_robomaker_residential_PortraitB_02/meshes/aws_PortraitB_01_visual.DAE
[0.251s] -- Up-to-date: /home/frankie/ros2_ws/install/aws_robomaker_small_house_world/share/aws_robomaker_small_house_world/models/aws_robomaker_residential_PortraitB_02/model.config
[0.251s] -- Up-to-date: /home/frankie/ros2_ws/install/aws_robomaker_small_house_world/share/aws_robomaker_small_house_world/models/aws_robomaker_residential_PortraitB_02/model.sdf
[0.251s] -- Up-to-date: /home/frankie/ros2_ws/install/aws_robomaker_small_house_world/share/aws_robomaker_small_house_world/models/aws_robomaker_residential_HouseWallB_01
[0.251s] -- Up-to-date: /home/frankie/ros2_ws/install/aws_robomaker_small_house_world/share/aws_robomaker_small_house_world/models/aws_robomaker_residential_HouseWallB_01/materials
[0.251s] -- Up-to-date: /home/frankie/ros2_ws/install/aws_robomaker_small_house_world/share/aws_robomaker_small_house_world/models/aws_robomaker_residential_HouseWallB_01/materials/textures
[0.252s] -- Up-to-date: /home/frankie/ros2_ws/install/aws_robomaker_small_house_world/share/aws_robomaker_small_house_world/models/aws_robomaker_residential_HouseWallB_01/materials/textures/aws_HouseWallB_01.png
[0.252s] -- Up-to-date: /home/frankie/ros2_ws/install/aws_robomaker_small_house_world/share/aws_robomaker_small_house_world/models/aws_robomaker_residential_HouseWallB_01/meshes
[0.252s] -- Up-to-date: /home/frankie/ros2_ws/install/aws_robomaker_small_house_world/share/aws_robomaker_small_house_world/models/aws_robomaker_residential_HouseWallB_01/meshes/aws_HouseWallB_01_collision.DAE
[0.252s] -- Up-to-date: /home/frankie/ros2_ws/install/aws_robomaker_small_house_world/share/aws_robomaker_small_house_world/models/aws_robomaker_residential_HouseWallB_01/meshes/aws_HouseWallB_01_visual.DAE
[0.252s] -- Up-to-date: /home/frankie/ros2_ws/install/aws_robomaker_small_house_world/share/aws_robomaker_small_house_world/models/aws_robomaker_residential_HouseWallB_01/model.config
[0.252s] -- Up-to-date: /home/frankie/ros2_ws/install/aws_robomaker_small_house_world/share/aws_robomaker_small_house_world/models/aws_robomaker_residential_HouseWallB_01/model.sdf
[0.252s] -- Up-to-date: /home/frankie/ros2_ws/install/aws_robomaker_small_house_world/share/aws_robomaker_small_house_world/models/aws_robomaker_residential_DeskPortraitD_03
[0.252s] -- Up-to-date: /home/frankie/ros2_ws/install/aws_robomaker_small_house_world/share/aws_robomaker_small_house_world/models/aws_robomaker_residential_DeskPortraitD_03/materials
[0.252s] -- Up-to-date: /home/frankie/ros2_ws/install/aws_robomaker_small_house_world/share/aws_robomaker_small_house_world/models/aws_robomaker_residential_DeskPortraitD_03/materials/textures
[0.252s] -- Up-to-date: /home/frankie/ros2_ws/install/aws_robomaker_small_house_world/share/aws_robomaker_small_house_world/models/aws_robomaker_residential_DeskPortraitD_03/materials/textures/aws_DeskPortraitD_02.png
[0.252s] -- Up-to-date: /home/frankie/ros2_ws/install/aws_robomaker_small_house_world/share/aws_robomaker_small_house_world/models/aws_robomaker_residential_DeskPortraitD_03/materials/textures/aws_DeskPortraitD_01.png
[0.252s] -- Up-to-date: /home/frankie/ros2_ws/install/aws_robomaker_small_house_world/share/aws_robomaker_small_house_world/models/aws_robomaker_residential_DeskPortraitD_03/meshes
[0.252s] -- Up-to-date: /home/frankie/ros2_ws/install/aws_robomaker_small_house_world/share/aws_robomaker_small_house_world/models/aws_robomaker_residential_DeskPortraitD_03/meshes/aws_DeskPortraitD_01_collision.DAE
[0.252s] -- Up-to-date: /home/frankie/ros2_ws/install/aws_robomaker_small_house_world/share/aws_robomaker_small_house_world/models/aws_robomaker_residential_DeskPortraitD_03/meshes/aws_DeskPortraitD_01_visual.DAE
[0.252s] -- Up-to-date: /home/frankie/ros2_ws/install/aws_robomaker_small_house_world/share/aws_robomaker_small_house_world/models/aws_robomaker_residential_DeskPortraitD_03/model.config
[0.253s] -- Up-to-date: /home/frankie/ros2_ws/install/aws_robomaker_small_house_world/share/aws_robomaker_small_house_world/models/aws_robomaker_residential_DeskPortraitD_03/model.sdf
[0.253s] -- Up-to-date: /home/frankie/ros2_ws/install/aws_robomaker_small_house_world/share/aws_robomaker_small_house_world/models/aws_robomaker_residential_DeskPortraitA_01
[0.253s] -- Up-to-date: /home/frankie/ros2_ws/install/aws_robomaker_small_house_world/share/aws_robomaker_small_house_world/models/aws_robomaker_residential_DeskPortraitA_01/materials
[0.253s] -- Up-to-date: /home/frankie/ros2_ws/install/aws_robomaker_small_house_world/share/aws_robomaker_small_house_world/models/aws_robomaker_residential_DeskPortraitA_01/materials/textures
[0.253s] -- Up-to-date: /home/frankie/ros2_ws/install/aws_robomaker_small_house_world/share/aws_robomaker_small_house_world/models/aws_robomaker_residential_DeskPortraitA_01/materials/textures/aws_DeskPortraitA_02.png
[0.253s] -- Up-to-date: /home/frankie/ros2_ws/install/aws_robomaker_small_house_world/share/aws_robomaker_small_house_world/models/aws_robomaker_residential_DeskPortraitA_01/materials/textures/aws_DeskPortraitA_01.png
[0.253s] -- Up-to-date: /home/frankie/ros2_ws/install/aws_robomaker_small_house_world/share/aws_robomaker_small_house_world/models/aws_robomaker_residential_DeskPortraitA_01/meshes
[0.253s] -- Up-to-date: /home/frankie/ros2_ws/install/aws_robomaker_small_house_world/share/aws_robomaker_small_house_world/models/aws_robomaker_residential_DeskPortraitA_01/meshes/aws_DeskPortraitA_01_collision.DAE
[0.253s] -- Up-to-date: /home/frankie/ros2_ws/install/aws_robomaker_small_house_world/share/aws_robomaker_small_house_world/models/aws_robomaker_residential_DeskPortraitA_01/meshes/aws_DeskPortraitA_01_visual.DAE
[0.253s] -- Up-to-date: /home/frankie/ros2_ws/install/aws_robomaker_small_house_world/share/aws_robomaker_small_house_world/models/aws_robomaker_residential_DeskPortraitA_01/model.config
[0.253s] -- Up-to-date: /home/frankie/ros2_ws/install/aws_robomaker_small_house_world/share/aws_robomaker_small_house_world/models/aws_robomaker_residential_DeskPortraitA_01/model.sdf
[0.253s] -- Up-to-date: /home/frankie/ros2_ws/install/aws_robomaker_small_house_world/share/aws_robomaker_small_house_world/models/aws_robomaker_residential_Rangehood_01
[0.253s] -- Up-to-date: /home/frankie/ros2_ws/install/aws_robomaker_small_house_world/share/aws_robomaker_small_house_world/models/aws_robomaker_residential_Rangehood_01/materials
[0.253s] -- Up-to-date: /home/frankie/ros2_ws/install/aws_robomaker_small_house_world/share/aws_robomaker_small_house_world/models/aws_robomaker_residential_Rangehood_01/materials/textures
[0.253s] -- Up-to-date: /home/frankie/ros2_ws/install/aws_robomaker_small_house_world/share/aws_robomaker_small_house_world/models/aws_robomaker_residential_Rangehood_01/materials/textures/aws_Rangehood_01.png
[0.253s] -- Up-to-date: /home/frankie/ros2_ws/install/aws_robomaker_small_house_world/share/aws_robomaker_small_house_world/models/aws_robomaker_residential_Rangehood_01/meshes
[0.254s] -- Up-to-date: /home/frankie/ros2_ws/install/aws_robomaker_small_house_world/share/aws_robomaker_small_house_world/models/aws_robomaker_residential_Rangehood_01/meshes/aws_Rangehood_01_collision.DAE
[0.254s] -- Up-to-date: /home/frankie/ros2_ws/install/aws_robomaker_small_house_world/share/aws_robomaker_small_house_world/models/aws_robomaker_residential_Rangehood_01/meshes/aws_Rangehood_01_visual.DAE
[0.254s] -- Up-to-date: /home/frankie/ros2_ws/install/aws_robomaker_small_house_world/share/aws_robomaker_small_house_world/models/aws_robomaker_residential_Rangehood_01/model.config
[0.254s] -- Up-to-date: /home/frankie/ros2_ws/install/aws_robomaker_small_house_world/share/aws_robomaker_small_house_world/models/aws_robomaker_residential_Rangehood_01/model.sdf
[0.254s] -- Up-to-date: /home/frankie/ros2_ws/install/aws_robomaker_small_house_world/share/aws_robomaker_small_house_world/models/aws_robomaker_residential_ReadingDesk_01
[0.254s] -- Up-to-date: /home/frankie/ros2_ws/install/aws_robomaker_small_house_world/share/aws_robomaker_small_house_world/models/aws_robomaker_residential_ReadingDesk_01/materials
[0.254s] -- Up-to-date: /home/frankie/ros2_ws/install/aws_robomaker_small_house_world/share/aws_robomaker_small_house_world/models/aws_robomaker_residential_ReadingDesk_01/materials/textures
[0.254s] -- Up-to-date: /home/frankie/ros2_ws/install/aws_robomaker_small_house_world/share/aws_robomaker_small_house_world/models/aws_robomaker_residential_ReadingDesk_01/materials/textures/aws_ReadingDesk_01.png
[0.254s] -- Up-to-date: /home/frankie/ros2_ws/install/aws_robomaker_small_house_world/share/aws_robomaker_small_house_world/models/aws_robomaker_residential_ReadingDesk_01/meshes
[0.254s] -- Up-to-date: /home/frankie/ros2_ws/install/aws_robomaker_small_house_world/share/aws_robomaker_small_house_world/models/aws_robomaker_residential_ReadingDesk_01/meshes/aws_ReadingDesk_01_collision.DAE
[0.254s] -- Up-to-date: /home/frankie/ros2_ws/install/aws_robomaker_small_house_world/share/aws_robomaker_small_house_world/models/aws_robomaker_residential_ReadingDesk_01/meshes/aws_ReadingDesk_01_visual.DAE
[0.254s] -- Up-to-date: /home/frankie/ros2_ws/install/aws_robomaker_small_house_world/share/aws_robomaker_small_house_world/models/aws_robomaker_residential_ReadingDesk_01/model.config
[0.254s] -- Up-to-date: /home/frankie/ros2_ws/install/aws_robomaker_small_house_world/share/aws_robomaker_small_house_world/models/aws_robomaker_residential_ReadingDesk_01/model.sdf
[0.254s] -- Up-to-date: /home/frankie/ros2_ws/install/aws_robomaker_small_house_world/share/aws_robomaker_small_house_world/models/aws_robomaker_residential_Wardrobe_01
[0.254s] -- Up-to-date: /home/frankie/ros2_ws/install/aws_robomaker_small_house_world/share/aws_robomaker_small_house_world/models/aws_robomaker_residential_Wardrobe_01/materials
[0.254s] -- Up-to-date: /home/frankie/ros2_ws/install/aws_robomaker_small_house_world/share/aws_robomaker_small_house_world/models/aws_robomaker_residential_Wardrobe_01/materials/textures
[0.255s] -- Up-to-date: /home/frankie/ros2_ws/install/aws_robomaker_small_house_world/share/aws_robomaker_small_house_world/models/aws_robomaker_residential_Wardrobe_01/materials/textures/aws_Wardrobe_01.png
[0.255s] -- Up-to-date: /home/frankie/ros2_ws/install/aws_robomaker_small_house_world/share/aws_robomaker_small_house_world/models/aws_robomaker_residential_Wardrobe_01/meshes
[0.255s] -- Up-to-date: /home/frankie/ros2_ws/install/aws_robomaker_small_house_world/share/aws_robomaker_small_house_world/models/aws_robomaker_residential_Wardrobe_01/meshes/aws_Wardrobe_01_visual.DAE
[0.255s] -- Up-to-date: /home/frankie/ros2_ws/install/aws_robomaker_small_house_world/share/aws_robomaker_small_house_world/models/aws_robomaker_residential_Wardrobe_01/meshes/aws_Wardrobe_01_collision.DAE
[0.255s] -- Up-to-date: /home/frankie/ros2_ws/install/aws_robomaker_small_house_world/share/aws_robomaker_small_house_world/models/aws_robomaker_residential_Wardrobe_01/model.config
[0.255s] -- Up-to-date: /home/frankie/ros2_ws/install/aws_robomaker_small_house_world/share/aws_robomaker_small_house_world/models/aws_robomaker_residential_Wardrobe_01/model.sdf
[0.255s] -- Up-to-date: /home/frankie/ros2_ws/install/aws_robomaker_small_house_world/share/aws_robomaker_small_house_world/models/aws_robomaker_residential_KitchenUtensils_01
[0.255s] -- Up-to-date: /home/frankie/ros2_ws/install/aws_robomaker_small_house_world/share/aws_robomaker_small_house_world/models/aws_robomaker_residential_KitchenUtensils_01/materials
[0.255s] -- Up-to-date: /home/frankie/ros2_ws/install/aws_robomaker_small_house_world/share/aws_robomaker_small_house_world/models/aws_robomaker_residential_KitchenUtensils_01/materials/textures
[0.255s] -- Up-to-date: /home/frankie/ros2_ws/install/aws_robomaker_small_house_world/share/aws_robomaker_small_house_world/models/aws_robomaker_residential_KitchenUtensils_01/materials/textures/aws_KitchenUtensils_01.png
[0.255s] -- Up-to-date: /home/frankie/ros2_ws/install/aws_robomaker_small_house_world/share/aws_robomaker_small_house_world/models/aws_robomaker_residential_KitchenUtensils_01/meshes
[0.255s] -- Up-to-date: /home/frankie/ros2_ws/install/aws_robomaker_small_house_world/share/aws_robomaker_small_house_world/models/aws_robomaker_residential_KitchenUtensils_01/meshes/aws_KitchenUtensils_01_collision.DAE
[0.255s] -- Up-to-date: /home/frankie/ros2_ws/install/aws_robomaker_small_house_world/share/aws_robomaker_small_house_world/models/aws_robomaker_residential_KitchenUtensils_01/meshes/aws_KitchenUtensils_01_visual.DAE
[0.255s] -- Up-to-date: /home/frankie/ros2_ws/install/aws_robomaker_small_house_world/share/aws_robomaker_small_house_world/models/aws_robomaker_residential_KitchenUtensils_01/model.config
[0.256s] -- Up-to-date: /home/frankie/ros2_ws/install/aws_robomaker_small_house_world/share/aws_robomaker_small_house_world/models/aws_robomaker_residential_KitchenUtensils_01/model.sdf
[0.256s] -- Up-to-date: /home/frankie/ros2_ws/install/aws_robomaker_small_house_world/share/aws_robomaker_small_house_world/models/aws_robomaker_residential_RoomWindow_01
[0.256s] -- Up-to-date: /home/frankie/ros2_ws/install/aws_robomaker_small_house_world/share/aws_robomaker_small_house_world/models/aws_robomaker_residential_RoomWindow_01/materials
[0.256s] -- Up-to-date: /home/frankie/ros2_ws/install/aws_robomaker_small_house_world/share/aws_robomaker_small_house_world/models/aws_robomaker_residential_RoomWindow_01/materials/textures
[0.256s] -- Up-to-date: /home/frankie/ros2_ws/install/aws_robomaker_small_house_world/share/aws_robomaker_small_house_world/models/aws_robomaker_residential_RoomWindow_01/materials/textures/aws_RoomWindow_01.png
[0.256s] -- Up-to-date: /home/frankie/ros2_ws/install/aws_robomaker_small_house_world/share/aws_robomaker_small_house_world/models/aws_robomaker_residential_RoomWindow_01/meshes
[0.256s] -- Up-to-date: /home/frankie/ros2_ws/install/aws_robomaker_small_house_world/share/aws_robomaker_small_house_world/models/aws_robomaker_residential_RoomWindow_01/meshes/aws_RoomWindow_01_visual.DAE
[0.256s] -- Up-to-date: /home/frankie/ros2_ws/install/aws_robomaker_small_house_world/share/aws_robomaker_small_house_world/models/aws_robomaker_residential_RoomWindow_01/meshes/aws_RoomWindow_01_collision.DAE
[0.256s] -- Up-to-date: /home/frankie/ros2_ws/install/aws_robomaker_small_house_world/share/aws_robomaker_small_house_world/models/aws_robomaker_residential_RoomWindow_01/model.config
[0.256s] -- Up-to-date: /home/frankie/ros2_ws/install/aws_robomaker_small_house_world/share/aws_robomaker_small_house_world/models/aws_robomaker_residential_RoomWindow_01/model.sdf
[0.256s] -- Up-to-date: /home/frankie/ros2_ws/install/aws_robomaker_small_house_world/share/aws_robomaker_small_house_world/models/aws_robomaker_residential_Carpet_01
[0.256s] -- Up-to-date: /home/frankie/ros2_ws/install/aws_robomaker_small_house_world/share/aws_robomaker_small_house_world/models/aws_robomaker_residential_Carpet_01/materials
[0.256s] -- Up-to-date: /home/frankie/ros2_ws/install/aws_robomaker_small_house_world/share/aws_robomaker_small_house_world/models/aws_robomaker_residential_Carpet_01/materials/textures
[0.256s] -- Up-to-date: /home/frankie/ros2_ws/install/aws_robomaker_small_house_world/share/aws_robomaker_small_house_world/models/aws_robomaker_residential_Carpet_01/materials/textures/aws_Carpet_01.png
[0.256s] -- Up-to-date: /home/frankie/ros2_ws/install/aws_robomaker_small_house_world/share/aws_robomaker_small_house_world/models/aws_robomaker_residential_Carpet_01/meshes
[0.257s] -- Up-to-date: /home/frankie/ros2_ws/install/aws_robomaker_small_house_world/share/aws_robomaker_small_house_world/models/aws_robomaker_residential_Carpet_01/meshes/aws_Carpet_01_collision.DAE
[0.257s] -- Up-to-date: /home/frankie/ros2_ws/install/aws_robomaker_small_house_world/share/aws_robomaker_small_house_world/models/aws_robomaker_residential_Carpet_01/meshes/aws_Carpet_01_visual.DAE
[0.257s] -- Up-to-date: /home/frankie/ros2_ws/install/aws_robomaker_small_house_world/share/aws_robomaker_small_house_world/models/aws_robomaker_residential_Carpet_01/model.config
[0.257s] -- Up-to-date: /home/frankie/ros2_ws/install/aws_robomaker_small_house_world/share/aws_robomaker_small_house_world/models/aws_robomaker_residential_Carpet_01/model.sdf
[0.257s] -- Up-to-date: /home/frankie/ros2_ws/install/aws_robomaker_small_house_world/share/aws_robomaker_small_house_world/models/aws_robomaker_residential_DeskPortraitC_02
[0.257s] -- Up-to-date: /home/frankie/ros2_ws/install/aws_robomaker_small_house_world/share/aws_robomaker_small_house_world/models/aws_robomaker_residential_DeskPortraitC_02/materials
[0.257s] -- Up-to-date: /home/frankie/ros2_ws/install/aws_robomaker_small_house_world/share/aws_robomaker_small_house_world/models/aws_robomaker_residential_DeskPortraitC_02/materials/textures
[0.257s] -- Up-to-date: /home/frankie/ros2_ws/install/aws_robomaker_small_house_world/share/aws_robomaker_small_house_world/models/aws_robomaker_residential_DeskPortraitC_02/materials/textures/aws_DeskPortraitC_02.png
[0.257s] -- Up-to-date: /home/frankie/ros2_ws/install/aws_robomaker_small_house_world/share/aws_robomaker_small_house_world/models/aws_robomaker_residential_DeskPortraitC_02/materials/textures/aws_DeskPortraitC_01.png
[0.257s] -- Up-to-date: /home/frankie/ros2_ws/install/aws_robomaker_small_house_world/share/aws_robomaker_small_house_world/models/aws_robomaker_residential_DeskPortraitC_02/meshes
[0.257s] -- Up-to-date: /home/frankie/ros2_ws/install/aws_robomaker_small_house_world/share/aws_robomaker_small_house_world/models/aws_robomaker_residential_DeskPortraitC_02/meshes/aws_DeskPortraitC_01_collision.DAE
[0.257s] -- Up-to-date: /home/frankie/ros2_ws/install/aws_robomaker_small_house_world/share/aws_robomaker_small_house_world/models/aws_robomaker_residential_DeskPortraitC_02/meshes/aws_DeskPortraitC_01_visual.DAE
[0.257s] -- Up-to-date: /home/frankie/ros2_ws/install/aws_robomaker_small_house_world/share/aws_robomaker_small_house_world/models/aws_robomaker_residential_DeskPortraitC_02/model.config
[0.257s] -- Up-to-date: /home/frankie/ros2_ws/install/aws_robomaker_small_house_world/share/aws_robomaker_small_house_world/models/aws_robomaker_residential_DeskPortraitC_02/model.sdf
[0.257s] -- Up-to-date: /home/frankie/ros2_ws/install/aws_robomaker_small_house_world/share/aws_robomaker_small_house_world/models/aws_robomaker_residential_LightC_01
[0.258s] -- Up-to-date: /home/frankie/ros2_ws/install/aws_robomaker_small_house_world/share/aws_robomaker_small_house_world/models/aws_robomaker_residential_LightC_01/materials
[0.258s] -- Up-to-date: /home/frankie/ros2_ws/install/aws_robomaker_small_house_world/share/aws_robomaker_small_house_world/models/aws_robomaker_residential_LightC_01/materials/textures
[0.258s] -- Up-to-date: /home/frankie/ros2_ws/install/aws_robomaker_small_house_world/share/aws_robomaker_small_house_world/models/aws_robomaker_residential_LightC_01/materials/textures/aws_LightC_01.png
[0.258s] -- Up-to-date: /home/frankie/ros2_ws/install/aws_robomaker_small_house_world/share/aws_robomaker_small_house_world/models/aws_robomaker_residential_LightC_01/meshes
[0.258s] -- Up-to-date: /home/frankie/ros2_ws/install/aws_robomaker_small_house_world/share/aws_robomaker_small_house_world/models/aws_robomaker_residential_LightC_01/meshes/aws_LightC_01_collision.DAE
[0.258s] -- Up-to-date: /home/frankie/ros2_ws/install/aws_robomaker_small_house_world/share/aws_robomaker_small_house_world/models/aws_robomaker_residential_LightC_01/meshes/aws_LightC_01_visual.DAE
[0.258s] -- Up-to-date: /home/frankie/ros2_ws/install/aws_robomaker_small_house_world/share/aws_robomaker_small_house_world/models/aws_robomaker_residential_LightC_01/model.config
[0.258s] -- Up-to-date: /home/frankie/ros2_ws/install/aws_robomaker_small_house_world/share/aws_robomaker_small_house_world/models/aws_robomaker_residential_LightC_01/model.sdf
[0.258s] -- Up-to-date: /home/frankie/ros2_ws/install/aws_robomaker_small_house_world/share/aws_robomaker_small_house_world/worlds
[0.258s] -- Up-to-date: /home/frankie/ros2_ws/install/aws_robomaker_small_house_world/share/aws_robomaker_small_house_world/worlds/kitchen_table.world
[0.258s] -- Up-to-date: /home/frankie/ros2_ws/install/aws_robomaker_small_house_world/share/aws_robomaker_small_house_world/worlds/empty.world
[0.258s] -- Up-to-date: /home/frankie/ros2_ws/install/aws_robomaker_small_house_world/share/aws_robomaker_small_house_world/worlds/small_house.world
[0.258s] -- Up-to-date: /home/frankie/ros2_ws/install/aws_robomaker_small_house_world/share/aws_robomaker_small_house_world/maps
[0.258s] -- Up-to-date: /home/frankie/ros2_ws/install/aws_robomaker_small_house_world/share/aws_robomaker_small_house_world/maps/turtlebot3_waffle_pi
[0.258s] -- Up-to-date: /home/frankie/ros2_ws/install/aws_robomaker_small_house_world/share/aws_robomaker_small_house_world/maps/turtlebot3_waffle_pi/map.pgm
[0.259s] -- Up-to-date: /home/frankie/ros2_ws/install/aws_robomaker_small_house_world/share/aws_robomaker_small_house_world/maps/turtlebot3_waffle_pi/map.yaml
[0.259s] -- Up-to-date: /home/frankie/ros2_ws/install/aws_robomaker_small_house_world/share/aws_robomaker_small_house_world/photos
[0.259s] -- Up-to-date: /home/frankie/ros2_ws/install/aws_robomaker_small_house_world/share/aws_robomaker_small_house_world/photos/PortraitB_01.jpg
[0.259s] -- Up-to-date: /home/frankie/ros2_ws/install/aws_robomaker_small_house_world/share/aws_robomaker_small_house_world/photos/PortraitB_02.jpg
[0.259s] -- Up-to-date: /home/frankie/ros2_ws/install/aws_robomaker_small_house_world/share/aws_robomaker_small_house_world/photos/PortraitA_01.jpg
[0.259s] -- Up-to-date: /home/frankie/ros2_ws/install/aws_robomaker_small_house_world/share/aws_robomaker_small_house_world/photos/PortraitB_03.jpg
[0.259s] -- Up-to-date: /home/frankie/ros2_ws/install/aws_robomaker_small_house_world/share/aws_robomaker_small_house_world/photos/PortraitD_02.jpg
[0.259s] -- Up-to-date: /home/frankie/ros2_ws/install/aws_robomaker_small_house_world/share/aws_robomaker_small_house_world/photos/DeskPortraitD_04.jpg
[0.259s] -- Up-to-date: /home/frankie/ros2_ws/install/aws_robomaker_small_house_world/share/aws_robomaker_small_house_world/photos/DeskPortraitB_02.jpg
[0.259s] -- Up-to-date: /home/frankie/ros2_ws/install/aws_robomaker_small_house_world/share/aws_robomaker_small_house_world/photos/PortraitE_02.jpg
[0.259s] -- Up-to-date: /home/frankie/ros2_ws/install/aws_robomaker_small_house_world/share/aws_robomaker_small_house_world/photos/DeskPortraitB_01.jpg
[0.259s] -- Up-to-date: /home/frankie/ros2_ws/install/aws_robomaker_small_house_world/share/aws_robomaker_small_house_world/photos/DeskPortraitD_01.jpg
[0.259s] -- Up-to-date: /home/frankie/ros2_ws/install/aws_robomaker_small_house_world/share/aws_robomaker_small_house_world/photos/DeskPortraitA_02.jpg
[0.259s] -- Up-to-date: /home/frankie/ros2_ws/install/aws_robomaker_small_house_world/share/aws_robomaker_small_house_world/photos/PortraitE_01.jpg
[0.259s] -- Up-to-date: /home/frankie/ros2_ws/install/aws_robomaker_small_house_world/share/aws_robomaker_small_house_world/photos/PortraitA_02.jpg
[0.259s] -- Up-to-date: /home/frankie/ros2_ws/install/aws_robomaker_small_house_world/share/aws_robomaker_small_house_world/photos/PortraitD_01.jpg
[0.259s] -- Up-to-date: /home/frankie/ros2_ws/install/aws_robomaker_small_house_world/share/aws_robomaker_small_house_world/photos/DeskPortraitC_01.jpg
[0.259s] -- Up-to-date: /home/frankie/ros2_ws/install/aws_robomaker_small_house_world/share/aws_robomaker_small_house_world/photos/PortraitC_01.jpg
[0.260s] -- Up-to-date: /home/frankie/ros2_ws/install/aws_robomaker_small_house_world/share/aws_robomaker_small_house_world/photos/DeskPortraitD_03.jpg
[0.260s] -- Up-to-date: /home/frankie/ros2_ws/install/aws_robomaker_small_house_world/share/aws_robomaker_small_house_world/photos/DeskPortraitD_02.jpg
[0.260s] -- Up-to-date: /home/frankie/ros2_ws/install/aws_robomaker_small_house_world/share/aws_robomaker_small_house_world/photos/DeskPortraitC_02.jpg
[0.260s] -- Up-to-date: /home/frankie/ros2_ws/install/aws_robomaker_small_house_world/share/aws_robomaker_small_house_world/photos/DeskPortraitA_01.jpg
[0.260s] -- Up-to-date: /home/frankie/ros2_ws/install/aws_robomaker_small_house_world/share/aws_robomaker_small_house_world/param
[0.260s] -- Up-to-date: /home/frankie/ros2_ws/install/aws_robomaker_small_house_world/share/aws_robomaker_small_house_world/param/waffle_pi.yaml
[0.260s] -- Up-to-date: /home/frankie/ros2_ws/install/aws_robomaker_small_house_world/share/aws_robomaker_small_house_world/routes
[0.260s] -- Up-to-date: /home/frankie/ros2_ws/install/aws_robomaker_small_house_world/share/aws_robomaker_small_house_world/routes/route.yaml
[0.260s] -- Up-to-date: /home/frankie/ros2_ws/install/aws_robomaker_small_house_world/share/ament_index/resource_index/package_run_dependencies/aws_robomaker_small_house_world
[0.260s] -- Up-to-date: /home/frankie/ros2_ws/install/aws_robomaker_small_house_world/share/ament_index/resource_index/parent_prefix_path/aws_robomaker_small_house_world
[0.260s] -- Up-to-date: /home/frankie/ros2_ws/install/aws_robomaker_small_house_world/share/aws_robomaker_small_house_world/environment/ament_prefix_path.sh
[0.260s] -- Up-to-date: /home/frankie/ros2_ws/install/aws_robomaker_small_house_world/share/aws_robomaker_small_house_world/environment/ament_prefix_path.dsv
[0.260s] -- Up-to-date: /home/frankie/ros2_ws/install/aws_robomaker_small_house_world/share/aws_robomaker_small_house_world/environment/path.sh
[0.260s] -- Up-to-date: /home/frankie/ros2_ws/install/aws_robomaker_small_house_world/share/aws_robomaker_small_house_world/environment/path.dsv
[0.260s] -- Up-to-date: /home/frankie/ros2_ws/install/aws_robomaker_small_house_world/share/aws_robomaker_small_house_world/local_setup.bash
[0.260s] -- Up-to-date: /home/frankie/ros2_ws/install/aws_robomaker_small_house_world/share/aws_robomaker_small_house_world/local_setup.sh
[0.260s] -- Up-to-date: /home/frankie/ros2_ws/install/aws_robomaker_small_house_world/share/aws_robomaker_small_house_world/local_setup.zsh
[0.260s] -- Up-to-date: /home/frankie/ros2_ws/install/aws_robomaker_small_house_world/share/aws_robomaker_small_house_world/local_setup.dsv
[0.260s] -- Installing: /home/frankie/ros2_ws/install/aws_robomaker_small_house_world/share/aws_robomaker_small_house_world/package.dsv
[0.261s] -- Up-to-date: /home/frankie/ros2_ws/install/aws_robomaker_small_house_world/share/ament_index/resource_index/packages/aws_robomaker_small_house_world
[0.261s] -- Up-to-date: /home/frankie/ros2_ws/install/aws_robomaker_small_house_world/share/aws_robomaker_small_house_world/cmake/ament_cmake_export_dependencies-extras.cmake
[0.261s] -- Up-to-date: /home/frankie/ros2_ws/install/aws_robomaker_small_house_world/share/aws_robomaker_small_house_world/cmake/aws_robomaker_small_house_worldConfig.cmake
[0.261s] -- Up-to-date: /home/frankie/ros2_ws/install/aws_robomaker_small_house_world/share/aws_robomaker_small_house_world/cmake/aws_robomaker_small_house_worldConfig-version.cmake
[0.261s] -- Up-to-date: /home/frankie/ros2_ws/install/aws_robomaker_small_house_world/share/aws_robomaker_small_house_world/package.xml
[0.263s] Invoked command in '/home/frankie/ros2_ws/build/aws_robomaker_small_house_world' returned '0': CMAKE_PREFIX_PATH=/opt/ros/humble /usr/bin/cmake --install /home/frankie/ros2_ws/build/aws_robomaker_small_house_world
