[0.000000] (-) TimerEvent: {}
[0.000198] (aws_robomaker_small_house_world) JobQueued: {'identifier': 'aws_robomaker_small_house_world', 'dependencies': OrderedDict()}
[0.000219] (growbot_bringup) JobQueued: {'identifier': 'growbot_bringup', 'dependencies': OrderedDict()}
[0.000440] (aws_robomaker_small_house_world) JobStarted: {'identifier': 'aws_robomaker_small_house_world'}
[0.006848] (growbot_bringup) JobStarted: {'identifier': 'growbot_bringup'}
[0.011138] (aws_robomaker_small_house_world) JobProgress: {'identifier': 'aws_robomaker_small_house_world', 'progress': 'cmake'}
[0.011771] (aws_robomaker_small_house_world) JobProgress: {'identifier': 'aws_robomaker_small_house_world', 'progress': 'build'}
[0.012540] (aws_robomaker_small_house_world) Command: {'cmd': ['/usr/bin/cmake', '--build', '/home/frankie/ros2_ws/build/aws_robomaker_small_house_world', '--', '-j8', '-l8'], 'cwd': '/home/frankie/ros2_ws/build/aws_robomaker_small_house_world', 'env': OrderedDict([('LESSOPEN', '| /usr/bin/lesspipe %s'), ('USER', 'frankie'), ('XDG_SESSION_TYPE', 'wayland'), ('SHLVL', '1'), ('LD_LIBRARY_PATH', '/usr/lib/x86_64-linux-gnu/gazebo-11/plugins:/opt/ros/humble/opt/rviz_ogre_vendor/lib:/opt/ros/humble/lib/x86_64-linux-gnu:/opt/ros/humble/lib'), ('HOME', '/home/frankie'), ('OLDPWD', '/home/frankie/ros2_ws/src'), ('DESKTOP_SESSION', 'ubuntu'), ('ROS_PYTHON_VERSION', '3'), ('GNOME_SHELL_SESSION_MODE', 'ubuntu'), ('GTK_MODULES', 'gail:atk-bridge'), ('SYSTEMD_EXEC_PID', '1084'), ('DBUS_SESSION_BUS_ADDRESS', 'unix:path=/run/user/1000/bus'), ('COLORTERM', 'truecolor'), ('IM_CONFIG_PHASE', '1'), ('WAYLAND_DISPLAY', 'wayland-0'), ('ROS_DISTRO', 'humble'), ('LOGNAME', 'frankie'), ('_', '/usr/bin/colcon'), ('ROS_VERSION', '2'), ('XDG_SESSION_CLASS', 'user'), ('USERNAME', 'frankie'), ('TERM', 'xterm-256color'), ('GNOME_DESKTOP_SESSION_ID', 'this-is-deprecated'), ('ROS_LOCALHOST_ONLY', '0'), ('PATH', '/opt/ros/humble/bin:/usr/local/sbin:/usr/local/bin:/usr/sbin:/usr/bin:/sbin:/bin:/usr/games:/usr/local/games:/snap/bin:/snap/bin'), ('SESSION_MANAGER', 'local/frankie-VivoBook-ASUSLaptop-X513EAN-K513EA:@/tmp/.ICE-unix/1055,unix/frankie-VivoBook-ASUSLaptop-X513EAN-K513EA:/tmp/.ICE-unix/1055'), ('XDG_MENU_PREFIX', 'gnome-'), ('GNOME_TERMINAL_SCREEN', '/org/gnome/Terminal/screen/04b2f3a1_908e_4a97_8df2_de7037696e76'), ('GNOME_SETUP_DISPLAY', ':1'), ('XDG_RUNTIME_DIR', '/run/user/1000'), ('DISPLAY', ':0'), ('LANG', 'en_US.UTF-8'), ('XDG_CURRENT_DESKTOP', 'ubuntu:GNOME'), ('XMODIFIERS', '@im=ibus'), ('XDG_SESSION_DESKTOP', 'ubuntu'), ('XAUTHORITY', '/run/user/1000/.mutter-Xwaylandauth.9TV2N3'), ('LS_COLORS', 'rs=0:di=01;34:ln=01;36:mh=00:pi=40;33:so=01;35:do=01;35:bd=40;33;01:cd=40;33;01:or=40;31;01:mi=00:su=37;41:sg=30;43:ca=30;41:tw=30;42:ow=34;42:st=37;44:ex=01;32:*.tar=01;31:*.tgz=01;31:*.arc=01;31:*.arj=01;31:*.taz=01;31:*.lha=01;31:*.lz4=01;31:*.lzh=01;31:*.lzma=01;31:*.tlz=01;31:*.txz=01;31:*.tzo=01;31:*.t7z=01;31:*.zip=01;31:*.z=01;31:*.dz=01;31:*.gz=01;31:*.lrz=01;31:*.lz=01;31:*.lzo=01;31:*.xz=01;31:*.zst=01;31:*.tzst=01;31:*.bz2=01;31:*.bz=01;31:*.tbz=01;31:*.tbz2=01;31:*.tz=01;31:*.deb=01;31:*.rpm=01;31:*.jar=01;31:*.war=01;31:*.ear=01;31:*.sar=01;31:*.rar=01;31:*.alz=01;31:*.ace=01;31:*.zoo=01;31:*.cpio=01;31:*.7z=01;31:*.rz=01;31:*.cab=01;31:*.wim=01;31:*.swm=01;31:*.dwm=01;31:*.esd=01;31:*.jpg=01;35:*.jpeg=01;35:*.mjpg=01;35:*.mjpeg=01;35:*.gif=01;35:*.bmp=01;35:*.pbm=01;35:*.pgm=01;35:*.ppm=01;35:*.tga=01;35:*.xbm=01;35:*.xpm=01;35:*.tif=01;35:*.tiff=01;35:*.png=01;35:*.svg=01;35:*.svgz=01;35:*.mng=01;35:*.pcx=01;35:*.mov=01;35:*.mpg=01;35:*.mpeg=01;35:*.m2v=01;35:*.mkv=01;35:*.webm=01;35:*.webp=01;35:*.ogm=01;35:*.mp4=01;35:*.m4v=01;35:*.mp4v=01;35:*.vob=01;35:*.qt=01;35:*.nuv=01;35:*.wmv=01;35:*.asf=01;35:*.rm=01;35:*.rmvb=01;35:*.flc=01;35:*.avi=01;35:*.fli=01;35:*.flv=01;35:*.gl=01;35:*.dl=01;35:*.xcf=01;35:*.xwd=01;35:*.yuv=01;35:*.cgm=01;35:*.emf=01;35:*.ogv=01;35:*.ogx=01;35:*.aac=00;36:*.au=00;36:*.flac=00;36:*.m4a=00;36:*.mid=00;36:*.midi=00;36:*.mka=00;36:*.mp3=00;36:*.mpc=00;36:*.ogg=00;36:*.ra=00;36:*.wav=00;36:*.oga=00;36:*.opus=00;36:*.spx=00;36:*.xspf=00;36:'), ('GNOME_TERMINAL_SERVICE', ':1.123'), ('SSH_AGENT_LAUNCHER', 'gnome-keyring'), ('SSH_AUTH_SOCK', '/run/user/1000/keyring/ssh'), ('AMENT_PREFIX_PATH', '/opt/ros/humble'), ('SHELL', '/bin/bash'), ('QT_ACCESSIBILITY', '1'), ('GDMSESSION', 'ubuntu'), ('LESSCLOSE', '/usr/bin/lesspipe %s %s'), ('QT_IM_MODULE', 'ibus'), ('PWD', '/home/frankie/ros2_ws/build/aws_robomaker_small_house_world'), ('TURTLEBOT3_MODEL', 'waffle_pi'), ('XDG_CONFIG_DIRS', '/etc/xdg/xdg-ubuntu:/etc/xdg'), ('XDG_DATA_DIRS', '/usr/share/ubuntu:/usr/local/share/:/usr/share/:/var/lib/snapd/desktop'), ('PYTHONPATH', '/opt/ros/humble/lib/python3.10/site-packages:/opt/ros/humble/local/lib/python3.10/dist-packages'), ('COLCON', '1'), ('VTE_VERSION', '6800'), ('CMAKE_PREFIX_PATH', '/opt/ros/humble')]), 'shell': False}
[0.099873] (-) TimerEvent: {}
[0.191018] (aws_robomaker_small_house_world) CommandEnded: {'returncode': 0}
[0.191678] (aws_robomaker_small_house_world) JobProgress: {'identifier': 'aws_robomaker_small_house_world', 'progress': 'install'}
[0.197930] (aws_robomaker_small_house_world) Command: {'cmd': ['/usr/bin/cmake', '--install', '/home/frankie/ros2_ws/build/aws_robomaker_small_house_world'], 'cwd': '/home/frankie/ros2_ws/build/aws_robomaker_small_house_world', 'env': OrderedDict([('LESSOPEN', '| /usr/bin/lesspipe %s'), ('USER', 'frankie'), ('XDG_SESSION_TYPE', 'wayland'), ('SHLVL', '1'), ('LD_LIBRARY_PATH', '/usr/lib/x86_64-linux-gnu/gazebo-11/plugins:/opt/ros/humble/opt/rviz_ogre_vendor/lib:/opt/ros/humble/lib/x86_64-linux-gnu:/opt/ros/humble/lib'), ('HOME', '/home/frankie'), ('OLDPWD', '/home/frankie/ros2_ws/src'), ('DESKTOP_SESSION', 'ubuntu'), ('ROS_PYTHON_VERSION', '3'), ('GNOME_SHELL_SESSION_MODE', 'ubuntu'), ('GTK_MODULES', 'gail:atk-bridge'), ('SYSTEMD_EXEC_PID', '1084'), ('DBUS_SESSION_BUS_ADDRESS', 'unix:path=/run/user/1000/bus'), ('COLORTERM', 'truecolor'), ('IM_CONFIG_PHASE', '1'), ('WAYLAND_DISPLAY', 'wayland-0'), ('ROS_DISTRO', 'humble'), ('LOGNAME', 'frankie'), ('_', '/usr/bin/colcon'), ('ROS_VERSION', '2'), ('XDG_SESSION_CLASS', 'user'), ('USERNAME', 'frankie'), ('TERM', 'xterm-256color'), ('GNOME_DESKTOP_SESSION_ID', 'this-is-deprecated'), ('ROS_LOCALHOST_ONLY', '0'), ('PATH', '/opt/ros/humble/bin:/usr/local/sbin:/usr/local/bin:/usr/sbin:/usr/bin:/sbin:/bin:/usr/games:/usr/local/games:/snap/bin:/snap/bin'), ('SESSION_MANAGER', 'local/frankie-VivoBook-ASUSLaptop-X513EAN-K513EA:@/tmp/.ICE-unix/1055,unix/frankie-VivoBook-ASUSLaptop-X513EAN-K513EA:/tmp/.ICE-unix/1055'), ('XDG_MENU_PREFIX', 'gnome-'), ('GNOME_TERMINAL_SCREEN', '/org/gnome/Terminal/screen/04b2f3a1_908e_4a97_8df2_de7037696e76'), ('GNOME_SETUP_DISPLAY', ':1'), ('XDG_RUNTIME_DIR', '/run/user/1000'), ('DISPLAY', ':0'), ('LANG', 'en_US.UTF-8'), ('XDG_CURRENT_DESKTOP', 'ubuntu:GNOME'), ('XMODIFIERS', '@im=ibus'), ('XDG_SESSION_DESKTOP', 'ubuntu'), ('XAUTHORITY', '/run/user/1000/.mutter-Xwaylandauth.9TV2N3'), ('LS_COLORS', 'rs=0:di=01;34:ln=01;36:mh=00:pi=40;33:so=01;35:do=01;35:bd=40;33;01:cd=40;33;01:or=40;31;01:mi=00:su=37;41:sg=30;43:ca=30;41:tw=30;42:ow=34;42:st=37;44:ex=01;32:*.tar=01;31:*.tgz=01;31:*.arc=01;31:*.arj=01;31:*.taz=01;31:*.lha=01;31:*.lz4=01;31:*.lzh=01;31:*.lzma=01;31:*.tlz=01;31:*.txz=01;31:*.tzo=01;31:*.t7z=01;31:*.zip=01;31:*.z=01;31:*.dz=01;31:*.gz=01;31:*.lrz=01;31:*.lz=01;31:*.lzo=01;31:*.xz=01;31:*.zst=01;31:*.tzst=01;31:*.bz2=01;31:*.bz=01;31:*.tbz=01;31:*.tbz2=01;31:*.tz=01;31:*.deb=01;31:*.rpm=01;31:*.jar=01;31:*.war=01;31:*.ear=01;31:*.sar=01;31:*.rar=01;31:*.alz=01;31:*.ace=01;31:*.zoo=01;31:*.cpio=01;31:*.7z=01;31:*.rz=01;31:*.cab=01;31:*.wim=01;31:*.swm=01;31:*.dwm=01;31:*.esd=01;31:*.jpg=01;35:*.jpeg=01;35:*.mjpg=01;35:*.mjpeg=01;35:*.gif=01;35:*.bmp=01;35:*.pbm=01;35:*.pgm=01;35:*.ppm=01;35:*.tga=01;35:*.xbm=01;35:*.xpm=01;35:*.tif=01;35:*.tiff=01;35:*.png=01;35:*.svg=01;35:*.svgz=01;35:*.mng=01;35:*.pcx=01;35:*.mov=01;35:*.mpg=01;35:*.mpeg=01;35:*.m2v=01;35:*.mkv=01;35:*.webm=01;35:*.webp=01;35:*.ogm=01;35:*.mp4=01;35:*.m4v=01;35:*.mp4v=01;35:*.vob=01;35:*.qt=01;35:*.nuv=01;35:*.wmv=01;35:*.asf=01;35:*.rm=01;35:*.rmvb=01;35:*.flc=01;35:*.avi=01;35:*.fli=01;35:*.flv=01;35:*.gl=01;35:*.dl=01;35:*.xcf=01;35:*.xwd=01;35:*.yuv=01;35:*.cgm=01;35:*.emf=01;35:*.ogv=01;35:*.ogx=01;35:*.aac=00;36:*.au=00;36:*.flac=00;36:*.m4a=00;36:*.mid=00;36:*.midi=00;36:*.mka=00;36:*.mp3=00;36:*.mpc=00;36:*.ogg=00;36:*.ra=00;36:*.wav=00;36:*.oga=00;36:*.opus=00;36:*.spx=00;36:*.xspf=00;36:'), ('GNOME_TERMINAL_SERVICE', ':1.123'), ('SSH_AGENT_LAUNCHER', 'gnome-keyring'), ('SSH_AUTH_SOCK', '/run/user/1000/keyring/ssh'), ('AMENT_PREFIX_PATH', '/opt/ros/humble'), ('SHELL', '/bin/bash'), ('QT_ACCESSIBILITY', '1'), ('GDMSESSION', 'ubuntu'), ('LESSCLOSE', '/usr/bin/lesspipe %s %s'), ('QT_IM_MODULE', 'ibus'), ('PWD', '/home/frankie/ros2_ws/build/aws_robomaker_small_house_world'), ('TURTLEBOT3_MODEL', 'waffle_pi'), ('XDG_CONFIG_DIRS', '/etc/xdg/xdg-ubuntu:/etc/xdg'), ('XDG_DATA_DIRS', '/usr/share/ubuntu:/usr/local/share/:/usr/share/:/var/lib/snapd/desktop'), ('PYTHONPATH', '/opt/ros/humble/lib/python3.10/site-packages:/opt/ros/humble/local/lib/python3.10/dist-packages'), ('COLCON', '1'), ('VTE_VERSION', '6800'), ('CMAKE_PREFIX_PATH', '/opt/ros/humble')]), 'shell': False}
[0.200015] (-) TimerEvent: {}
[0.203666] (aws_robomaker_small_house_world) StdoutLine: {'line': b'-- Install configuration: ""\n'}
[0.203886] (aws_robomaker_small_house_world) StdoutLine: {'line': b'-- Up-to-date: /home/frankie/ros2_ws/install/aws_robomaker_small_house_world/share/aws_robomaker_small_house_world/launch\n'}
[0.204060] (aws_robomaker_small_house_world) StdoutLine: {'line': b'-- Up-to-date: /home/frankie/ros2_ws/install/aws_robomaker_small_house_world/share/aws_robomaker_small_house_world/launch/small_house.launch.py\n'}
[0.204121] (aws_robomaker_small_house_world) StdoutLine: {'line': b'-- Up-to-date: /home/frankie/ros2_ws/install/aws_robomaker_small_house_world/share/aws_robomaker_small_house_world/models\n'}
[0.204435] (aws_robomaker_small_house_world) StdoutLine: {'line': b'-- Up-to-date: /home/frankie/ros2_ws/install/aws_robomaker_small_house_world/share/aws_robomaker_small_house_world/models/aws_robomaker_residential_KitchenTable_01\n'}
[0.204558] (aws_robomaker_small_house_world) StdoutLine: {'line': b'-- Up-to-date: /home/frankie/ros2_ws/install/aws_robomaker_small_house_world/share/aws_robomaker_small_house_world/models/aws_robomaker_residential_KitchenTable_01/materials\n'}
[0.204674] (aws_robomaker_small_house_world) StdoutLine: {'line': b'-- Up-to-date: /home/frankie/ros2_ws/install/aws_robomaker_small_house_world/share/aws_robomaker_small_house_world/models/aws_robomaker_residential_KitchenTable_01/materials/textures\n'}
[0.204797] (aws_robomaker_small_house_world) StdoutLine: {'line': b'-- Up-to-date: /home/frankie/ros2_ws/install/aws_robomaker_small_house_world/share/aws_robomaker_small_house_world/models/aws_robomaker_residential_KitchenTable_01/materials/textures/aws_KitchenTable_01.png\n'}
[0.204854] (aws_robomaker_small_house_world) StdoutLine: {'line': b'-- Up-to-date: /home/frankie/ros2_ws/install/aws_robomaker_small_house_world/share/aws_robomaker_small_house_world/models/aws_robomaker_residential_KitchenTable_01/meshes\n'}
[0.204934] (aws_robomaker_small_house_world) StdoutLine: {'line': b'-- Up-to-date: /home/frankie/ros2_ws/install/aws_robomaker_small_house_world/share/aws_robomaker_small_house_world/models/aws_robomaker_residential_KitchenTable_01/meshes/aws_KitchenTable_01_collision.DAE\n'}
[0.204988] (aws_robomaker_small_house_world) StdoutLine: {'line': b'-- Up-to-date: /home/frankie/ros2_ws/install/aws_robomaker_small_house_world/share/aws_robomaker_small_house_world/models/aws_robomaker_residential_KitchenTable_01/meshes/aws_KitchenTable_01_visual.DAE\n'}
[0.205048] (aws_robomaker_small_house_world) StdoutLine: {'line': b'-- Up-to-date: /home/frankie/ros2_ws/install/aws_robomaker_small_house_world/share/aws_robomaker_small_house_world/models/aws_robomaker_residential_KitchenTable_01/model.config\n'}
[0.205087] (aws_robomaker_small_house_world) StdoutLine: {'line': b'-- Up-to-date: /home/frankie/ros2_ws/install/aws_robomaker_small_house_world/share/aws_robomaker_small_house_world/models/aws_robomaker_residential_KitchenTable_01/model.sdf\n'}
[0.205131] (aws_robomaker_small_house_world) StdoutLine: {'line': b'-- Up-to-date: /home/frankie/ros2_ws/install/aws_robomaker_small_house_world/share/aws_robomaker_small_house_world/models/aws_robomaker_residential_RoomCeiling_01\n'}
[0.205295] (aws_robomaker_small_house_world) StdoutLine: {'line': b'-- Up-to-date: /home/frankie/ros2_ws/install/aws_robomaker_small_house_world/share/aws_robomaker_small_house_world/models/aws_robomaker_residential_RoomCeiling_01/materials\n'}
[0.205428] (aws_robomaker_small_house_world) StdoutLine: {'line': b'-- Up-to-date: /home/frankie/ros2_ws/install/aws_robomaker_small_house_world/share/aws_robomaker_small_house_world/models/aws_robomaker_residential_RoomCeiling_01/materials/textures\n'}
[0.205555] (aws_robomaker_small_house_world) StdoutLine: {'line': b'-- Up-to-date: /home/frankie/ros2_ws/install/aws_robomaker_small_house_world/share/aws_robomaker_small_house_world/models/aws_robomaker_residential_RoomCeiling_01/materials/textures/aws_RoomCeiling_01.png\n'}
[0.205603] (aws_robomaker_small_house_world) StdoutLine: {'line': b'-- Up-to-date: /home/frankie/ros2_ws/install/aws_robomaker_small_house_world/share/aws_robomaker_small_house_world/models/aws_robomaker_residential_RoomCeiling_01/meshes\n'}
[0.205697] (aws_robomaker_small_house_world) StdoutLine: {'line': b'-- Up-to-date: /home/frankie/ros2_ws/install/aws_robomaker_small_house_world/share/aws_robomaker_small_house_world/models/aws_robomaker_residential_RoomCeiling_01/meshes/aws_RoomCeiling_01_collision.DAE\n'}
[0.205751] (aws_robomaker_small_house_world) StdoutLine: {'line': b'-- Up-to-date: /home/frankie/ros2_ws/install/aws_robomaker_small_house_world/share/aws_robomaker_small_house_world/models/aws_robomaker_residential_RoomCeiling_01/meshes/aws_RoomCeiling_01_visual.DAE\n'}
[0.205809] (aws_robomaker_small_house_world) StdoutLine: {'line': b'-- Up-to-date: /home/frankie/ros2_ws/install/aws_robomaker_small_house_world/share/aws_robomaker_small_house_world/models/aws_robomaker_residential_RoomCeiling_01/model.config\n'}
[0.205847] (aws_robomaker_small_house_world) StdoutLine: {'line': b'-- Up-to-date: /home/frankie/ros2_ws/install/aws_robomaker_small_house_world/share/aws_robomaker_small_house_world/models/aws_robomaker_residential_RoomCeiling_01/model.sdf\n'}
[0.205887] (aws_robomaker_small_house_world) StdoutLine: {'line': b'-- Up-to-date: /home/frankie/ros2_ws/install/aws_robomaker_small_house_world/share/aws_robomaker_small_house_world/models/aws_robomaker_residential_SofaB_01\n'}
[0.205943] (aws_robomaker_small_house_world) StdoutLine: {'line': b'-- Up-to-date: /home/frankie/ros2_ws/install/aws_robomaker_small_house_world/share/aws_robomaker_small_house_world/models/aws_robomaker_residential_SofaB_01/materials\n'}
[0.206003] (aws_robomaker_small_house_world) StdoutLine: {'line': b'-- Up-to-date: /home/frankie/ros2_ws/install/aws_robomaker_small_house_world/share/aws_robomaker_small_house_world/models/aws_robomaker_residential_SofaB_01/materials/textures\n'}
[0.206128] (aws_robomaker_small_house_world) StdoutLine: {'line': b'-- Up-to-date: /home/frankie/ros2_ws/install/aws_robomaker_small_house_world/share/aws_robomaker_small_house_world/models/aws_robomaker_residential_SofaB_01/materials/textures/aws_SofaB_01.png\n'}
[0.206184] (aws_robomaker_small_house_world) StdoutLine: {'line': b'-- Up-to-date: /home/frankie/ros2_ws/install/aws_robomaker_small_house_world/share/aws_robomaker_small_house_world/models/aws_robomaker_residential_SofaB_01/meshes\n'}
[0.206265] (aws_robomaker_small_house_world) StdoutLine: {'line': b'-- Up-to-date: /home/frankie/ros2_ws/install/aws_robomaker_small_house_world/share/aws_robomaker_small_house_world/models/aws_robomaker_residential_SofaB_01/meshes/aws_SofaB_01_visual.DAE\n'}
[0.206319] (aws_robomaker_small_house_world) StdoutLine: {'line': b'-- Up-to-date: /home/frankie/ros2_ws/install/aws_robomaker_small_house_world/share/aws_robomaker_small_house_world/models/aws_robomaker_residential_SofaB_01/meshes/aws_SofaB_01_collision.DAE\n'}
[0.206376] (aws_robomaker_small_house_world) StdoutLine: {'line': b'-- Up-to-date: /home/frankie/ros2_ws/install/aws_robomaker_small_house_world/share/aws_robomaker_small_house_world/models/aws_robomaker_residential_SofaB_01/model.config\n'}
[0.206418] (aws_robomaker_small_house_world) StdoutLine: {'line': b'-- Up-to-date: /home/frankie/ros2_ws/install/aws_robomaker_small_house_world/share/aws_robomaker_small_house_world/models/aws_robomaker_residential_SofaB_01/model.sdf\n'}
[0.206458] (aws_robomaker_small_house_world) StdoutLine: {'line': b'-- Up-to-date: /home/frankie/ros2_ws/install/aws_robomaker_small_house_world/share/aws_robomaker_small_house_world/models/aws_robomaker_residential_Board_01\n'}
[0.206514] (aws_robomaker_small_house_world) StdoutLine: {'line': b'-- Up-to-date: /home/frankie/ros2_ws/install/aws_robomaker_small_house_world/share/aws_robomaker_small_house_world/models/aws_robomaker_residential_Board_01/materials\n'}
[0.206575] (aws_robomaker_small_house_world) StdoutLine: {'line': b'-- Up-to-date: /home/frankie/ros2_ws/install/aws_robomaker_small_house_world/share/aws_robomaker_small_house_world/models/aws_robomaker_residential_Board_01/materials/textures\n'}
[0.206696] (aws_robomaker_small_house_world) StdoutLine: {'line': b'-- Up-to-date: /home/frankie/ros2_ws/install/aws_robomaker_small_house_world/share/aws_robomaker_small_house_world/models/aws_robomaker_residential_Board_01/materials/textures/aws_Board_01.png\n'}
[0.206751] (aws_robomaker_small_house_world) StdoutLine: {'line': b'-- Up-to-date: /home/frankie/ros2_ws/install/aws_robomaker_small_house_world/share/aws_robomaker_small_house_world/models/aws_robomaker_residential_Board_01/meshes\n'}
[0.206846] (aws_robomaker_small_house_world) StdoutLine: {'line': b'-- Up-to-date: /home/frankie/ros2_ws/install/aws_robomaker_small_house_world/share/aws_robomaker_small_house_world/models/aws_robomaker_residential_Board_01/meshes/aws_Board_01_visual.DAE\n'}
[0.206899] (aws_robomaker_small_house_world) StdoutLine: {'line': b'-- Up-to-date: /home/frankie/ros2_ws/install/aws_robomaker_small_house_world/share/aws_robomaker_small_house_world/models/aws_robomaker_residential_Board_01/meshes/aws_Board_01_collision.DAE\n'}
[0.206955] (aws_robomaker_small_house_world) StdoutLine: {'line': b'-- Up-to-date: /home/frankie/ros2_ws/install/aws_robomaker_small_house_world/share/aws_robomaker_small_house_world/models/aws_robomaker_residential_Board_01/model.config\n'}
[0.206993] (aws_robomaker_small_house_world) StdoutLine: {'line': b'-- Up-to-date: /home/frankie/ros2_ws/install/aws_robomaker_small_house_world/share/aws_robomaker_small_house_world/models/aws_robomaker_residential_Board_01/model.sdf\n'}
[0.207032] (aws_robomaker_small_house_world) StdoutLine: {'line': b'-- Up-to-date: /home/frankie/ros2_ws/install/aws_robomaker_small_house_world/share/aws_robomaker_small_house_world/models/aws_robomaker_residential_FoldingDoor_01\n'}
[0.207087] (aws_robomaker_small_house_world) StdoutLine: {'line': b'-- Up-to-date: /home/frankie/ros2_ws/install/aws_robomaker_small_house_world/share/aws_robomaker_small_house_world/models/aws_robomaker_residential_FoldingDoor_01/materials\n'}
[0.207153] (aws_robomaker_small_house_world) StdoutLine: {'line': b'-- Up-to-date: /home/frankie/ros2_ws/install/aws_robomaker_small_house_world/share/aws_robomaker_small_house_world/models/aws_robomaker_residential_FoldingDoor_01/materials/textures\n'}
[0.207281] (aws_robomaker_small_house_world) StdoutLine: {'line': b'-- Up-to-date: /home/frankie/ros2_ws/install/aws_robomaker_small_house_world/share/aws_robomaker_small_house_world/models/aws_robomaker_residential_FoldingDoor_01/materials/textures/aws_FoldingDoor_01.png\n'}
[0.207331] (aws_robomaker_small_house_world) StdoutLine: {'line': b'-- Up-to-date: /home/frankie/ros2_ws/install/aws_robomaker_small_house_world/share/aws_robomaker_small_house_world/models/aws_robomaker_residential_FoldingDoor_01/meshes\n'}
[0.207423] (aws_robomaker_small_house_world) StdoutLine: {'line': b'-- Up-to-date: /home/frankie/ros2_ws/install/aws_robomaker_small_house_world/share/aws_robomaker_small_house_world/models/aws_robomaker_residential_FoldingDoor_01/meshes/aws_FoldingDoor_01_collision.DAE\n'}
[0.207478] (aws_robomaker_small_house_world) StdoutLine: {'line': b'-- Up-to-date: /home/frankie/ros2_ws/install/aws_robomaker_small_house_world/share/aws_robomaker_small_house_world/models/aws_robomaker_residential_FoldingDoor_01/meshes/aws_FoldingDoor_01_visual.DAE\n'}
[0.207534] (aws_robomaker_small_house_world) StdoutLine: {'line': b'-- Up-to-date: /home/frankie/ros2_ws/install/aws_robomaker_small_house_world/share/aws_robomaker_small_house_world/models/aws_robomaker_residential_FoldingDoor_01/model.config\n'}
[0.207591] (aws_robomaker_small_house_world) StdoutLine: {'line': b'-- Up-to-date: /home/frankie/ros2_ws/install/aws_robomaker_small_house_world/share/aws_robomaker_small_house_world/models/aws_robomaker_residential_FoldingDoor_01/model.sdf\n'}
[0.207631] (aws_robomaker_small_house_world) StdoutLine: {'line': b'-- Up-to-date: /home/frankie/ros2_ws/install/aws_robomaker_small_house_world/share/aws_robomaker_small_house_world/models/aws_robomaker_residential_DeskPortraitC_01\n'}
[0.207686] (aws_robomaker_small_house_world) StdoutLine: {'line': b'-- Up-to-date: /home/frankie/ros2_ws/install/aws_robomaker_small_house_world/share/aws_robomaker_small_house_world/models/aws_robomaker_residential_DeskPortraitC_01/materials\n'}
[0.207740] (aws_robomaker_small_house_world) StdoutLine: {'line': b'-- Up-to-date: /home/frankie/ros2_ws/install/aws_robomaker_small_house_world/share/aws_robomaker_small_house_world/models/aws_robomaker_residential_DeskPortraitC_01/materials/textures\n'}
[0.207856] (aws_robomaker_small_house_world) StdoutLine: {'line': b'-- Up-to-date: /home/frankie/ros2_ws/install/aws_robomaker_small_house_world/share/aws_robomaker_small_house_world/models/aws_robomaker_residential_DeskPortraitC_01/materials/textures/aws_DeskPortraitC_02.png\n'}
[0.207914] (aws_robomaker_small_house_world) StdoutLine: {'line': b'-- Up-to-date: /home/frankie/ros2_ws/install/aws_robomaker_small_house_world/share/aws_robomaker_small_house_world/models/aws_robomaker_residential_DeskPortraitC_01/materials/textures/aws_DeskPortraitC_01.png\n'}
[0.207956] (aws_robomaker_small_house_world) StdoutLine: {'line': b'-- Up-to-date: /home/frankie/ros2_ws/install/aws_robomaker_small_house_world/share/aws_robomaker_small_house_world/models/aws_robomaker_residential_DeskPortraitC_01/meshes\n'}
[0.208010] (aws_robomaker_small_house_world) StdoutLine: {'line': b'-- Up-to-date: /home/frankie/ros2_ws/install/aws_robomaker_small_house_world/share/aws_robomaker_small_house_world/models/aws_robomaker_residential_DeskPortraitC_01/meshes/aws_DeskPortraitC_01_collision.DAE\n'}
[0.208075] (aws_robomaker_small_house_world) StdoutLine: {'line': b'-- Up-to-date: /home/frankie/ros2_ws/install/aws_robomaker_small_house_world/share/aws_robomaker_small_house_world/models/aws_robomaker_residential_DeskPortraitC_01/meshes/aws_DeskPortraitC_01_visual.DAE\n'}
[0.208114] (aws_robomaker_small_house_world) StdoutLine: {'line': b'-- Up-to-date: /home/frankie/ros2_ws/install/aws_robomaker_small_house_world/share/aws_robomaker_small_house_world/models/aws_robomaker_residential_DeskPortraitC_01/model.config\n'}
[0.208153] (aws_robomaker_small_house_world) StdoutLine: {'line': b'-- Up-to-date: /home/frankie/ros2_ws/install/aws_robomaker_small_house_world/share/aws_robomaker_small_house_world/models/aws_robomaker_residential_DeskPortraitC_01/model.sdf\n'}
[0.208191] (aws_robomaker_small_house_world) StdoutLine: {'line': b'-- Up-to-date: /home/frankie/ros2_ws/install/aws_robomaker_small_house_world/share/aws_robomaker_small_house_world/models/aws_robomaker_residential_TV_01\n'}
[0.208246] (aws_robomaker_small_house_world) StdoutLine: {'line': b'-- Up-to-date: /home/frankie/ros2_ws/install/aws_robomaker_small_house_world/share/aws_robomaker_small_house_world/models/aws_robomaker_residential_TV_01/materials\n'}
[0.208323] (aws_robomaker_small_house_world) StdoutLine: {'line': b'-- Up-to-date: /home/frankie/ros2_ws/install/aws_robomaker_small_house_world/share/aws_robomaker_small_house_world/models/aws_robomaker_residential_TV_01/materials/textures\n'}
[0.208449] (aws_robomaker_small_house_world) StdoutLine: {'line': b'-- Up-to-date: /home/frankie/ros2_ws/install/aws_robomaker_small_house_world/share/aws_robomaker_small_house_world/models/aws_robomaker_residential_TV_01/materials/textures/aws_TV_01.png\n'}
[0.208505] (aws_robomaker_small_house_world) StdoutLine: {'line': b'-- Up-to-date: /home/frankie/ros2_ws/install/aws_robomaker_small_house_world/share/aws_robomaker_small_house_world/models/aws_robomaker_residential_TV_01/meshes\n'}
[0.208587] (aws_robomaker_small_house_world) StdoutLine: {'line': b'-- Up-to-date: /home/frankie/ros2_ws/install/aws_robomaker_small_house_world/share/aws_robomaker_small_house_world/models/aws_robomaker_residential_TV_01/meshes/aws_TV_01_collision.DAE\n'}
[0.208640] (aws_robomaker_small_house_world) StdoutLine: {'line': b'-- Up-to-date: /home/frankie/ros2_ws/install/aws_robomaker_small_house_world/share/aws_robomaker_small_house_world/models/aws_robomaker_residential_TV_01/meshes/aws_TV_01_visual.DAE\n'}
[0.208700] (aws_robomaker_small_house_world) StdoutLine: {'line': b'-- Up-to-date: /home/frankie/ros2_ws/install/aws_robomaker_small_house_world/share/aws_robomaker_small_house_world/models/aws_robomaker_residential_TV_01/model.config\n'}
[0.208739] (aws_robomaker_small_house_world) StdoutLine: {'line': b'-- Up-to-date: /home/frankie/ros2_ws/install/aws_robomaker_small_house_world/share/aws_robomaker_small_house_world/models/aws_robomaker_residential_TV_01/model.sdf\n'}
[0.208779] (aws_robomaker_small_house_world) StdoutLine: {'line': b'-- Up-to-date: /home/frankie/ros2_ws/install/aws_robomaker_small_house_world/share/aws_robomaker_small_house_world/models/aws_robomaker_residential_Quilt_01\n'}
[0.208833] (aws_robomaker_small_house_world) StdoutLine: {'line': b'-- Up-to-date: /home/frankie/ros2_ws/install/aws_robomaker_small_house_world/share/aws_robomaker_small_house_world/models/aws_robomaker_residential_Quilt_01/materials\n'}
[0.208895] (aws_robomaker_small_house_world) StdoutLine: {'line': b'-- Up-to-date: /home/frankie/ros2_ws/install/aws_robomaker_small_house_world/share/aws_robomaker_small_house_world/models/aws_robomaker_residential_Quilt_01/materials/textures\n'}
[0.209019] (aws_robomaker_small_house_world) StdoutLine: {'line': b'-- Up-to-date: /home/frankie/ros2_ws/install/aws_robomaker_small_house_world/share/aws_robomaker_small_house_world/models/aws_robomaker_residential_Quilt_01/materials/textures/aws_Quilt_01.png\n'}
[0.209067] (aws_robomaker_small_house_world) StdoutLine: {'line': b'-- Up-to-date: /home/frankie/ros2_ws/install/aws_robomaker_small_house_world/share/aws_robomaker_small_house_world/models/aws_robomaker_residential_Quilt_01/meshes\n'}
[0.209158] (aws_robomaker_small_house_world) StdoutLine: {'line': b'-- Up-to-date: /home/frankie/ros2_ws/install/aws_robomaker_small_house_world/share/aws_robomaker_small_house_world/models/aws_robomaker_residential_Quilt_01/meshes/aws_Quilt_01_collision.DAE\n'}
[0.209222] (aws_robomaker_small_house_world) StdoutLine: {'line': b'-- Up-to-date: /home/frankie/ros2_ws/install/aws_robomaker_small_house_world/share/aws_robomaker_small_house_world/models/aws_robomaker_residential_Quilt_01/meshes/aws_Quilt_01_visual.DAE\n'}
[0.209263] (aws_robomaker_small_house_world) StdoutLine: {'line': b'-- Up-to-date: /home/frankie/ros2_ws/install/aws_robomaker_small_house_world/share/aws_robomaker_small_house_world/models/aws_robomaker_residential_Quilt_01/model.config\n'}
[0.209302] (aws_robomaker_small_house_world) StdoutLine: {'line': b'-- Up-to-date: /home/frankie/ros2_ws/install/aws_robomaker_small_house_world/share/aws_robomaker_small_house_world/models/aws_robomaker_residential_Quilt_01/model.sdf\n'}
[0.209346] (aws_robomaker_small_house_world) StdoutLine: {'line': b'-- Up-to-date: /home/frankie/ros2_ws/install/aws_robomaker_small_house_world/share/aws_robomaker_small_house_world/models/aws_robomaker_residential_CoffeeTable_01\n'}
[0.209426] (aws_robomaker_small_house_world) StdoutLine: {'line': b'-- Up-to-date: /home/frankie/ros2_ws/install/aws_robomaker_small_house_world/share/aws_robomaker_small_house_world/models/aws_robomaker_residential_CoffeeTable_01/materials\n'}
[0.209503] (aws_robomaker_small_house_world) StdoutLine: {'line': b'-- Up-to-date: /home/frankie/ros2_ws/install/aws_robomaker_small_house_world/share/aws_robomaker_small_house_world/models/aws_robomaker_residential_CoffeeTable_01/materials/textures\n'}
[0.209607] (aws_robomaker_small_house_world) StdoutLine: {'line': b'-- Up-to-date: /home/frankie/ros2_ws/install/aws_robomaker_small_house_world/share/aws_robomaker_small_house_world/models/aws_robomaker_residential_CoffeeTable_01/materials/textures/aws_CoffeeTable_01.png\n'}
[0.209679] (aws_robomaker_small_house_world) StdoutLine: {'line': b'-- Up-to-date: /home/frankie/ros2_ws/install/aws_robomaker_small_house_world/share/aws_robomaker_small_house_world/models/aws_robomaker_residential_CoffeeTable_01/meshes\n'}
[0.209742] (aws_robomaker_small_house_world) StdoutLine: {'line': b'-- Up-to-date: /home/frankie/ros2_ws/install/aws_robomaker_small_house_world/share/aws_robomaker_small_house_world/models/aws_robomaker_residential_CoffeeTable_01/meshes/aws_CoffeeTable_01_visual.DAE\n'}
[0.209810] (aws_robomaker_small_house_world) StdoutLine: {'line': b'-- Up-to-date: /home/frankie/ros2_ws/install/aws_robomaker_small_house_world/share/aws_robomaker_small_house_world/models/aws_robomaker_residential_CoffeeTable_01/meshes/aws_CoffeeTable_01_collision.DAE\n'}
[0.209886] (aws_robomaker_small_house_world) StdoutLine: {'line': b'-- Up-to-date: /home/frankie/ros2_ws/install/aws_robomaker_small_house_world/share/aws_robomaker_small_house_world/models/aws_robomaker_residential_CoffeeTable_01/model.config\n'}
[0.209952] (aws_robomaker_small_house_world) StdoutLine: {'line': b'-- Up-to-date: /home/frankie/ros2_ws/install/aws_robomaker_small_house_world/share/aws_robomaker_small_house_world/models/aws_robomaker_residential_CoffeeTable_01/model.sdf\n'}
[0.209994] (aws_robomaker_small_house_world) StdoutLine: {'line': b'-- Up-to-date: /home/frankie/ros2_ws/install/aws_robomaker_small_house_world/share/aws_robomaker_small_house_world/models/aws_robomaker_residential_RoomWall_01\n'}
[0.210036] (aws_robomaker_small_house_world) StdoutLine: {'line': b'-- Up-to-date: /home/frankie/ros2_ws/install/aws_robomaker_small_house_world/share/aws_robomaker_small_house_world/models/aws_robomaker_residential_RoomWall_01/materials\n'}
[0.210101] (aws_robomaker_small_house_world) StdoutLine: {'line': b'-- Up-to-date: /home/frankie/ros2_ws/install/aws_robomaker_small_house_world/share/aws_robomaker_small_house_world/models/aws_robomaker_residential_RoomWall_01/materials/textures\n'}
[0.210163] (aws_robomaker_small_house_world) StdoutLine: {'line': b'-- Up-to-date: /home/frankie/ros2_ws/install/aws_robomaker_small_house_world/share/aws_robomaker_small_house_world/models/aws_robomaker_residential_RoomWall_01/materials/textures/aws_RoomWall_01.png\n'}
[0.210230] (aws_robomaker_small_house_world) StdoutLine: {'line': b'-- Up-to-date: /home/frankie/ros2_ws/install/aws_robomaker_small_house_world/share/aws_robomaker_small_house_world/models/aws_robomaker_residential_RoomWall_01/meshes\n'}
[0.210307] (aws_robomaker_small_house_world) StdoutLine: {'line': b'-- Up-to-date: /home/frankie/ros2_ws/install/aws_robomaker_small_house_world/share/aws_robomaker_small_house_world/models/aws_robomaker_residential_RoomWall_01/meshes/aws_RoomWall_01_visual.DAE\n'}
[0.210374] (aws_robomaker_small_house_world) StdoutLine: {'line': b'-- Up-to-date: /home/frankie/ros2_ws/install/aws_robomaker_small_house_world/share/aws_robomaker_small_house_world/models/aws_robomaker_residential_RoomWall_01/meshes/aws_RoomWall_01_collision.DAE\n'}
[0.210446] (aws_robomaker_small_house_world) StdoutLine: {'line': b'-- Up-to-date: /home/frankie/ros2_ws/install/aws_robomaker_small_house_world/share/aws_robomaker_small_house_world/models/aws_robomaker_residential_RoomWall_01/model.config\n'}
[0.210493] (aws_robomaker_small_house_world) StdoutLine: {'line': b'-- Up-to-date: /home/frankie/ros2_ws/install/aws_robomaker_small_house_world/share/aws_robomaker_small_house_world/models/aws_robomaker_residential_RoomWall_01/model.sdf\n'}
[0.210550] (aws_robomaker_small_house_world) StdoutLine: {'line': b'-- Up-to-date: /home/frankie/ros2_ws/install/aws_robomaker_small_house_world/share/aws_robomaker_small_house_world/models/aws_robomaker_residential_DeskPortraitD_04\n'}
[0.210587] (aws_robomaker_small_house_world) StdoutLine: {'line': b'-- Up-to-date: /home/frankie/ros2_ws/install/aws_robomaker_small_house_world/share/aws_robomaker_small_house_world/models/aws_robomaker_residential_DeskPortraitD_04/materials\n'}
[0.210639] (aws_robomaker_small_house_world) StdoutLine: {'line': b'-- Up-to-date: /home/frankie/ros2_ws/install/aws_robomaker_small_house_world/share/aws_robomaker_small_house_world/models/aws_robomaker_residential_DeskPortraitD_04/materials/textures\n'}
[0.210744] (aws_robomaker_small_house_world) StdoutLine: {'line': b'-- Up-to-date: /home/frankie/ros2_ws/install/aws_robomaker_small_house_world/share/aws_robomaker_small_house_world/models/aws_robomaker_residential_DeskPortraitD_04/materials/textures/aws_DeskPortraitD_02.png\n'}
[0.210822] (aws_robomaker_small_house_world) StdoutLine: {'line': b'-- Up-to-date: /home/frankie/ros2_ws/install/aws_robomaker_small_house_world/share/aws_robomaker_small_house_world/models/aws_robomaker_residential_DeskPortraitD_04/materials/textures/aws_DeskPortraitD_01.png\n'}
[0.210863] (aws_robomaker_small_house_world) StdoutLine: {'line': b'-- Up-to-date: /home/frankie/ros2_ws/install/aws_robomaker_small_house_world/share/aws_robomaker_small_house_world/models/aws_robomaker_residential_DeskPortraitD_04/meshes\n'}
[0.210929] (aws_robomaker_small_house_world) StdoutLine: {'line': b'-- Up-to-date: /home/frankie/ros2_ws/install/aws_robomaker_small_house_world/share/aws_robomaker_small_house_world/models/aws_robomaker_residential_DeskPortraitD_04/meshes/aws_DeskPortraitD_01_collision.DAE\n'}
[0.211015] (aws_robomaker_small_house_world) StdoutLine: {'line': b'-- Up-to-date: /home/frankie/ros2_ws/install/aws_robomaker_small_house_world/share/aws_robomaker_small_house_world/models/aws_robomaker_residential_DeskPortraitD_04/meshes/aws_DeskPortraitD_01_visual.DAE\n'}
[0.211062] (aws_robomaker_small_house_world) StdoutLine: {'line': b'-- Up-to-date: /home/frankie/ros2_ws/install/aws_robomaker_small_house_world/share/aws_robomaker_small_house_world/models/aws_robomaker_residential_DeskPortraitD_04/model.config\n'}
[0.211114] (aws_robomaker_small_house_world) StdoutLine: {'line': b'-- Up-to-date: /home/frankie/ros2_ws/install/aws_robomaker_small_house_world/share/aws_robomaker_small_house_world/models/aws_robomaker_residential_DeskPortraitD_04/model.sdf\n'}
[0.211165] (aws_robomaker_small_house_world) StdoutLine: {'line': b'-- Up-to-date: /home/frankie/ros2_ws/install/aws_robomaker_small_house_world/share/aws_robomaker_small_house_world/models/aws_robomaker_residential_SecurityCamera_01\n'}
[0.211238] (aws_robomaker_small_house_world) StdoutLine: {'line': b'-- Up-to-date: /home/frankie/ros2_ws/install/aws_robomaker_small_house_world/share/aws_robomaker_small_house_world/models/aws_robomaker_residential_SecurityCamera_01/materials\n'}
[0.211284] (aws_robomaker_small_house_world) StdoutLine: {'line': b'-- Up-to-date: /home/frankie/ros2_ws/install/aws_robomaker_small_house_world/share/aws_robomaker_small_house_world/models/aws_robomaker_residential_SecurityCamera_01/materials/textures\n'}
[0.211349] (aws_robomaker_small_house_world) StdoutLine: {'line': b'-- Up-to-date: /home/frankie/ros2_ws/install/aws_robomaker_small_house_world/share/aws_robomaker_small_house_world/models/aws_robomaker_residential_SecurityCamera_01/materials/textures/aws_SecurityCamera_01.png\n'}
[0.211424] (aws_robomaker_small_house_world) StdoutLine: {'line': b'-- Up-to-date: /home/frankie/ros2_ws/install/aws_robomaker_small_house_world/share/aws_robomaker_small_house_world/models/aws_robomaker_residential_SecurityCamera_01/meshes\n'}
[0.211490] (aws_robomaker_small_house_world) StdoutLine: {'line': b'-- Up-to-date: /home/frankie/ros2_ws/install/aws_robomaker_small_house_world/share/aws_robomaker_small_house_world/models/aws_robomaker_residential_SecurityCamera_01/meshes/aws_SecurityCamera_01_visual.DAE\n'}
[0.211556] (aws_robomaker_small_house_world) StdoutLine: {'line': b'-- Up-to-date: /home/frankie/ros2_ws/install/aws_robomaker_small_house_world/share/aws_robomaker_small_house_world/models/aws_robomaker_residential_SecurityCamera_01/meshes/aws_SecurityCamera_01_collision.DAE\n'}
[0.211636] (aws_robomaker_small_house_world) StdoutLine: {'line': b'-- Up-to-date: /home/frankie/ros2_ws/install/aws_robomaker_small_house_world/share/aws_robomaker_small_house_world/models/aws_robomaker_residential_SecurityCamera_01/model.config\n'}
[0.211681] (aws_robomaker_small_house_world) StdoutLine: {'line': b'-- Up-to-date: /home/frankie/ros2_ws/install/aws_robomaker_small_house_world/share/aws_robomaker_small_house_world/models/aws_robomaker_residential_SecurityCamera_01/model.sdf\n'}
[0.211723] (aws_robomaker_small_house_world) StdoutLine: {'line': b'-- Up-to-date: /home/frankie/ros2_ws/install/aws_robomaker_small_house_world/share/aws_robomaker_small_house_world/models/aws_robomaker_residential_AirconditionerA_01\n'}
[0.211773] (aws_robomaker_small_house_world) StdoutLine: {'line': b'-- Up-to-date: /home/frankie/ros2_ws/install/aws_robomaker_small_house_world/share/aws_robomaker_small_house_world/models/aws_robomaker_residential_AirconditionerA_01/materials\n'}
[0.211834] (aws_robomaker_small_house_world) StdoutLine: {'line': b'-- Up-to-date: /home/frankie/ros2_ws/install/aws_robomaker_small_house_world/share/aws_robomaker_small_house_world/models/aws_robomaker_residential_AirconditionerA_01/materials/textures\n'}
[0.211932] (aws_robomaker_small_house_world) StdoutLine: {'line': b'-- Up-to-date: /home/frankie/ros2_ws/install/aws_robomaker_small_house_world/share/aws_robomaker_small_house_world/models/aws_robomaker_residential_AirconditionerA_01/materials/textures/aws_AirconditionerA_01.png\n'}
[0.212038] (aws_robomaker_small_house_world) StdoutLine: {'line': b'-- Up-to-date: /home/frankie/ros2_ws/install/aws_robomaker_small_house_world/share/aws_robomaker_small_house_world/models/aws_robomaker_residential_AirconditionerA_01/meshes\n'}
[0.212129] (aws_robomaker_small_house_world) StdoutLine: {'line': b'-- Up-to-date: /home/frankie/ros2_ws/install/aws_robomaker_small_house_world/share/aws_robomaker_small_house_world/models/aws_robomaker_residential_AirconditionerA_01/meshes/aws_AirconditionerA_01_visual.DAE\n'}
[0.212190] (aws_robomaker_small_house_world) StdoutLine: {'line': b'-- Up-to-date: /home/frankie/ros2_ws/install/aws_robomaker_small_house_world/share/aws_robomaker_small_house_world/models/aws_robomaker_residential_AirconditionerA_01/meshes/aws__Air conditioner_01.DAE\n'}
[0.212257] (aws_robomaker_small_house_world) StdoutLine: {'line': b'-- Up-to-date: /home/frankie/ros2_ws/install/aws_robomaker_small_house_world/share/aws_robomaker_small_house_world/models/aws_robomaker_residential_AirconditionerA_01/meshes/aws_AirconditionerA_01_collision.DAE\n'}
[0.212299] (aws_robomaker_small_house_world) StdoutLine: {'line': b'-- Up-to-date: /home/frankie/ros2_ws/install/aws_robomaker_small_house_world/share/aws_robomaker_small_house_world/models/aws_robomaker_residential_AirconditionerA_01/model.config\n'}
[0.212338] (aws_robomaker_small_house_world) StdoutLine: {'line': b'-- Up-to-date: /home/frankie/ros2_ws/install/aws_robomaker_small_house_world/share/aws_robomaker_small_house_world/models/aws_robomaker_residential_AirconditionerA_01/model.sdf\n'}
[0.212376] (aws_robomaker_small_house_world) StdoutLine: {'line': b'-- Up-to-date: /home/frankie/ros2_ws/install/aws_robomaker_small_house_world/share/aws_robomaker_small_house_world/models/box_bot\n'}
[0.212442] (aws_robomaker_small_house_world) StdoutLine: {'line': b'-- Up-to-date: /home/frankie/ros2_ws/install/aws_robomaker_small_house_world/share/aws_robomaker_small_house_world/models/box_bot/urdf\n'}
[0.212480] (aws_robomaker_small_house_world) StdoutLine: {'line': b'-- Up-to-date: /home/frankie/ros2_ws/install/aws_robomaker_small_house_world/share/aws_robomaker_small_house_world/models/box_bot/urdf/box_bot_description.urdf\n'}
[0.212522] (aws_robomaker_small_house_world) StdoutLine: {'line': b'-- Up-to-date: /home/frankie/ros2_ws/install/aws_robomaker_small_house_world/share/aws_robomaker_small_house_world/models/aws_robomaker_residential_Refrigerator_01\n'}
[0.212569] (aws_robomaker_small_house_world) StdoutLine: {'line': b'-- Up-to-date: /home/frankie/ros2_ws/install/aws_robomaker_small_house_world/share/aws_robomaker_small_house_world/models/aws_robomaker_residential_Refrigerator_01/materials\n'}
[0.212683] (aws_robomaker_small_house_world) StdoutLine: {'line': b'-- Up-to-date: /home/frankie/ros2_ws/install/aws_robomaker_small_house_world/share/aws_robomaker_small_house_world/models/aws_robomaker_residential_Refrigerator_01/materials/textures\n'}
[0.212812] (aws_robomaker_small_house_world) StdoutLine: {'line': b'-- Up-to-date: /home/frankie/ros2_ws/install/aws_robomaker_small_house_world/share/aws_robomaker_small_house_world/models/aws_robomaker_residential_Refrigerator_01/materials/textures/aws_Refrigerator_02.png\n'}
[0.212870] (aws_robomaker_small_house_world) StdoutLine: {'line': b'-- Up-to-date: /home/frankie/ros2_ws/install/aws_robomaker_small_house_world/share/aws_robomaker_small_house_world/models/aws_robomaker_residential_Refrigerator_01/materials/textures/aws_Refrigerator_01.png\n'}
[0.212909] (aws_robomaker_small_house_world) StdoutLine: {'line': b'-- Up-to-date: /home/frankie/ros2_ws/install/aws_robomaker_small_house_world/share/aws_robomaker_small_house_world/models/aws_robomaker_residential_Refrigerator_01/meshes\n'}
[0.212966] (aws_robomaker_small_house_world) StdoutLine: {'line': b'-- Up-to-date: /home/frankie/ros2_ws/install/aws_robomaker_small_house_world/share/aws_robomaker_small_house_world/models/aws_robomaker_residential_Refrigerator_01/meshes/aws_Refrigerator_01_visual.DAE\n'}
[0.213020] (aws_robomaker_small_house_world) StdoutLine: {'line': b'-- Up-to-date: /home/frankie/ros2_ws/install/aws_robomaker_small_house_world/share/aws_robomaker_small_house_world/models/aws_robomaker_residential_Refrigerator_01/meshes/aws_Refrigerator_01.DAE\n'}
[0.213083] (aws_robomaker_small_house_world) StdoutLine: {'line': b'-- Up-to-date: /home/frankie/ros2_ws/install/aws_robomaker_small_house_world/share/aws_robomaker_small_house_world/models/aws_robomaker_residential_Refrigerator_01/meshes/aws_Refrigerator_01_collision.DAE\n'}
[0.213120] (aws_robomaker_small_house_world) StdoutLine: {'line': b'-- Up-to-date: /home/frankie/ros2_ws/install/aws_robomaker_small_house_world/share/aws_robomaker_small_house_world/models/aws_robomaker_residential_Refrigerator_01/model.config\n'}
[0.213156] (aws_robomaker_small_house_world) StdoutLine: {'line': b'-- Up-to-date: /home/frankie/ros2_ws/install/aws_robomaker_small_house_world/share/aws_robomaker_small_house_world/models/aws_robomaker_residential_Refrigerator_01/model.sdf\n'}
[0.213207] (aws_robomaker_small_house_world) StdoutLine: {'line': b'-- Up-to-date: /home/frankie/ros2_ws/install/aws_robomaker_small_house_world/share/aws_robomaker_small_house_world/models/aws_robomaker_residential_AirconditionerB_01\n'}
[0.213244] (aws_robomaker_small_house_world) StdoutLine: {'line': b'-- Up-to-date: /home/frankie/ros2_ws/install/aws_robomaker_small_house_world/share/aws_robomaker_small_house_world/models/aws_robomaker_residential_AirconditionerB_01/materials\n'}
[0.213292] (aws_robomaker_small_house_world) StdoutLine: {'line': b'-- Up-to-date: /home/frankie/ros2_ws/install/aws_robomaker_small_house_world/share/aws_robomaker_small_house_world/models/aws_robomaker_residential_AirconditionerB_01/materials/textures\n'}
[0.213414] (aws_robomaker_small_house_world) StdoutLine: {'line': b'-- Up-to-date: /home/frankie/ros2_ws/install/aws_robomaker_small_house_world/share/aws_robomaker_small_house_world/models/aws_robomaker_residential_AirconditionerB_01/materials/textures/aws_AirconditionerB_01.png\n'}
[0.213466] (aws_robomaker_small_house_world) StdoutLine: {'line': b'-- Up-to-date: /home/frankie/ros2_ws/install/aws_robomaker_small_house_world/share/aws_robomaker_small_house_world/models/aws_robomaker_residential_AirconditionerB_01/meshes\n'}
[0.213552] (aws_robomaker_small_house_world) StdoutLine: {'line': b'-- Up-to-date: /home/frankie/ros2_ws/install/aws_robomaker_small_house_world/share/aws_robomaker_small_house_world/models/aws_robomaker_residential_AirconditionerB_01/meshes/aws_AirconditionerB_01_visual.DAE\n'}
[0.213606] (aws_robomaker_small_house_world) StdoutLine: {'line': b'-- Up-to-date: /home/frankie/ros2_ws/install/aws_robomaker_small_house_world/share/aws_robomaker_small_house_world/models/aws_robomaker_residential_AirconditionerB_01/meshes/aws_AirconditionerB_01_collision.DAE\n'}
[0.213666] (aws_robomaker_small_house_world) StdoutLine: {'line': b'-- Up-to-date: /home/frankie/ros2_ws/install/aws_robomaker_small_house_world/share/aws_robomaker_small_house_world/models/aws_robomaker_residential_AirconditionerB_01/model.config\n'}
[0.213704] (aws_robomaker_small_house_world) StdoutLine: {'line': b'-- Up-to-date: /home/frankie/ros2_ws/install/aws_robomaker_small_house_world/share/aws_robomaker_small_house_world/models/aws_robomaker_residential_AirconditionerB_01/model.sdf\n'}
[0.213742] (aws_robomaker_small_house_world) StdoutLine: {'line': b'-- Up-to-date: /home/frankie/ros2_ws/install/aws_robomaker_small_house_world/share/aws_robomaker_small_house_world/models/aws_robomaker_residential_ChairD_01\n'}
[0.213793] (aws_robomaker_small_house_world) StdoutLine: {'line': b'-- Up-to-date: /home/frankie/ros2_ws/install/aws_robomaker_small_house_world/share/aws_robomaker_small_house_world/models/aws_robomaker_residential_ChairD_01/materials\n'}
[0.213856] (aws_robomaker_small_house_world) StdoutLine: {'line': b'-- Up-to-date: /home/frankie/ros2_ws/install/aws_robomaker_small_house_world/share/aws_robomaker_small_house_world/models/aws_robomaker_residential_ChairD_01/materials/textures\n'}
[0.213980] (aws_robomaker_small_house_world) StdoutLine: {'line': b'-- Up-to-date: /home/frankie/ros2_ws/install/aws_robomaker_small_house_world/share/aws_robomaker_small_house_world/models/aws_robomaker_residential_ChairD_01/materials/textures/aws_ChairD_01.png\n'}
[0.214033] (aws_robomaker_small_house_world) StdoutLine: {'line': b'-- Up-to-date: /home/frankie/ros2_ws/install/aws_robomaker_small_house_world/share/aws_robomaker_small_house_world/models/aws_robomaker_residential_ChairD_01/meshes\n'}
[0.214115] (aws_robomaker_small_house_world) StdoutLine: {'line': b'-- Up-to-date: /home/frankie/ros2_ws/install/aws_robomaker_small_house_world/share/aws_robomaker_small_house_world/models/aws_robomaker_residential_ChairD_01/meshes/aws_ChairD_01_visual.DAE\n'}
[0.214165] (aws_robomaker_small_house_world) StdoutLine: {'line': b'-- Up-to-date: /home/frankie/ros2_ws/install/aws_robomaker_small_house_world/share/aws_robomaker_small_house_world/models/aws_robomaker_residential_ChairD_01/meshes/aws_ChairD_01_collision.DAE\n'}
[0.214227] (aws_robomaker_small_house_world) StdoutLine: {'line': b'-- Up-to-date: /home/frankie/ros2_ws/install/aws_robomaker_small_house_world/share/aws_robomaker_small_house_world/models/aws_robomaker_residential_ChairD_01/model.config\n'}
[0.214266] (aws_robomaker_small_house_world) StdoutLine: {'line': b'-- Up-to-date: /home/frankie/ros2_ws/install/aws_robomaker_small_house_world/share/aws_robomaker_small_house_world/models/aws_robomaker_residential_ChairD_01/model.sdf\n'}
[0.214303] (aws_robomaker_small_house_world) StdoutLine: {'line': b'-- Up-to-date: /home/frankie/ros2_ws/install/aws_robomaker_small_house_world/share/aws_robomaker_small_house_world/models/aws_robomaker_residential_PortraitD_02\n'}
[0.214354] (aws_robomaker_small_house_world) StdoutLine: {'line': b'-- Up-to-date: /home/frankie/ros2_ws/install/aws_robomaker_small_house_world/share/aws_robomaker_small_house_world/models/aws_robomaker_residential_PortraitD_02/materials\n'}
[0.214425] (aws_robomaker_small_house_world) StdoutLine: {'line': b'-- Up-to-date: /home/frankie/ros2_ws/install/aws_robomaker_small_house_world/share/aws_robomaker_small_house_world/models/aws_robomaker_residential_PortraitD_02/materials/textures\n'}
[0.214553] (aws_robomaker_small_house_world) StdoutLine: {'line': b'-- Up-to-date: /home/frankie/ros2_ws/install/aws_robomaker_small_house_world/share/aws_robomaker_small_house_world/models/aws_robomaker_residential_PortraitD_02/materials/textures/aws_PortraitD_01.png\n'}
[0.214609] (aws_robomaker_small_house_world) StdoutLine: {'line': b'-- Up-to-date: /home/frankie/ros2_ws/install/aws_robomaker_small_house_world/share/aws_robomaker_small_house_world/models/aws_robomaker_residential_PortraitD_02/materials/textures/aws_PortraitD_02.png\n'}
[0.214646] (aws_robomaker_small_house_world) StdoutLine: {'line': b'-- Up-to-date: /home/frankie/ros2_ws/install/aws_robomaker_small_house_world/share/aws_robomaker_small_house_world/models/aws_robomaker_residential_PortraitD_02/meshes\n'}
[0.214705] (aws_robomaker_small_house_world) StdoutLine: {'line': b'-- Up-to-date: /home/frankie/ros2_ws/install/aws_robomaker_small_house_world/share/aws_robomaker_small_house_world/models/aws_robomaker_residential_PortraitD_02/meshes/aws_PortraitD_01_visual.DAE\n'}
[0.214753] (aws_robomaker_small_house_world) StdoutLine: {'line': b'-- Up-to-date: /home/frankie/ros2_ws/install/aws_robomaker_small_house_world/share/aws_robomaker_small_house_world/models/aws_robomaker_residential_PortraitD_02/meshes/aws_PortraitD_01_collision.DAE\n'}
[0.214806] (aws_robomaker_small_house_world) StdoutLine: {'line': b'-- Up-to-date: /home/frankie/ros2_ws/install/aws_robomaker_small_house_world/share/aws_robomaker_small_house_world/models/aws_robomaker_residential_PortraitD_02/model.config\n'}
[0.214862] (aws_robomaker_small_house_world) StdoutLine: {'line': b'-- Up-to-date: /home/frankie/ros2_ws/install/aws_robomaker_small_house_world/share/aws_robomaker_small_house_world/models/aws_robomaker_residential_PortraitD_02/model.sdf\n'}
[0.214903] (aws_robomaker_small_house_world) StdoutLine: {'line': b'-- Up-to-date: /home/frankie/ros2_ws/install/aws_robomaker_small_house_world/share/aws_robomaker_small_house_world/models/aws_robomaker_residential_DeskPortraitB_01\n'}
[0.214954] (aws_robomaker_small_house_world) StdoutLine: {'line': b'-- Up-to-date: /home/frankie/ros2_ws/install/aws_robomaker_small_house_world/share/aws_robomaker_small_house_world/models/aws_robomaker_residential_DeskPortraitB_01/materials\n'}
[0.215006] (aws_robomaker_small_house_world) StdoutLine: {'line': b'-- Up-to-date: /home/frankie/ros2_ws/install/aws_robomaker_small_house_world/share/aws_robomaker_small_house_world/models/aws_robomaker_residential_DeskPortraitB_01/materials/textures\n'}
[0.215130] (aws_robomaker_small_house_world) StdoutLine: {'line': b'-- Up-to-date: /home/frankie/ros2_ws/install/aws_robomaker_small_house_world/share/aws_robomaker_small_house_world/models/aws_robomaker_residential_DeskPortraitB_01/materials/textures/aws_DeskPortraitB_01.png\n'}
[0.215189] (aws_robomaker_small_house_world) StdoutLine: {'line': b'-- Up-to-date: /home/frankie/ros2_ws/install/aws_robomaker_small_house_world/share/aws_robomaker_small_house_world/models/aws_robomaker_residential_DeskPortraitB_01/materials/textures/aws_DeskPortraitB_02.png\n'}
[0.215231] (aws_robomaker_small_house_world) StdoutLine: {'line': b'-- Up-to-date: /home/frankie/ros2_ws/install/aws_robomaker_small_house_world/share/aws_robomaker_small_house_world/models/aws_robomaker_residential_DeskPortraitB_01/meshes\n'}
[0.215302] (aws_robomaker_small_house_world) StdoutLine: {'line': b'-- Up-to-date: /home/frankie/ros2_ws/install/aws_robomaker_small_house_world/share/aws_robomaker_small_house_world/models/aws_robomaker_residential_DeskPortraitB_01/meshes/aws_DeskPortraitB_01_visual.DAE\n'}
[0.215356] (aws_robomaker_small_house_world) StdoutLine: {'line': b'-- Up-to-date: /home/frankie/ros2_ws/install/aws_robomaker_small_house_world/share/aws_robomaker_small_house_world/models/aws_robomaker_residential_DeskPortraitB_01/meshes/aws_DeskPortraitB_01_collision.DAE\n'}
[0.215553] (aws_robomaker_small_house_world) StdoutLine: {'line': b'-- Up-to-date: /home/frankie/ros2_ws/install/aws_robomaker_small_house_world/share/aws_robomaker_small_house_world/models/aws_robomaker_residential_DeskPortraitB_01/model.config\n'}
[0.215601] (aws_robomaker_small_house_world) StdoutLine: {'line': b'-- Up-to-date: /home/frankie/ros2_ws/install/aws_robomaker_small_house_world/share/aws_robomaker_small_house_world/models/aws_robomaker_residential_DeskPortraitB_01/model.sdf\n'}
[0.215648] (aws_robomaker_small_house_world) StdoutLine: {'line': b'-- Up-to-date: /home/frankie/ros2_ws/install/aws_robomaker_small_house_world/share/aws_robomaker_small_house_world/models/aws_robomaker_residential_PortraitB_01\n'}
[0.215684] (aws_robomaker_small_house_world) StdoutLine: {'line': b'-- Up-to-date: /home/frankie/ros2_ws/install/aws_robomaker_small_house_world/share/aws_robomaker_small_house_world/models/aws_robomaker_residential_PortraitB_01/materials\n'}
[0.215720] (aws_robomaker_small_house_world) StdoutLine: {'line': b'-- Up-to-date: /home/frankie/ros2_ws/install/aws_robomaker_small_house_world/share/aws_robomaker_small_house_world/models/aws_robomaker_residential_PortraitB_01/materials/textures\n'}
[0.215767] (aws_robomaker_small_house_world) StdoutLine: {'line': b'-- Up-to-date: /home/frankie/ros2_ws/install/aws_robomaker_small_house_world/share/aws_robomaker_small_house_world/models/aws_robomaker_residential_PortraitB_01/materials/textures/aws_PortraitB_02.png\n'}
[0.215826] (aws_robomaker_small_house_world) StdoutLine: {'line': b'-- Up-to-date: /home/frankie/ros2_ws/install/aws_robomaker_small_house_world/share/aws_robomaker_small_house_world/models/aws_robomaker_residential_PortraitB_01/materials/textures/aws_PortraitB_01.png\n'}
[0.215864] (aws_robomaker_small_house_world) StdoutLine: {'line': b'-- Up-to-date: /home/frankie/ros2_ws/install/aws_robomaker_small_house_world/share/aws_robomaker_small_house_world/models/aws_robomaker_residential_PortraitB_01/meshes\n'}
[0.215913] (aws_robomaker_small_house_world) StdoutLine: {'line': b'-- Up-to-date: /home/frankie/ros2_ws/install/aws_robomaker_small_house_world/share/aws_robomaker_small_house_world/models/aws_robomaker_residential_PortraitB_01/meshes/aws_PortraitB_01_collision.DAE\n'}
[0.215974] (aws_robomaker_small_house_world) StdoutLine: {'line': b'-- Up-to-date: /home/frankie/ros2_ws/install/aws_robomaker_small_house_world/share/aws_robomaker_small_house_world/models/aws_robomaker_residential_PortraitB_01/meshes/aws_PortraitB_01_visual.DAE\n'}
[0.216016] (aws_robomaker_small_house_world) StdoutLine: {'line': b'-- Up-to-date: /home/frankie/ros2_ws/install/aws_robomaker_small_house_world/share/aws_robomaker_small_house_world/models/aws_robomaker_residential_PortraitB_01/model.config\n'}
[0.216055] (aws_robomaker_small_house_world) StdoutLine: {'line': b'-- Up-to-date: /home/frankie/ros2_ws/install/aws_robomaker_small_house_world/share/aws_robomaker_small_house_world/models/aws_robomaker_residential_PortraitB_01/model.sdf\n'}
[0.216112] (aws_robomaker_small_house_world) StdoutLine: {'line': b'-- Up-to-date: /home/frankie/ros2_ws/install/aws_robomaker_small_house_world/share/aws_robomaker_small_house_world/models/aws_robomaker_residential_Pillow_01\n'}
[0.216150] (aws_robomaker_small_house_world) StdoutLine: {'line': b'-- Up-to-date: /home/frankie/ros2_ws/install/aws_robomaker_small_house_world/share/aws_robomaker_small_house_world/models/aws_robomaker_residential_Pillow_01/materials\n'}
[0.216211] (aws_robomaker_small_house_world) StdoutLine: {'line': b'-- Up-to-date: /home/frankie/ros2_ws/install/aws_robomaker_small_house_world/share/aws_robomaker_small_house_world/models/aws_robomaker_residential_Pillow_01/materials/textures\n'}
[0.216335] (aws_robomaker_small_house_world) StdoutLine: {'line': b'-- Up-to-date: /home/frankie/ros2_ws/install/aws_robomaker_small_house_world/share/aws_robomaker_small_house_world/models/aws_robomaker_residential_Pillow_01/materials/textures/aws_Pillow_01.png\n'}
[0.216390] (aws_robomaker_small_house_world) StdoutLine: {'line': b'-- Up-to-date: /home/frankie/ros2_ws/install/aws_robomaker_small_house_world/share/aws_robomaker_small_house_world/models/aws_robomaker_residential_Pillow_01/meshes\n'}
[0.216475] (aws_robomaker_small_house_world) StdoutLine: {'line': b'-- Up-to-date: /home/frankie/ros2_ws/install/aws_robomaker_small_house_world/share/aws_robomaker_small_house_world/models/aws_robomaker_residential_Pillow_01/meshes/aws_Pillow_01_collision.DAE\n'}
[0.216540] (aws_robomaker_small_house_world) StdoutLine: {'line': b'-- Up-to-date: /home/frankie/ros2_ws/install/aws_robomaker_small_house_world/share/aws_robomaker_small_house_world/models/aws_robomaker_residential_Pillow_01/meshes/aws_Pillow_01_visual.DAE\n'}
[0.216578] (aws_robomaker_small_house_world) StdoutLine: {'line': b'-- Up-to-date: /home/frankie/ros2_ws/install/aws_robomaker_small_house_world/share/aws_robomaker_small_house_world/models/aws_robomaker_residential_Pillow_01/model.config\n'}
[0.216614] (aws_robomaker_small_house_world) StdoutLine: {'line': b'-- Up-to-date: /home/frankie/ros2_ws/install/aws_robomaker_small_house_world/share/aws_robomaker_small_house_world/models/aws_robomaker_residential_Pillow_01/model.sdf\n'}
[0.216650] (aws_robomaker_small_house_world) StdoutLine: {'line': b'-- Up-to-date: /home/frankie/ros2_ws/install/aws_robomaker_small_house_world/share/aws_robomaker_small_house_world/models/aws_robomaker_residential_PortraitC_01\n'}
[0.216702] (aws_robomaker_small_house_world) StdoutLine: {'line': b'-- Up-to-date: /home/frankie/ros2_ws/install/aws_robomaker_small_house_world/share/aws_robomaker_small_house_world/models/aws_robomaker_residential_PortraitC_01/materials\n'}
[0.216775] (aws_robomaker_small_house_world) StdoutLine: {'line': b'-- Up-to-date: /home/frankie/ros2_ws/install/aws_robomaker_small_house_world/share/aws_robomaker_small_house_world/models/aws_robomaker_residential_PortraitC_01/materials/textures\n'}
[0.216899] (aws_robomaker_small_house_world) StdoutLine: {'line': b'-- Up-to-date: /home/frankie/ros2_ws/install/aws_robomaker_small_house_world/share/aws_robomaker_small_house_world/models/aws_robomaker_residential_PortraitC_01/materials/textures/aws_PortraitC_01.png\n'}
[0.216948] (aws_robomaker_small_house_world) StdoutLine: {'line': b'-- Up-to-date: /home/frankie/ros2_ws/install/aws_robomaker_small_house_world/share/aws_robomaker_small_house_world/models/aws_robomaker_residential_PortraitC_01/materials/textures/aws_PortraitC_02.png\n'}
[0.217001] (aws_robomaker_small_house_world) StdoutLine: {'line': b'-- Up-to-date: /home/frankie/ros2_ws/install/aws_robomaker_small_house_world/share/aws_robomaker_small_house_world/models/aws_robomaker_residential_PortraitC_01/meshes\n'}
[0.217051] (aws_robomaker_small_house_world) StdoutLine: {'line': b'-- Up-to-date: /home/frankie/ros2_ws/install/aws_robomaker_small_house_world/share/aws_robomaker_small_house_world/models/aws_robomaker_residential_PortraitC_01/meshes/aws_PortraitC_01_collision.DAE\n'}
[0.217105] (aws_robomaker_small_house_world) StdoutLine: {'line': b'-- Up-to-date: /home/frankie/ros2_ws/install/aws_robomaker_small_house_world/share/aws_robomaker_small_house_world/models/aws_robomaker_residential_PortraitC_01/meshes/aws_PortraitC_01_visual.DAE\n'}
[0.217165] (aws_robomaker_small_house_world) StdoutLine: {'line': b'-- Up-to-date: /home/frankie/ros2_ws/install/aws_robomaker_small_house_world/share/aws_robomaker_small_house_world/models/aws_robomaker_residential_PortraitC_01/model.config\n'}
[0.217203] (aws_robomaker_small_house_world) StdoutLine: {'line': b'-- Up-to-date: /home/frankie/ros2_ws/install/aws_robomaker_small_house_world/share/aws_robomaker_small_house_world/models/aws_robomaker_residential_PortraitC_01/model.sdf\n'}
[0.217253] (aws_robomaker_small_house_world) StdoutLine: {'line': b'-- Up-to-date: /home/frankie/ros2_ws/install/aws_robomaker_small_house_world/share/aws_robomaker_small_house_world/models/aws_robomaker_residential_ShoeRack_01\n'}
[0.217289] (aws_robomaker_small_house_world) StdoutLine: {'line': b'-- Up-to-date: /home/frankie/ros2_ws/install/aws_robomaker_small_house_world/share/aws_robomaker_small_house_world/models/aws_robomaker_residential_ShoeRack_01/materials\n'}
[0.217348] (aws_robomaker_small_house_world) StdoutLine: {'line': b'-- Up-to-date: /home/frankie/ros2_ws/install/aws_robomaker_small_house_world/share/aws_robomaker_small_house_world/models/aws_robomaker_residential_ShoeRack_01/materials/textures\n'}
[0.217478] (aws_robomaker_small_house_world) StdoutLine: {'line': b'-- Up-to-date: /home/frankie/ros2_ws/install/aws_robomaker_small_house_world/share/aws_robomaker_small_house_world/models/aws_robomaker_residential_ShoeRack_01/materials/textures/aws_ShoeRack_01.png\n'}
[0.217531] (aws_robomaker_small_house_world) StdoutLine: {'line': b'-- Up-to-date: /home/frankie/ros2_ws/install/aws_robomaker_small_house_world/share/aws_robomaker_small_house_world/models/aws_robomaker_residential_ShoeRack_01/meshes\n'}
[0.217628] (aws_robomaker_small_house_world) StdoutLine: {'line': b'-- Up-to-date: /home/frankie/ros2_ws/install/aws_robomaker_small_house_world/share/aws_robomaker_small_house_world/models/aws_robomaker_residential_ShoeRack_01/meshes/aws_ShoeRack_01_visual.DAE\n'}
[0.217676] (aws_robomaker_small_house_world) StdoutLine: {'line': b'-- Up-to-date: /home/frankie/ros2_ws/install/aws_robomaker_small_house_world/share/aws_robomaker_small_house_world/models/aws_robomaker_residential_ShoeRack_01/meshes/aws_ShoeRack_01_collision.DAE\n'}
[0.217729] (aws_robomaker_small_house_world) StdoutLine: {'line': b'-- Up-to-date: /home/frankie/ros2_ws/install/aws_robomaker_small_house_world/share/aws_robomaker_small_house_world/models/aws_robomaker_residential_ShoeRack_01/model.config\n'}
[0.217787] (aws_robomaker_small_house_world) StdoutLine: {'line': b'-- Up-to-date: /home/frankie/ros2_ws/install/aws_robomaker_small_house_world/share/aws_robomaker_small_house_world/models/aws_robomaker_residential_ShoeRack_01/model.sdf\n'}
[0.217837] (aws_robomaker_small_house_world) StdoutLine: {'line': b'-- Up-to-date: /home/frankie/ros2_ws/install/aws_robomaker_small_house_world/share/aws_robomaker_small_house_world/models/aws_robomaker_residential_PortraitE_01\n'}
[0.217875] (aws_robomaker_small_house_world) StdoutLine: {'line': b'-- Up-to-date: /home/frankie/ros2_ws/install/aws_robomaker_small_house_world/share/aws_robomaker_small_house_world/models/aws_robomaker_residential_PortraitE_01/materials\n'}
[0.217926] (aws_robomaker_small_house_world) StdoutLine: {'line': b'-- Up-to-date: /home/frankie/ros2_ws/install/aws_robomaker_small_house_world/share/aws_robomaker_small_house_world/models/aws_robomaker_residential_PortraitE_01/materials/textures\n'}
[0.218048] (aws_robomaker_small_house_world) StdoutLine: {'line': b'-- Up-to-date: /home/frankie/ros2_ws/install/aws_robomaker_small_house_world/share/aws_robomaker_small_house_world/models/aws_robomaker_residential_PortraitE_01/materials/textures/aws_PortraitE_01.png\n'}
[0.218106] (aws_robomaker_small_house_world) StdoutLine: {'line': b'-- Up-to-date: /home/frankie/ros2_ws/install/aws_robomaker_small_house_world/share/aws_robomaker_small_house_world/models/aws_robomaker_residential_PortraitE_01/materials/textures/aws_PortraitE_02.png\n'}
[0.218144] (aws_robomaker_small_house_world) StdoutLine: {'line': b'-- Up-to-date: /home/frankie/ros2_ws/install/aws_robomaker_small_house_world/share/aws_robomaker_small_house_world/models/aws_robomaker_residential_PortraitE_01/meshes\n'}
[0.218199] (aws_robomaker_small_house_world) StdoutLine: {'line': b'-- Up-to-date: /home/frankie/ros2_ws/install/aws_robomaker_small_house_world/share/aws_robomaker_small_house_world/models/aws_robomaker_residential_PortraitE_01/meshes/aws_PortraitE_01_collision.DAE\n'}
[0.218254] (aws_robomaker_small_house_world) StdoutLine: {'line': b'-- Up-to-date: /home/frankie/ros2_ws/install/aws_robomaker_small_house_world/share/aws_robomaker_small_house_world/models/aws_robomaker_residential_PortraitE_01/meshes/aws_PortraitE_01_visual.DAE\n'}
[0.218313] (aws_robomaker_small_house_world) StdoutLine: {'line': b'-- Up-to-date: /home/frankie/ros2_ws/install/aws_robomaker_small_house_world/share/aws_robomaker_small_house_world/models/aws_robomaker_residential_PortraitE_01/model.config\n'}
[0.218355] (aws_robomaker_small_house_world) StdoutLine: {'line': b'-- Up-to-date: /home/frankie/ros2_ws/install/aws_robomaker_small_house_world/share/aws_robomaker_small_house_world/models/aws_robomaker_residential_PortraitE_01/model.sdf\n'}
[0.218393] (aws_robomaker_small_house_world) StdoutLine: {'line': b'-- Up-to-date: /home/frankie/ros2_ws/install/aws_robomaker_small_house_world/share/aws_robomaker_small_house_world/models/aws_robomaker_residential_Ball_01\n'}
[0.218450] (aws_robomaker_small_house_world) StdoutLine: {'line': b'-- Up-to-date: /home/frankie/ros2_ws/install/aws_robomaker_small_house_world/share/aws_robomaker_small_house_world/models/aws_robomaker_residential_Ball_01/materials\n'}
[0.218504] (aws_robomaker_small_house_world) StdoutLine: {'line': b'-- Up-to-date: /home/frankie/ros2_ws/install/aws_robomaker_small_house_world/share/aws_robomaker_small_house_world/models/aws_robomaker_residential_Ball_01/materials/textures\n'}
[0.218627] (aws_robomaker_small_house_world) StdoutLine: {'line': b'-- Up-to-date: /home/frankie/ros2_ws/install/aws_robomaker_small_house_world/share/aws_robomaker_small_house_world/models/aws_robomaker_residential_Ball_01/materials/textures/aws_Ball_01.png\n'}
[0.218679] (aws_robomaker_small_house_world) StdoutLine: {'line': b'-- Up-to-date: /home/frankie/ros2_ws/install/aws_robomaker_small_house_world/share/aws_robomaker_small_house_world/models/aws_robomaker_residential_Ball_01/meshes\n'}
[0.218771] (aws_robomaker_small_house_world) StdoutLine: {'line': b'-- Up-to-date: /home/frankie/ros2_ws/install/aws_robomaker_small_house_world/share/aws_robomaker_small_house_world/models/aws_robomaker_residential_Ball_01/meshes/aws_Ball_01_collision.DAE\n'}
[0.218820] (aws_robomaker_small_house_world) StdoutLine: {'line': b'-- Up-to-date: /home/frankie/ros2_ws/install/aws_robomaker_small_house_world/share/aws_robomaker_small_house_world/models/aws_robomaker_residential_Ball_01/meshes/aws_Ball_01_visual.DAE\n'}
[0.218881] (aws_robomaker_small_house_world) StdoutLine: {'line': b'-- Up-to-date: /home/frankie/ros2_ws/install/aws_robomaker_small_house_world/share/aws_robomaker_small_house_world/models/aws_robomaker_residential_Ball_01/model.config\n'}
[0.218918] (aws_robomaker_small_house_world) StdoutLine: {'line': b'-- Up-to-date: /home/frankie/ros2_ws/install/aws_robomaker_small_house_world/share/aws_robomaker_small_house_world/models/aws_robomaker_residential_Ball_01/model.sdf\n'}
[0.218963] (aws_robomaker_small_house_world) StdoutLine: {'line': b'-- Up-to-date: /home/frankie/ros2_ws/install/aws_robomaker_small_house_world/share/aws_robomaker_small_house_world/models/aws_robomaker_residential_DeskPortraitD_02\n'}
[0.218999] (aws_robomaker_small_house_world) StdoutLine: {'line': b'-- Up-to-date: /home/frankie/ros2_ws/install/aws_robomaker_small_house_world/share/aws_robomaker_small_house_world/models/aws_robomaker_residential_DeskPortraitD_02/materials\n'}
[0.219075] (aws_robomaker_small_house_world) StdoutLine: {'line': b'-- Up-to-date: /home/frankie/ros2_ws/install/aws_robomaker_small_house_world/share/aws_robomaker_small_house_world/models/aws_robomaker_residential_DeskPortraitD_02/materials/textures\n'}
[0.219200] (aws_robomaker_small_house_world) StdoutLine: {'line': b'-- Up-to-date: /home/frankie/ros2_ws/install/aws_robomaker_small_house_world/share/aws_robomaker_small_house_world/models/aws_robomaker_residential_DeskPortraitD_02/materials/textures/aws_DeskPortraitD_02.png\n'}
[0.219260] (aws_robomaker_small_house_world) StdoutLine: {'line': b'-- Up-to-date: /home/frankie/ros2_ws/install/aws_robomaker_small_house_world/share/aws_robomaker_small_house_world/models/aws_robomaker_residential_DeskPortraitD_02/materials/textures/aws_DeskPortraitD_01.png\n'}
[0.219298] (aws_robomaker_small_house_world) StdoutLine: {'line': b'-- Up-to-date: /home/frankie/ros2_ws/install/aws_robomaker_small_house_world/share/aws_robomaker_small_house_world/models/aws_robomaker_residential_DeskPortraitD_02/meshes\n'}
[0.219351] (aws_robomaker_small_house_world) StdoutLine: {'line': b'-- Up-to-date: /home/frankie/ros2_ws/install/aws_robomaker_small_house_world/share/aws_robomaker_small_house_world/models/aws_robomaker_residential_DeskPortraitD_02/meshes/aws_DeskPortraitD_01_collision.DAE\n'}
[0.219403] (aws_robomaker_small_house_world) StdoutLine: {'line': b'-- Up-to-date: /home/frankie/ros2_ws/install/aws_robomaker_small_house_world/share/aws_robomaker_small_house_world/models/aws_robomaker_residential_DeskPortraitD_02/meshes/aws_DeskPortraitD_01_visual.DAE\n'}
[0.219467] (aws_robomaker_small_house_world) StdoutLine: {'line': b'-- Up-to-date: /home/frankie/ros2_ws/install/aws_robomaker_small_house_world/share/aws_robomaker_small_house_world/models/aws_robomaker_residential_DeskPortraitD_02/model.config\n'}
[0.219505] (aws_robomaker_small_house_world) StdoutLine: {'line': b'-- Up-to-date: /home/frankie/ros2_ws/install/aws_robomaker_small_house_world/share/aws_robomaker_small_house_world/models/aws_robomaker_residential_DeskPortraitD_02/model.sdf\n'}
[0.219552] (aws_robomaker_small_house_world) StdoutLine: {'line': b'-- Up-to-date: /home/frankie/ros2_ws/install/aws_robomaker_small_house_world/share/aws_robomaker_small_house_world/models/aws_robomaker_residential_Curtain_01\n'}
[0.219588] (aws_robomaker_small_house_world) StdoutLine: {'line': b'-- Up-to-date: /home/frankie/ros2_ws/install/aws_robomaker_small_house_world/share/aws_robomaker_small_house_world/models/aws_robomaker_residential_Curtain_01/materials\n'}
[0.219654] (aws_robomaker_small_house_world) StdoutLine: {'line': b'-- Up-to-date: /home/frankie/ros2_ws/install/aws_robomaker_small_house_world/share/aws_robomaker_small_house_world/models/aws_robomaker_residential_Curtain_01/materials/textures\n'}
[0.219777] (aws_robomaker_small_house_world) StdoutLine: {'line': b'-- Up-to-date: /home/frankie/ros2_ws/install/aws_robomaker_small_house_world/share/aws_robomaker_small_house_world/models/aws_robomaker_residential_Curtain_01/materials/textures/aws_Curtain_01.png\n'}
[0.219831] (aws_robomaker_small_house_world) StdoutLine: {'line': b'-- Up-to-date: /home/frankie/ros2_ws/install/aws_robomaker_small_house_world/share/aws_robomaker_small_house_world/models/aws_robomaker_residential_Curtain_01/meshes\n'}
[0.219916] (aws_robomaker_small_house_world) StdoutLine: {'line': b'-- Up-to-date: /home/frankie/ros2_ws/install/aws_robomaker_small_house_world/share/aws_robomaker_small_house_world/models/aws_robomaker_residential_Curtain_01/meshes/aws_Curtain_01_collision.DAE\n'}
[0.219965] (aws_robomaker_small_house_world) StdoutLine: {'line': b'-- Up-to-date: /home/frankie/ros2_ws/install/aws_robomaker_small_house_world/share/aws_robomaker_small_house_world/models/aws_robomaker_residential_Curtain_01/meshes/aws_Curtain_01_visual.DAE\n'}
[0.220024] (aws_robomaker_small_house_world) StdoutLine: {'line': b'-- Up-to-date: /home/frankie/ros2_ws/install/aws_robomaker_small_house_world/share/aws_robomaker_small_house_world/models/aws_robomaker_residential_Curtain_01/model.config\n'}
[0.220066] (aws_robomaker_small_house_world) StdoutLine: {'line': b'-- Up-to-date: /home/frankie/ros2_ws/install/aws_robomaker_small_house_world/share/aws_robomaker_small_house_world/models/aws_robomaker_residential_Curtain_01/model.sdf\n'}
[0.220105] (aws_robomaker_small_house_world) StdoutLine: {'line': b'-- Up-to-date: /home/frankie/ros2_ws/install/aws_robomaker_small_house_world/share/aws_robomaker_small_house_world/models/aws_robomaker_residential_DeskPortraitD_01\n'}
[0.220158] (aws_robomaker_small_house_world) StdoutLine: {'line': b'-- Up-to-date: /home/frankie/ros2_ws/install/aws_robomaker_small_house_world/share/aws_robomaker_small_house_world/models/aws_robomaker_residential_DeskPortraitD_01/materials\n'}
[0.220215] (aws_robomaker_small_house_world) StdoutLine: {'line': b'-- Up-to-date: /home/frankie/ros2_ws/install/aws_robomaker_small_house_world/share/aws_robomaker_small_house_world/models/aws_robomaker_residential_DeskPortraitD_01/materials/textures\n'}
[0.220339] (aws_robomaker_small_house_world) StdoutLine: {'line': b'-- Up-to-date: /home/frankie/ros2_ws/install/aws_robomaker_small_house_world/share/aws_robomaker_small_house_world/models/aws_robomaker_residential_DeskPortraitD_01/materials/textures/aws_DeskPortraitD_02.png\n'}
[0.220402] (aws_robomaker_small_house_world) StdoutLine: {'line': b'-- Up-to-date: /home/frankie/ros2_ws/install/aws_robomaker_small_house_world/share/aws_robomaker_small_house_world/models/aws_robomaker_residential_DeskPortraitD_01/materials/textures/aws_DeskPortraitD_01.png\n'}
[0.220446] (aws_robomaker_small_house_world) StdoutLine: {'line': b'-- Up-to-date: /home/frankie/ros2_ws/install/aws_robomaker_small_house_world/share/aws_robomaker_small_house_world/models/aws_robomaker_residential_DeskPortraitD_01/meshes\n'}
[0.220495] (aws_robomaker_small_house_world) StdoutLine: {'line': b'-- Up-to-date: /home/frankie/ros2_ws/install/aws_robomaker_small_house_world/share/aws_robomaker_small_house_world/models/aws_robomaker_residential_DeskPortraitD_01/meshes/aws_DeskPortraitD_01_collision.DAE\n'}
[0.220550] (aws_robomaker_small_house_world) StdoutLine: {'line': b'-- Up-to-date: /home/frankie/ros2_ws/install/aws_robomaker_small_house_world/share/aws_robomaker_small_house_world/models/aws_robomaker_residential_DeskPortraitD_01/meshes/aws_DeskPortraitD_01_visual.DAE\n'}
[0.220608] (aws_robomaker_small_house_world) StdoutLine: {'line': b'-- Up-to-date: /home/frankie/ros2_ws/install/aws_robomaker_small_house_world/share/aws_robomaker_small_house_world/models/aws_robomaker_residential_DeskPortraitD_01/model.config\n'}
[0.220646] (aws_robomaker_small_house_world) StdoutLine: {'line': b'-- Up-to-date: /home/frankie/ros2_ws/install/aws_robomaker_small_house_world/share/aws_robomaker_small_house_world/models/aws_robomaker_residential_DeskPortraitD_01/model.sdf\n'}
[0.220683] (aws_robomaker_small_house_world) StdoutLine: {'line': b'-- Up-to-date: /home/frankie/ros2_ws/install/aws_robomaker_small_house_world/share/aws_robomaker_small_house_world/models/aws_robomaker_residential_NightStand_01\n'}
[0.220734] (aws_robomaker_small_house_world) StdoutLine: {'line': b'-- Up-to-date: /home/frankie/ros2_ws/install/aws_robomaker_small_house_world/share/aws_robomaker_small_house_world/models/aws_robomaker_residential_NightStand_01/materials\n'}
[0.220795] (aws_robomaker_small_house_world) StdoutLine: {'line': b'-- Up-to-date: /home/frankie/ros2_ws/install/aws_robomaker_small_house_world/share/aws_robomaker_small_house_world/models/aws_robomaker_residential_NightStand_01/materials/textures\n'}
[0.220918] (aws_robomaker_small_house_world) StdoutLine: {'line': b'-- Up-to-date: /home/frankie/ros2_ws/install/aws_robomaker_small_house_world/share/aws_robomaker_small_house_world/models/aws_robomaker_residential_NightStand_01/materials/textures/aws_NightStand_01.png\n'}
[0.220971] (aws_robomaker_small_house_world) StdoutLine: {'line': b'-- Up-to-date: /home/frankie/ros2_ws/install/aws_robomaker_small_house_world/share/aws_robomaker_small_house_world/models/aws_robomaker_residential_NightStand_01/meshes\n'}
[0.221053] (aws_robomaker_small_house_world) StdoutLine: {'line': b'-- Up-to-date: /home/frankie/ros2_ws/install/aws_robomaker_small_house_world/share/aws_robomaker_small_house_world/models/aws_robomaker_residential_NightStand_01/meshes/aws_NightStand_01_collision.DAE\n'}
[0.221107] (aws_robomaker_small_house_world) StdoutLine: {'line': b'-- Up-to-date: /home/frankie/ros2_ws/install/aws_robomaker_small_house_world/share/aws_robomaker_small_house_world/models/aws_robomaker_residential_NightStand_01/meshes/aws_NightStand_01_visual.DAE\n'}
[0.221165] (aws_robomaker_small_house_world) StdoutLine: {'line': b'-- Up-to-date: /home/frankie/ros2_ws/install/aws_robomaker_small_house_world/share/aws_robomaker_small_house_world/models/aws_robomaker_residential_NightStand_01/model.config\n'}
[0.221204] (aws_robomaker_small_house_world) StdoutLine: {'line': b'-- Up-to-date: /home/frankie/ros2_ws/install/aws_robomaker_small_house_world/share/aws_robomaker_small_house_world/models/aws_robomaker_residential_NightStand_01/model.sdf\n'}
[0.221243] (aws_robomaker_small_house_world) StdoutLine: {'line': b'-- Up-to-date: /home/frankie/ros2_ws/install/aws_robomaker_small_house_world/share/aws_robomaker_small_house_world/models/aws_robomaker_residential_ChairA_01\n'}
[0.221290] (aws_robomaker_small_house_world) StdoutLine: {'line': b'-- Up-to-date: /home/frankie/ros2_ws/install/aws_robomaker_small_house_world/share/aws_robomaker_small_house_world/models/aws_robomaker_residential_ChairA_01/materials\n'}
[0.221353] (aws_robomaker_small_house_world) StdoutLine: {'line': b'-- Up-to-date: /home/frankie/ros2_ws/install/aws_robomaker_small_house_world/share/aws_robomaker_small_house_world/models/aws_robomaker_residential_ChairA_01/materials/textures\n'}
[0.221480] (aws_robomaker_small_house_world) StdoutLine: {'line': b'-- Up-to-date: /home/frankie/ros2_ws/install/aws_robomaker_small_house_world/share/aws_robomaker_small_house_world/models/aws_robomaker_residential_ChairA_01/materials/textures/aws_ChairA_01.png\n'}
[0.221537] (aws_robomaker_small_house_world) StdoutLine: {'line': b'-- Up-to-date: /home/frankie/ros2_ws/install/aws_robomaker_small_house_world/share/aws_robomaker_small_house_world/models/aws_robomaker_residential_ChairA_01/meshes\n'}
[0.221619] (aws_robomaker_small_house_world) StdoutLine: {'line': b'-- Up-to-date: /home/frankie/ros2_ws/install/aws_robomaker_small_house_world/share/aws_robomaker_small_house_world/models/aws_robomaker_residential_ChairA_01/meshes/aws_ChairA_01_visual.DAE\n'}
[0.221674] (aws_robomaker_small_house_world) StdoutLine: {'line': b'-- Up-to-date: /home/frankie/ros2_ws/install/aws_robomaker_small_house_world/share/aws_robomaker_small_house_world/models/aws_robomaker_residential_ChairA_01/meshes/aws_ChairA_01_collision.DAE\n'}
[0.221729] (aws_robomaker_small_house_world) StdoutLine: {'line': b'-- Up-to-date: /home/frankie/ros2_ws/install/aws_robomaker_small_house_world/share/aws_robomaker_small_house_world/models/aws_robomaker_residential_ChairA_01/model.config\n'}
[0.221766] (aws_robomaker_small_house_world) StdoutLine: {'line': b'-- Up-to-date: /home/frankie/ros2_ws/install/aws_robomaker_small_house_world/share/aws_robomaker_small_house_world/models/aws_robomaker_residential_ChairA_01/model.sdf\n'}
[0.221804] (aws_robomaker_small_house_world) StdoutLine: {'line': b'-- Up-to-date: /home/frankie/ros2_ws/install/aws_robomaker_small_house_world/share/aws_robomaker_small_house_world/models/aws_robomaker_residential_Vase_01\n'}
[0.221856] (aws_robomaker_small_house_world) StdoutLine: {'line': b'-- Up-to-date: /home/frankie/ros2_ws/install/aws_robomaker_small_house_world/share/aws_robomaker_small_house_world/models/aws_robomaker_residential_Vase_01/materials\n'}
[0.221916] (aws_robomaker_small_house_world) StdoutLine: {'line': b'-- Up-to-date: /home/frankie/ros2_ws/install/aws_robomaker_small_house_world/share/aws_robomaker_small_house_world/models/aws_robomaker_residential_Vase_01/materials/textures\n'}
[0.222040] (aws_robomaker_small_house_world) StdoutLine: {'line': b'-- Up-to-date: /home/frankie/ros2_ws/install/aws_robomaker_small_house_world/share/aws_robomaker_small_house_world/models/aws_robomaker_residential_Vase_01/materials/textures/aws_Vase_01.png\n'}
[0.222094] (aws_robomaker_small_house_world) StdoutLine: {'line': b'-- Up-to-date: /home/frankie/ros2_ws/install/aws_robomaker_small_house_world/share/aws_robomaker_small_house_world/models/aws_robomaker_residential_Vase_01/meshes\n'}
[0.222176] (aws_robomaker_small_house_world) StdoutLine: {'line': b'-- Up-to-date: /home/frankie/ros2_ws/install/aws_robomaker_small_house_world/share/aws_robomaker_small_house_world/models/aws_robomaker_residential_Vase_01/meshes/aws_Vase_01_collision.DAE\n'}
[0.222230] (aws_robomaker_small_house_world) StdoutLine: {'line': b'-- Up-to-date: /home/frankie/ros2_ws/install/aws_robomaker_small_house_world/share/aws_robomaker_small_house_world/models/aws_robomaker_residential_Vase_01/meshes/aws_Vase_01_visual.DAE\n'}
[0.222287] (aws_robomaker_small_house_world) StdoutLine: {'line': b'-- Up-to-date: /home/frankie/ros2_ws/install/aws_robomaker_small_house_world/share/aws_robomaker_small_house_world/models/aws_robomaker_residential_Vase_01/model.config\n'}
[0.222327] (aws_robomaker_small_house_world) StdoutLine: {'line': b'-- Up-to-date: /home/frankie/ros2_ws/install/aws_robomaker_small_house_world/share/aws_robomaker_small_house_world/models/aws_robomaker_residential_Vase_01/model.sdf\n'}
[0.222364] (aws_robomaker_small_house_world) StdoutLine: {'line': b'-- Up-to-date: /home/frankie/ros2_ws/install/aws_robomaker_small_house_world/share/aws_robomaker_small_house_world/models/aws_robomaker_residential_SeasoningBox_01\n'}
[0.222418] (aws_robomaker_small_house_world) StdoutLine: {'line': b'-- Up-to-date: /home/frankie/ros2_ws/install/aws_robomaker_small_house_world/share/aws_robomaker_small_house_world/models/aws_robomaker_residential_SeasoningBox_01/materials\n'}
[0.222481] (aws_robomaker_small_house_world) StdoutLine: {'line': b'-- Up-to-date: /home/frankie/ros2_ws/install/aws_robomaker_small_house_world/share/aws_robomaker_small_house_world/models/aws_robomaker_residential_SeasoningBox_01/materials/textures\n'}
[0.222608] (aws_robomaker_small_house_world) StdoutLine: {'line': b'-- Up-to-date: /home/frankie/ros2_ws/install/aws_robomaker_small_house_world/share/aws_robomaker_small_house_world/models/aws_robomaker_residential_SeasoningBox_01/materials/textures/aws_SeasoningBox_01.png\n'}
[0.222664] (aws_robomaker_small_house_world) StdoutLine: {'line': b'-- Up-to-date: /home/frankie/ros2_ws/install/aws_robomaker_small_house_world/share/aws_robomaker_small_house_world/models/aws_robomaker_residential_SeasoningBox_01/meshes\n'}
[0.222745] (aws_robomaker_small_house_world) StdoutLine: {'line': b'-- Up-to-date: /home/frankie/ros2_ws/install/aws_robomaker_small_house_world/share/aws_robomaker_small_house_world/models/aws_robomaker_residential_SeasoningBox_01/meshes/aws_SeasoningBox_01_visual.DAE\n'}
[0.222793] (aws_robomaker_small_house_world) StdoutLine: {'line': b'-- Up-to-date: /home/frankie/ros2_ws/install/aws_robomaker_small_house_world/share/aws_robomaker_small_house_world/models/aws_robomaker_residential_SeasoningBox_01/meshes/aws_SeasoningBox_01_collision.DAE\n'}
[0.222850] (aws_robomaker_small_house_world) StdoutLine: {'line': b'-- Up-to-date: /home/frankie/ros2_ws/install/aws_robomaker_small_house_world/share/aws_robomaker_small_house_world/models/aws_robomaker_residential_SeasoningBox_01/model.config\n'}
[0.222887] (aws_robomaker_small_house_world) StdoutLine: {'line': b'-- Up-to-date: /home/frankie/ros2_ws/install/aws_robomaker_small_house_world/share/aws_robomaker_small_house_world/models/aws_robomaker_residential_SeasoningBox_01/model.sdf\n'}
[0.222931] (aws_robomaker_small_house_world) StdoutLine: {'line': b'-- Up-to-date: /home/frankie/ros2_ws/install/aws_robomaker_small_house_world/share/aws_robomaker_small_house_world/models/aws_robomaker_residential_Chandelier_01\n'}
[0.222969] (aws_robomaker_small_house_world) StdoutLine: {'line': b'-- Up-to-date: /home/frankie/ros2_ws/install/aws_robomaker_small_house_world/share/aws_robomaker_small_house_world/models/aws_robomaker_residential_Chandelier_01/materials\n'}
[0.223040] (aws_robomaker_small_house_world) StdoutLine: {'line': b'-- Up-to-date: /home/frankie/ros2_ws/install/aws_robomaker_small_house_world/share/aws_robomaker_small_house_world/models/aws_robomaker_residential_Chandelier_01/materials/textures\n'}
[0.223164] (aws_robomaker_small_house_world) StdoutLine: {'line': b'-- Up-to-date: /home/frankie/ros2_ws/install/aws_robomaker_small_house_world/share/aws_robomaker_small_house_world/models/aws_robomaker_residential_Chandelier_01/materials/textures/aws_Chandelier_01.png\n'}
[0.223217] (aws_robomaker_small_house_world) StdoutLine: {'line': b'-- Up-to-date: /home/frankie/ros2_ws/install/aws_robomaker_small_house_world/share/aws_robomaker_small_house_world/models/aws_robomaker_residential_Chandelier_01/meshes\n'}
[0.223312] (aws_robomaker_small_house_world) StdoutLine: {'line': b'-- Up-to-date: /home/frankie/ros2_ws/install/aws_robomaker_small_house_world/share/aws_robomaker_small_house_world/models/aws_robomaker_residential_Chandelier_01/meshes/aws_Chandelier_01_collision.DAE\n'}
[0.223367] (aws_robomaker_small_house_world) StdoutLine: {'line': b'-- Up-to-date: /home/frankie/ros2_ws/install/aws_robomaker_small_house_world/share/aws_robomaker_small_house_world/models/aws_robomaker_residential_Chandelier_01/meshes/aws_Chandelier_01_visual.DAE\n'}
[0.223425] (aws_robomaker_small_house_world) StdoutLine: {'line': b'-- Up-to-date: /home/frankie/ros2_ws/install/aws_robomaker_small_house_world/share/aws_robomaker_small_house_world/models/aws_robomaker_residential_Chandelier_01/meshes/aws_Chandelier_01.DAE\n'}
[0.223481] (aws_robomaker_small_house_world) StdoutLine: {'line': b'-- Up-to-date: /home/frankie/ros2_ws/install/aws_robomaker_small_house_world/share/aws_robomaker_small_house_world/models/aws_robomaker_residential_Chandelier_01/model.config\n'}
[0.223519] (aws_robomaker_small_house_world) StdoutLine: {'line': b'-- Up-to-date: /home/frankie/ros2_ws/install/aws_robomaker_small_house_world/share/aws_robomaker_small_house_world/models/aws_robomaker_residential_Chandelier_01/model.sdf\n'}
[0.223557] (aws_robomaker_small_house_world) StdoutLine: {'line': b'-- Up-to-date: /home/frankie/ros2_ws/install/aws_robomaker_small_house_world/share/aws_robomaker_small_house_world/models/aws_robomaker_residential_PortraitD_01\n'}
[0.223607] (aws_robomaker_small_house_world) StdoutLine: {'line': b'-- Up-to-date: /home/frankie/ros2_ws/install/aws_robomaker_small_house_world/share/aws_robomaker_small_house_world/models/aws_robomaker_residential_PortraitD_01/materials\n'}
[0.223660] (aws_robomaker_small_house_world) StdoutLine: {'line': b'-- Up-to-date: /home/frankie/ros2_ws/install/aws_robomaker_small_house_world/share/aws_robomaker_small_house_world/models/aws_robomaker_residential_PortraitD_01/materials/textures\n'}
[0.223750] (aws_robomaker_small_house_world) StdoutLine: {'line': b'-- Up-to-date: /home/frankie/ros2_ws/install/aws_robomaker_small_house_world/share/aws_robomaker_small_house_world/models/aws_robomaker_residential_PortraitD_01/materials/textures/aws_PortraitD_01.png\n'}
[0.223807] (aws_robomaker_small_house_world) StdoutLine: {'line': b'-- Up-to-date: /home/frankie/ros2_ws/install/aws_robomaker_small_house_world/share/aws_robomaker_small_house_world/models/aws_robomaker_residential_PortraitD_01/materials/textures/aws_PortraitD_02.png\n'}
[0.223845] (aws_robomaker_small_house_world) StdoutLine: {'line': b'-- Up-to-date: /home/frankie/ros2_ws/install/aws_robomaker_small_house_world/share/aws_robomaker_small_house_world/models/aws_robomaker_residential_PortraitD_01/meshes\n'}
[0.223901] (aws_robomaker_small_house_world) StdoutLine: {'line': b'-- Up-to-date: /home/frankie/ros2_ws/install/aws_robomaker_small_house_world/share/aws_robomaker_small_house_world/models/aws_robomaker_residential_PortraitD_01/meshes/aws_PortraitD_01_visual.DAE\n'}
[0.223954] (aws_robomaker_small_house_world) StdoutLine: {'line': b'-- Up-to-date: /home/frankie/ros2_ws/install/aws_robomaker_small_house_world/share/aws_robomaker_small_house_world/models/aws_robomaker_residential_PortraitD_01/meshes/aws_PortraitD_01_collision.DAE\n'}
[0.224013] (aws_robomaker_small_house_world) StdoutLine: {'line': b'-- Up-to-date: /home/frankie/ros2_ws/install/aws_robomaker_small_house_world/share/aws_robomaker_small_house_world/models/aws_robomaker_residential_PortraitD_01/model.config\n'}
[0.224052] (aws_robomaker_small_house_world) StdoutLine: {'line': b'-- Up-to-date: /home/frankie/ros2_ws/install/aws_robomaker_small_house_world/share/aws_robomaker_small_house_world/models/aws_robomaker_residential_PortraitD_01/model.sdf\n'}
[0.224091] (aws_robomaker_small_house_world) StdoutLine: {'line': b'-- Up-to-date: /home/frankie/ros2_ws/install/aws_robomaker_small_house_world/share/aws_robomaker_small_house_world/models/aws_robomaker_residential_Handle_01\n'}
[0.224140] (aws_robomaker_small_house_world) StdoutLine: {'line': b'-- Up-to-date: /home/frankie/ros2_ws/install/aws_robomaker_small_house_world/share/aws_robomaker_small_house_world/models/aws_robomaker_residential_Handle_01/materials\n'}
[0.224203] (aws_robomaker_small_house_world) StdoutLine: {'line': b'-- Up-to-date: /home/frankie/ros2_ws/install/aws_robomaker_small_house_world/share/aws_robomaker_small_house_world/models/aws_robomaker_residential_Handle_01/materials/textures\n'}
[0.224326] (aws_robomaker_small_house_world) StdoutLine: {'line': b'-- Up-to-date: /home/frankie/ros2_ws/install/aws_robomaker_small_house_world/share/aws_robomaker_small_house_world/models/aws_robomaker_residential_Handle_01/materials/textures/aws_Handle_01.png\n'}
[0.224380] (aws_robomaker_small_house_world) StdoutLine: {'line': b'-- Up-to-date: /home/frankie/ros2_ws/install/aws_robomaker_small_house_world/share/aws_robomaker_small_house_world/models/aws_robomaker_residential_Handle_01/meshes\n'}
[0.224464] (aws_robomaker_small_house_world) StdoutLine: {'line': b'-- Up-to-date: /home/frankie/ros2_ws/install/aws_robomaker_small_house_world/share/aws_robomaker_small_house_world/models/aws_robomaker_residential_Handle_01/meshes/aws_Handle_01_visual.DAE\n'}
[0.224521] (aws_robomaker_small_house_world) StdoutLine: {'line': b'-- Up-to-date: /home/frankie/ros2_ws/install/aws_robomaker_small_house_world/share/aws_robomaker_small_house_world/models/aws_robomaker_residential_Handle_01/meshes/aws_ handle_01_collision.DAE\n'}
[0.224584] (aws_robomaker_small_house_world) StdoutLine: {'line': b'-- Up-to-date: /home/frankie/ros2_ws/install/aws_robomaker_small_house_world/share/aws_robomaker_small_house_world/models/aws_robomaker_residential_Handle_01/meshes/aws_Handle_01_collision.DAE\n'}
[0.224622] (aws_robomaker_small_house_world) StdoutLine: {'line': b'-- Up-to-date: /home/frankie/ros2_ws/install/aws_robomaker_small_house_world/share/aws_robomaker_small_house_world/models/aws_robomaker_residential_Handle_01/model.config\n'}
[0.224668] (aws_robomaker_small_house_world) StdoutLine: {'line': b'-- Up-to-date: /home/frankie/ros2_ws/install/aws_robomaker_small_house_world/share/aws_robomaker_small_house_world/models/aws_robomaker_residential_Handle_01/model.sdf\n'}
[0.224704] (aws_robomaker_small_house_world) StdoutLine: {'line': b'-- Up-to-date: /home/frankie/ros2_ws/install/aws_robomaker_small_house_world/share/aws_robomaker_small_house_world/models/aws_robomaker_residential_PortraitE_02\n'}
[0.224739] (aws_robomaker_small_house_world) StdoutLine: {'line': b'-- Up-to-date: /home/frankie/ros2_ws/install/aws_robomaker_small_house_world/share/aws_robomaker_small_house_world/models/aws_robomaker_residential_PortraitE_02/materials\n'}
[0.224782] (aws_robomaker_small_house_world) StdoutLine: {'line': b'-- Up-to-date: /home/frankie/ros2_ws/install/aws_robomaker_small_house_world/share/aws_robomaker_small_house_world/models/aws_robomaker_residential_PortraitE_02/materials/textures\n'}
[0.224899] (aws_robomaker_small_house_world) StdoutLine: {'line': b'-- Up-to-date: /home/frankie/ros2_ws/install/aws_robomaker_small_house_world/share/aws_robomaker_small_house_world/models/aws_robomaker_residential_PortraitE_02/materials/textures/aws_PortraitE_01.png\n'}
[0.224956] (aws_robomaker_small_house_world) StdoutLine: {'line': b'-- Up-to-date: /home/frankie/ros2_ws/install/aws_robomaker_small_house_world/share/aws_robomaker_small_house_world/models/aws_robomaker_residential_PortraitE_02/materials/textures/aws_PortraitE_02.png\n'}
[0.224994] (aws_robomaker_small_house_world) StdoutLine: {'line': b'-- Up-to-date: /home/frankie/ros2_ws/install/aws_robomaker_small_house_world/share/aws_robomaker_small_house_world/models/aws_robomaker_residential_PortraitE_02/meshes\n'}
[0.225082] (aws_robomaker_small_house_world) StdoutLine: {'line': b'-- Up-to-date: /home/frankie/ros2_ws/install/aws_robomaker_small_house_world/share/aws_robomaker_small_house_world/models/aws_robomaker_residential_PortraitE_02/meshes/aws_PortraitE_01_collision.DAE\n'}
[0.225143] (aws_robomaker_small_house_world) StdoutLine: {'line': b'-- Up-to-date: /home/frankie/ros2_ws/install/aws_robomaker_small_house_world/share/aws_robomaker_small_house_world/models/aws_robomaker_residential_PortraitE_02/meshes/aws_PortraitE_01_visual.DAE\n'}
[0.225208] (aws_robomaker_small_house_world) StdoutLine: {'line': b'-- Up-to-date: /home/frankie/ros2_ws/install/aws_robomaker_small_house_world/share/aws_robomaker_small_house_world/models/aws_robomaker_residential_PortraitE_02/model.config\n'}
[0.225251] (aws_robomaker_small_house_world) StdoutLine: {'line': b'-- Up-to-date: /home/frankie/ros2_ws/install/aws_robomaker_small_house_world/share/aws_robomaker_small_house_world/models/aws_robomaker_residential_PortraitE_02/model.sdf\n'}
[0.225291] (aws_robomaker_small_house_world) StdoutLine: {'line': b'-- Up-to-date: /home/frankie/ros2_ws/install/aws_robomaker_small_house_world/share/aws_robomaker_small_house_world/models/aws_robomaker_residential_SofaC_01\n'}
[0.225346] (aws_robomaker_small_house_world) StdoutLine: {'line': b'-- Up-to-date: /home/frankie/ros2_ws/install/aws_robomaker_small_house_world/share/aws_robomaker_small_house_world/models/aws_robomaker_residential_SofaC_01/materials\n'}
[0.225411] (aws_robomaker_small_house_world) StdoutLine: {'line': b'-- Up-to-date: /home/frankie/ros2_ws/install/aws_robomaker_small_house_world/share/aws_robomaker_small_house_world/models/aws_robomaker_residential_SofaC_01/materials/textures\n'}
[0.225537] (aws_robomaker_small_house_world) StdoutLine: {'line': b'-- Up-to-date: /home/frankie/ros2_ws/install/aws_robomaker_small_house_world/share/aws_robomaker_small_house_world/models/aws_robomaker_residential_SofaC_01/materials/textures/aws_SofaC_01.png\n'}
[0.225590] (aws_robomaker_small_house_world) StdoutLine: {'line': b'-- Up-to-date: /home/frankie/ros2_ws/install/aws_robomaker_small_house_world/share/aws_robomaker_small_house_world/models/aws_robomaker_residential_SofaC_01/meshes\n'}
[0.225678] (aws_robomaker_small_house_world) StdoutLine: {'line': b'-- Up-to-date: /home/frankie/ros2_ws/install/aws_robomaker_small_house_world/share/aws_robomaker_small_house_world/models/aws_robomaker_residential_SofaC_01/meshes/aws_SofaC_01_collision.DAE\n'}
[0.225743] (aws_robomaker_small_house_world) StdoutLine: {'line': b'-- Up-to-date: /home/frankie/ros2_ws/install/aws_robomaker_small_house_world/share/aws_robomaker_small_house_world/models/aws_robomaker_residential_SofaC_01/meshes/aws_SofaC_01_visual.DAE\n'}
[0.225780] (aws_robomaker_small_house_world) StdoutLine: {'line': b'-- Up-to-date: /home/frankie/ros2_ws/install/aws_robomaker_small_house_world/share/aws_robomaker_small_house_world/models/aws_robomaker_residential_SofaC_01/model.config\n'}
[0.225816] (aws_robomaker_small_house_world) StdoutLine: {'line': b'-- Up-to-date: /home/frankie/ros2_ws/install/aws_robomaker_small_house_world/share/aws_robomaker_small_house_world/models/aws_robomaker_residential_SofaC_01/model.sdf\n'}
[0.225853] (aws_robomaker_small_house_world) StdoutLine: {'line': b'-- Up-to-date: /home/frankie/ros2_ws/install/aws_robomaker_small_house_world/share/aws_robomaker_small_house_world/models/aws_robomaker_residential_Door_01\n'}
[0.225906] (aws_robomaker_small_house_world) StdoutLine: {'line': b'-- Up-to-date: /home/frankie/ros2_ws/install/aws_robomaker_small_house_world/share/aws_robomaker_small_house_world/models/aws_robomaker_residential_Door_01/materials\n'}
[0.225982] (aws_robomaker_small_house_world) StdoutLine: {'line': b'-- Up-to-date: /home/frankie/ros2_ws/install/aws_robomaker_small_house_world/share/aws_robomaker_small_house_world/models/aws_robomaker_residential_Door_01/materials/textures\n'}
[0.226112] (aws_robomaker_small_house_world) StdoutLine: {'line': b'-- Up-to-date: /home/frankie/ros2_ws/install/aws_robomaker_small_house_world/share/aws_robomaker_small_house_world/models/aws_robomaker_residential_Door_01/materials/textures/aws_Door_01.png\n'}
[0.226165] (aws_robomaker_small_house_world) StdoutLine: {'line': b'-- Up-to-date: /home/frankie/ros2_ws/install/aws_robomaker_small_house_world/share/aws_robomaker_small_house_world/models/aws_robomaker_residential_Door_01/meshes\n'}
[0.226264] (aws_robomaker_small_house_world) StdoutLine: {'line': b'-- Up-to-date: /home/frankie/ros2_ws/install/aws_robomaker_small_house_world/share/aws_robomaker_small_house_world/models/aws_robomaker_residential_Door_01/meshes/aws_Door_01_visual.DAE\n'}
[0.226328] (aws_robomaker_small_house_world) StdoutLine: {'line': b'-- Up-to-date: /home/frankie/ros2_ws/install/aws_robomaker_small_house_world/share/aws_robomaker_small_house_world/models/aws_robomaker_residential_Door_01/meshes/aws_Door_01_collision.DAE\n'}
[0.226388] (aws_robomaker_small_house_world) StdoutLine: {'line': b'-- Up-to-date: /home/frankie/ros2_ws/install/aws_robomaker_small_house_world/share/aws_robomaker_small_house_world/models/aws_robomaker_residential_Door_01/model.config\n'}
[0.226432] (aws_robomaker_small_house_world) StdoutLine: {'line': b'-- Up-to-date: /home/frankie/ros2_ws/install/aws_robomaker_small_house_world/share/aws_robomaker_small_house_world/models/aws_robomaker_residential_Door_01/model.sdf\n'}
[0.226471] (aws_robomaker_small_house_world) StdoutLine: {'line': b'-- Up-to-date: /home/frankie/ros2_ws/install/aws_robomaker_small_house_world/share/aws_robomaker_small_house_world/models/aws_robomaker_residential_TVCabinet_01\n'}
[0.226525] (aws_robomaker_small_house_world) StdoutLine: {'line': b'-- Up-to-date: /home/frankie/ros2_ws/install/aws_robomaker_small_house_world/share/aws_robomaker_small_house_world/models/aws_robomaker_residential_TVCabinet_01/materials\n'}
[0.226580] (aws_robomaker_small_house_world) StdoutLine: {'line': b'-- Up-to-date: /home/frankie/ros2_ws/install/aws_robomaker_small_house_world/share/aws_robomaker_small_house_world/models/aws_robomaker_residential_TVCabinet_01/materials/textures\n'}
[0.226705] (aws_robomaker_small_house_world) StdoutLine: {'line': b'-- Up-to-date: /home/frankie/ros2_ws/install/aws_robomaker_small_house_world/share/aws_robomaker_small_house_world/models/aws_robomaker_residential_TVCabinet_01/materials/textures/aws_TVCabinet_01.png\n'}
[0.226759] (aws_robomaker_small_house_world) StdoutLine: {'line': b'-- Up-to-date: /home/frankie/ros2_ws/install/aws_robomaker_small_house_world/share/aws_robomaker_small_house_world/models/aws_robomaker_residential_TVCabinet_01/meshes\n'}
[0.226842] (aws_robomaker_small_house_world) StdoutLine: {'line': b'-- Up-to-date: /home/frankie/ros2_ws/install/aws_robomaker_small_house_world/share/aws_robomaker_small_house_world/models/aws_robomaker_residential_TVCabinet_01/meshes/aws_TVCabinet_01_collision.DAE\n'}
[0.226896] (aws_robomaker_small_house_world) StdoutLine: {'line': b'-- Up-to-date: /home/frankie/ros2_ws/install/aws_robomaker_small_house_world/share/aws_robomaker_small_house_world/models/aws_robomaker_residential_TVCabinet_01/meshes/aws_TVCabinet_01_visual.DAE\n'}
[0.226954] (aws_robomaker_small_house_world) StdoutLine: {'line': b'-- Up-to-date: /home/frankie/ros2_ws/install/aws_robomaker_small_house_world/share/aws_robomaker_small_house_world/models/aws_robomaker_residential_TVCabinet_01/model.config\n'}
[0.226993] (aws_robomaker_small_house_world) StdoutLine: {'line': b'-- Up-to-date: /home/frankie/ros2_ws/install/aws_robomaker_small_house_world/share/aws_robomaker_small_house_world/models/aws_robomaker_residential_TVCabinet_01/model.sdf\n'}
[0.227049] (aws_robomaker_small_house_world) StdoutLine: {'line': b'-- Up-to-date: /home/frankie/ros2_ws/install/aws_robomaker_small_house_world/share/aws_robomaker_small_house_world/models/aws_robomaker_residential_FoldingDoor_02\n'}
[0.227091] (aws_robomaker_small_house_world) StdoutLine: {'line': b'-- Up-to-date: /home/frankie/ros2_ws/install/aws_robomaker_small_house_world/share/aws_robomaker_small_house_world/models/aws_robomaker_residential_FoldingDoor_02/materials\n'}
[0.227173] (aws_robomaker_small_house_world) StdoutLine: {'line': b'-- Up-to-date: /home/frankie/ros2_ws/install/aws_robomaker_small_house_world/share/aws_robomaker_small_house_world/models/aws_robomaker_residential_FoldingDoor_02/materials/textures\n'}
[0.227292] (aws_robomaker_small_house_world) StdoutLine: {'line': b'-- Up-to-date: /home/frankie/ros2_ws/install/aws_robomaker_small_house_world/share/aws_robomaker_small_house_world/models/aws_robomaker_residential_FoldingDoor_02/materials/textures/aws_FoldingDoor_02.png\n'}
[0.227346] (aws_robomaker_small_house_world) StdoutLine: {'line': b'-- Up-to-date: /home/frankie/ros2_ws/install/aws_robomaker_small_house_world/share/aws_robomaker_small_house_world/models/aws_robomaker_residential_FoldingDoor_02/meshes\n'}
[0.227438] (aws_robomaker_small_house_world) StdoutLine: {'line': b'-- Up-to-date: /home/frankie/ros2_ws/install/aws_robomaker_small_house_world/share/aws_robomaker_small_house_world/models/aws_robomaker_residential_FoldingDoor_02/meshes/aws_FoldingDoor_02_visual.DAE\n'}
[0.227511] (aws_robomaker_small_house_world) StdoutLine: {'line': b'-- Up-to-date: /home/frankie/ros2_ws/install/aws_robomaker_small_house_world/share/aws_robomaker_small_house_world/models/aws_robomaker_residential_FoldingDoor_02/meshes/aws_FoldingDoor_02_collision.DAE\n'}
[0.227548] (aws_robomaker_small_house_world) StdoutLine: {'line': b'-- Up-to-date: /home/frankie/ros2_ws/install/aws_robomaker_small_house_world/share/aws_robomaker_small_house_world/models/aws_robomaker_residential_FoldingDoor_02/model.config\n'}
[0.227584] (aws_robomaker_small_house_world) StdoutLine: {'line': b'-- Up-to-date: /home/frankie/ros2_ws/install/aws_robomaker_small_house_world/share/aws_robomaker_small_house_world/models/aws_robomaker_residential_FoldingDoor_02/model.sdf\n'}
[0.227623] (aws_robomaker_small_house_world) StdoutLine: {'line': b'-- Up-to-date: /home/frankie/ros2_ws/install/aws_robomaker_small_house_world/share/aws_robomaker_small_house_world/models/aws_robomaker_residential_Tableware_01\n'}
[0.227675] (aws_robomaker_small_house_world) StdoutLine: {'line': b'-- Up-to-date: /home/frankie/ros2_ws/install/aws_robomaker_small_house_world/share/aws_robomaker_small_house_world/models/aws_robomaker_residential_Tableware_01/materials\n'}
[0.227733] (aws_robomaker_small_house_world) StdoutLine: {'line': b'-- Up-to-date: /home/frankie/ros2_ws/install/aws_robomaker_small_house_world/share/aws_robomaker_small_house_world/models/aws_robomaker_residential_Tableware_01/materials/textures\n'}
[0.227858] (aws_robomaker_small_house_world) StdoutLine: {'line': b'-- Up-to-date: /home/frankie/ros2_ws/install/aws_robomaker_small_house_world/share/aws_robomaker_small_house_world/models/aws_robomaker_residential_Tableware_01/materials/textures/aws_Tableware_01.png\n'}
[0.227913] (aws_robomaker_small_house_world) StdoutLine: {'line': b'-- Up-to-date: /home/frankie/ros2_ws/install/aws_robomaker_small_house_world/share/aws_robomaker_small_house_world/models/aws_robomaker_residential_Tableware_01/meshes\n'}
[0.227994] (aws_robomaker_small_house_world) StdoutLine: {'line': b'-- Up-to-date: /home/frankie/ros2_ws/install/aws_robomaker_small_house_world/share/aws_robomaker_small_house_world/models/aws_robomaker_residential_Tableware_01/meshes/aws_Tableware_01_visual.DAE\n'}
[0.228055] (aws_robomaker_small_house_world) StdoutLine: {'line': b'-- Up-to-date: /home/frankie/ros2_ws/install/aws_robomaker_small_house_world/share/aws_robomaker_small_house_world/models/aws_robomaker_residential_Tableware_01/meshes/aws_Tableware_01_collision.DAE\n'}
[0.228115] (aws_robomaker_small_house_world) StdoutLine: {'line': b'-- Up-to-date: /home/frankie/ros2_ws/install/aws_robomaker_small_house_world/share/aws_robomaker_small_house_world/models/aws_robomaker_residential_Tableware_01/model.config\n'}
[0.228153] (aws_robomaker_small_house_world) StdoutLine: {'line': b'-- Up-to-date: /home/frankie/ros2_ws/install/aws_robomaker_small_house_world/share/aws_robomaker_small_house_world/models/aws_robomaker_residential_Tableware_01/model.sdf\n'}
[0.228194] (aws_robomaker_small_house_world) StdoutLine: {'line': b'-- Up-to-date: /home/frankie/ros2_ws/install/aws_robomaker_small_house_world/share/aws_robomaker_small_house_world/models/aws_robomaker_residential_DeskPortraitA_02\n'}
[0.228247] (aws_robomaker_small_house_world) StdoutLine: {'line': b'-- Up-to-date: /home/frankie/ros2_ws/install/aws_robomaker_small_house_world/share/aws_robomaker_small_house_world/models/aws_robomaker_residential_DeskPortraitA_02/materials\n'}
[0.228299] (aws_robomaker_small_house_world) StdoutLine: {'line': b'-- Up-to-date: /home/frankie/ros2_ws/install/aws_robomaker_small_house_world/share/aws_robomaker_small_house_world/models/aws_robomaker_residential_DeskPortraitA_02/materials/textures\n'}
[0.228432] (aws_robomaker_small_house_world) StdoutLine: {'line': b'-- Up-to-date: /home/frankie/ros2_ws/install/aws_robomaker_small_house_world/share/aws_robomaker_small_house_world/models/aws_robomaker_residential_DeskPortraitA_02/materials/textures/aws_DeskPortraitA_02.png\n'}
[0.228498] (aws_robomaker_small_house_world) StdoutLine: {'line': b'-- Up-to-date: /home/frankie/ros2_ws/install/aws_robomaker_small_house_world/share/aws_robomaker_small_house_world/models/aws_robomaker_residential_DeskPortraitA_02/materials/textures/aws_DeskPortraitA_01.png\n'}
[0.228536] (aws_robomaker_small_house_world) StdoutLine: {'line': b'-- Up-to-date: /home/frankie/ros2_ws/install/aws_robomaker_small_house_world/share/aws_robomaker_small_house_world/models/aws_robomaker_residential_DeskPortraitA_02/meshes\n'}
[0.228592] (aws_robomaker_small_house_world) StdoutLine: {'line': b'-- Up-to-date: /home/frankie/ros2_ws/install/aws_robomaker_small_house_world/share/aws_robomaker_small_house_world/models/aws_robomaker_residential_DeskPortraitA_02/meshes/aws_DeskPortraitA_01_collision.DAE\n'}
[0.228654] (aws_robomaker_small_house_world) StdoutLine: {'line': b'-- Up-to-date: /home/frankie/ros2_ws/install/aws_robomaker_small_house_world/share/aws_robomaker_small_house_world/models/aws_robomaker_residential_DeskPortraitA_02/meshes/aws_DeskPortraitA_01_visual.DAE\n'}
[0.228720] (aws_robomaker_small_house_world) StdoutLine: {'line': b'-- Up-to-date: /home/frankie/ros2_ws/install/aws_robomaker_small_house_world/share/aws_robomaker_small_house_world/models/aws_robomaker_residential_DeskPortraitA_02/model.config\n'}
[0.228775] (aws_robomaker_small_house_world) StdoutLine: {'line': b'-- Up-to-date: /home/frankie/ros2_ws/install/aws_robomaker_small_house_world/share/aws_robomaker_small_house_world/models/aws_robomaker_residential_DeskPortraitA_02/model.sdf\n'}
[0.228812] (aws_robomaker_small_house_world) StdoutLine: {'line': b'-- Up-to-date: /home/frankie/ros2_ws/install/aws_robomaker_small_house_world/share/aws_robomaker_small_house_world/models/aws_robomaker_residential_CookingBench_01\n'}
[0.228846] (aws_robomaker_small_house_world) StdoutLine: {'line': b'-- Up-to-date: /home/frankie/ros2_ws/install/aws_robomaker_small_house_world/share/aws_robomaker_small_house_world/models/aws_robomaker_residential_CookingBench_01/materials\n'}
[0.228900] (aws_robomaker_small_house_world) StdoutLine: {'line': b'-- Up-to-date: /home/frankie/ros2_ws/install/aws_robomaker_small_house_world/share/aws_robomaker_small_house_world/models/aws_robomaker_residential_CookingBench_01/materials/textures\n'}
[0.229018] (aws_robomaker_small_house_world) StdoutLine: {'line': b'-- Up-to-date: /home/frankie/ros2_ws/install/aws_robomaker_small_house_world/share/aws_robomaker_small_house_world/models/aws_robomaker_residential_CookingBench_01/materials/textures/aws_CookingBench_01.png\n'}
[0.229076] (aws_robomaker_small_house_world) StdoutLine: {'line': b'-- Up-to-date: /home/frankie/ros2_ws/install/aws_robomaker_small_house_world/share/aws_robomaker_small_house_world/models/aws_robomaker_residential_CookingBench_01/meshes\n'}
[0.229200] (aws_robomaker_small_house_world) StdoutLine: {'line': b'-- Up-to-date: /home/frankie/ros2_ws/install/aws_robomaker_small_house_world/share/aws_robomaker_small_house_world/models/aws_robomaker_residential_CookingBench_01/meshes/aws_CookingBench_01_visual.DAE\n'}
[0.229291] (aws_robomaker_small_house_world) StdoutLine: {'line': b'-- Up-to-date: /home/frankie/ros2_ws/install/aws_robomaker_small_house_world/share/aws_robomaker_small_house_world/models/aws_robomaker_residential_CookingBench_01/meshes/aws_CookingBench_01_collision.DAE\n'}
[0.229382] (aws_robomaker_small_house_world) StdoutLine: {'line': b'-- Up-to-date: /home/frankie/ros2_ws/install/aws_robomaker_small_house_world/share/aws_robomaker_small_house_world/models/aws_robomaker_residential_CookingBench_01/meshes/aws_CookingBench_01.DAE\n'}
[0.229499] (aws_robomaker_small_house_world) StdoutLine: {'line': b'-- Up-to-date: /home/frankie/ros2_ws/install/aws_robomaker_small_house_world/share/aws_robomaker_small_house_world/models/aws_robomaker_residential_CookingBench_01/model.config\n'}
[0.229552] (aws_robomaker_small_house_world) StdoutLine: {'line': b'-- Up-to-date: /home/frankie/ros2_ws/install/aws_robomaker_small_house_world/share/aws_robomaker_small_house_world/models/aws_robomaker_residential_CookingBench_01/model.sdf\n'}
[0.229596] (aws_robomaker_small_house_world) StdoutLine: {'line': b'-- Up-to-date: /home/frankie/ros2_ws/install/aws_robomaker_small_house_world/share/aws_robomaker_small_house_world/models/aws_robomaker_residential_KitchenCabinet_01\n'}
[0.229635] (aws_robomaker_small_house_world) StdoutLine: {'line': b'-- Up-to-date: /home/frankie/ros2_ws/install/aws_robomaker_small_house_world/share/aws_robomaker_small_house_world/models/aws_robomaker_residential_KitchenCabinet_01/materials\n'}
[0.229691] (aws_robomaker_small_house_world) StdoutLine: {'line': b'-- Up-to-date: /home/frankie/ros2_ws/install/aws_robomaker_small_house_world/share/aws_robomaker_small_house_world/models/aws_robomaker_residential_KitchenCabinet_01/materials/textures\n'}
[0.229751] (aws_robomaker_small_house_world) StdoutLine: {'line': b'-- Up-to-date: /home/frankie/ros2_ws/install/aws_robomaker_small_house_world/share/aws_robomaker_small_house_world/models/aws_robomaker_residential_KitchenCabinet_01/materials/textures/aws_KitchenCabinet_01.png\n'}
[0.229811] (aws_robomaker_small_house_world) StdoutLine: {'line': b'-- Up-to-date: /home/frankie/ros2_ws/install/aws_robomaker_small_house_world/share/aws_robomaker_small_house_world/models/aws_robomaker_residential_KitchenCabinet_01/meshes\n'}
[0.229886] (aws_robomaker_small_house_world) StdoutLine: {'line': b'-- Up-to-date: /home/frankie/ros2_ws/install/aws_robomaker_small_house_world/share/aws_robomaker_small_house_world/models/aws_robomaker_residential_KitchenCabinet_01/meshes/aws_KitchenCabinet_01_visual.DAE\n'}
[0.229957] (aws_robomaker_small_house_world) StdoutLine: {'line': b'-- Up-to-date: /home/frankie/ros2_ws/install/aws_robomaker_small_house_world/share/aws_robomaker_small_house_world/models/aws_robomaker_residential_KitchenCabinet_01/meshes/aws_KitchenCabinet_01_collision.DAE\n'}
[0.229994] (aws_robomaker_small_house_world) StdoutLine: {'line': b'-- Up-to-date: /home/frankie/ros2_ws/install/aws_robomaker_small_house_world/share/aws_robomaker_small_house_world/models/aws_robomaker_residential_KitchenCabinet_01/model.config\n'}
[0.230029] (aws_robomaker_small_house_world) StdoutLine: {'line': b'-- Up-to-date: /home/frankie/ros2_ws/install/aws_robomaker_small_house_world/share/aws_robomaker_small_house_world/models/aws_robomaker_residential_KitchenCabinet_01/model.sdf\n'}
[0.230069] (aws_robomaker_small_house_world) StdoutLine: {'line': b'-- Up-to-date: /home/frankie/ros2_ws/install/aws_robomaker_small_house_world/share/aws_robomaker_small_house_world/models/aws_robomaker_residential_DeskPortraitB_02\n'}
[0.230122] (aws_robomaker_small_house_world) StdoutLine: {'line': b'-- Up-to-date: /home/frankie/ros2_ws/install/aws_robomaker_small_house_world/share/aws_robomaker_small_house_world/models/aws_robomaker_residential_DeskPortraitB_02/materials\n'}
[0.230183] (aws_robomaker_small_house_world) StdoutLine: {'line': b'-- Up-to-date: /home/frankie/ros2_ws/install/aws_robomaker_small_house_world/share/aws_robomaker_small_house_world/models/aws_robomaker_residential_DeskPortraitB_02/materials/textures\n'}
[0.230308] (aws_robomaker_small_house_world) StdoutLine: {'line': b'-- Up-to-date: /home/frankie/ros2_ws/install/aws_robomaker_small_house_world/share/aws_robomaker_small_house_world/models/aws_robomaker_residential_DeskPortraitB_02/materials/textures/aws_DeskPortraitB_01.png\n'}
[0.230370] (aws_robomaker_small_house_world) StdoutLine: {'line': b'-- Up-to-date: /home/frankie/ros2_ws/install/aws_robomaker_small_house_world/share/aws_robomaker_small_house_world/models/aws_robomaker_residential_DeskPortraitB_02/materials/textures/aws_DeskPortraitB_02.png\n'}
[0.230416] (aws_robomaker_small_house_world) StdoutLine: {'line': b'-- Up-to-date: /home/frankie/ros2_ws/install/aws_robomaker_small_house_world/share/aws_robomaker_small_house_world/models/aws_robomaker_residential_DeskPortraitB_02/meshes\n'}
[0.230480] (aws_robomaker_small_house_world) StdoutLine: {'line': b'-- Up-to-date: /home/frankie/ros2_ws/install/aws_robomaker_small_house_world/share/aws_robomaker_small_house_world/models/aws_robomaker_residential_DeskPortraitB_02/meshes/aws_DeskPortraitB_01_visual.DAE\n'}
[0.230525] (aws_robomaker_small_house_world) StdoutLine: {'line': b'-- Up-to-date: /home/frankie/ros2_ws/install/aws_robomaker_small_house_world/share/aws_robomaker_small_house_world/models/aws_robomaker_residential_DeskPortraitB_02/meshes/aws_DeskPortraitB_01_collision.DAE\n'}
[0.230576] (aws_robomaker_small_house_world) StdoutLine: {'line': b'-- Up-to-date: /home/frankie/ros2_ws/install/aws_robomaker_small_house_world/share/aws_robomaker_small_house_world/models/aws_robomaker_residential_DeskPortraitB_02/model.config\n'}
[0.230638] (aws_robomaker_small_house_world) StdoutLine: {'line': b'-- Up-to-date: /home/frankie/ros2_ws/install/aws_robomaker_small_house_world/share/aws_robomaker_small_house_world/models/aws_robomaker_residential_DeskPortraitB_02/model.sdf\n'}
[0.230675] (aws_robomaker_small_house_world) StdoutLine: {'line': b'-- Up-to-date: /home/frankie/ros2_ws/install/aws_robomaker_small_house_world/share/aws_robomaker_small_house_world/models/aws_robomaker_residential_Dumbbell_01\n'}
[0.230711] (aws_robomaker_small_house_world) StdoutLine: {'line': b'-- Up-to-date: /home/frankie/ros2_ws/install/aws_robomaker_small_house_world/share/aws_robomaker_small_house_world/models/aws_robomaker_residential_Dumbbell_01/materials\n'}
[0.230763] (aws_robomaker_small_house_world) StdoutLine: {'line': b'-- Up-to-date: /home/frankie/ros2_ws/install/aws_robomaker_small_house_world/share/aws_robomaker_small_house_world/models/aws_robomaker_residential_Dumbbell_01/materials/textures\n'}
[0.230882] (aws_robomaker_small_house_world) StdoutLine: {'line': b'-- Up-to-date: /home/frankie/ros2_ws/install/aws_robomaker_small_house_world/share/aws_robomaker_small_house_world/models/aws_robomaker_residential_Dumbbell_01/materials/textures/aws_Dumbbell_01.png\n'}
[0.230937] (aws_robomaker_small_house_world) StdoutLine: {'line': b'-- Up-to-date: /home/frankie/ros2_ws/install/aws_robomaker_small_house_world/share/aws_robomaker_small_house_world/models/aws_robomaker_residential_Dumbbell_01/meshes\n'}
[0.231016] (aws_robomaker_small_house_world) StdoutLine: {'line': b'-- Up-to-date: /home/frankie/ros2_ws/install/aws_robomaker_small_house_world/share/aws_robomaker_small_house_world/models/aws_robomaker_residential_Dumbbell_01/meshes/aws_Dumbbell_01_visual.DAE\n'}
[0.231077] (aws_robomaker_small_house_world) StdoutLine: {'line': b'-- Up-to-date: /home/frankie/ros2_ws/install/aws_robomaker_small_house_world/share/aws_robomaker_small_house_world/models/aws_robomaker_residential_Dumbbell_01/meshes/aws_Dumbbell_01_collision.DAE\n'}
[0.231132] (aws_robomaker_small_house_world) StdoutLine: {'line': b'-- Up-to-date: /home/frankie/ros2_ws/install/aws_robomaker_small_house_world/share/aws_robomaker_small_house_world/models/aws_robomaker_residential_Dumbbell_01/model.config\n'}
[0.231169] (aws_robomaker_small_house_world) StdoutLine: {'line': b'-- Up-to-date: /home/frankie/ros2_ws/install/aws_robomaker_small_house_world/share/aws_robomaker_small_house_world/models/aws_robomaker_residential_Dumbbell_01/model.sdf\n'}
[0.231220] (aws_robomaker_small_house_world) StdoutLine: {'line': b'-- Up-to-date: /home/frankie/ros2_ws/install/aws_robomaker_small_house_world/share/aws_robomaker_small_house_world/models/aws_robomaker_residential_FloorB_01\n'}
[0.231257] (aws_robomaker_small_house_world) StdoutLine: {'line': b'-- Up-to-date: /home/frankie/ros2_ws/install/aws_robomaker_small_house_world/share/aws_robomaker_small_house_world/models/aws_robomaker_residential_FloorB_01/materials\n'}
[0.231311] (aws_robomaker_small_house_world) StdoutLine: {'line': b'-- Up-to-date: /home/frankie/ros2_ws/install/aws_robomaker_small_house_world/share/aws_robomaker_small_house_world/models/aws_robomaker_residential_FloorB_01/materials/textures\n'}
[0.231433] (aws_robomaker_small_house_world) StdoutLine: {'line': b'-- Up-to-date: /home/frankie/ros2_ws/install/aws_robomaker_small_house_world/share/aws_robomaker_small_house_world/models/aws_robomaker_residential_FloorB_01/materials/textures/aws_FloorB_01.png\n'}
[0.231487] (aws_robomaker_small_house_world) StdoutLine: {'line': b'-- Up-to-date: /home/frankie/ros2_ws/install/aws_robomaker_small_house_world/share/aws_robomaker_small_house_world/models/aws_robomaker_residential_FloorB_01/meshes\n'}
[0.231570] (aws_robomaker_small_house_world) StdoutLine: {'line': b'-- Up-to-date: /home/frankie/ros2_ws/install/aws_robomaker_small_house_world/share/aws_robomaker_small_house_world/models/aws_robomaker_residential_FloorB_01/meshes/aws_FloorB_01_visual.DAE\n'}
[0.231630] (aws_robomaker_small_house_world) StdoutLine: {'line': b'-- Up-to-date: /home/frankie/ros2_ws/install/aws_robomaker_small_house_world/share/aws_robomaker_small_house_world/models/aws_robomaker_residential_FloorB_01/meshes/aws_FloorB_01_collision.DAE\n'}
[0.231689] (aws_robomaker_small_house_world) StdoutLine: {'line': b'-- Up-to-date: /home/frankie/ros2_ws/install/aws_robomaker_small_house_world/share/aws_robomaker_small_house_world/models/aws_robomaker_residential_FloorB_01/model.config\n'}
[0.231727] (aws_robomaker_small_house_world) StdoutLine: {'line': b'-- Up-to-date: /home/frankie/ros2_ws/install/aws_robomaker_small_house_world/share/aws_robomaker_small_house_world/models/aws_robomaker_residential_FloorB_01/model.sdf\n'}
[0.231766] (aws_robomaker_small_house_world) StdoutLine: {'line': b'-- Up-to-date: /home/frankie/ros2_ws/install/aws_robomaker_small_house_world/share/aws_robomaker_small_house_world/models/aws_robomaker_residential_PortraitA_02\n'}
[0.231818] (aws_robomaker_small_house_world) StdoutLine: {'line': b'-- Up-to-date: /home/frankie/ros2_ws/install/aws_robomaker_small_house_world/share/aws_robomaker_small_house_world/models/aws_robomaker_residential_PortraitA_02/materials\n'}
[0.231871] (aws_robomaker_small_house_world) StdoutLine: {'line': b'-- Up-to-date: /home/frankie/ros2_ws/install/aws_robomaker_small_house_world/share/aws_robomaker_small_house_world/models/aws_robomaker_residential_PortraitA_02/materials/textures\n'}
[0.231991] (aws_robomaker_small_house_world) StdoutLine: {'line': b'-- Up-to-date: /home/frankie/ros2_ws/install/aws_robomaker_small_house_world/share/aws_robomaker_small_house_world/models/aws_robomaker_residential_PortraitA_02/materials/textures/aws_PortraitA_01.png\n'}
[0.232042] (aws_robomaker_small_house_world) StdoutLine: {'line': b'-- Up-to-date: /home/frankie/ros2_ws/install/aws_robomaker_small_house_world/share/aws_robomaker_small_house_world/models/aws_robomaker_residential_PortraitA_02/materials/textures/aws_PortraitA_02.png\n'}
[0.232095] (aws_robomaker_small_house_world) StdoutLine: {'line': b'-- Up-to-date: /home/frankie/ros2_ws/install/aws_robomaker_small_house_world/share/aws_robomaker_small_house_world/models/aws_robomaker_residential_PortraitA_02/meshes\n'}
[0.232153] (aws_robomaker_small_house_world) StdoutLine: {'line': b'-- Up-to-date: /home/frankie/ros2_ws/install/aws_robomaker_small_house_world/share/aws_robomaker_small_house_world/models/aws_robomaker_residential_PortraitA_02/meshes/aws_PortraitA_01_collision.DAE\n'}
[0.232199] (aws_robomaker_small_house_world) StdoutLine: {'line': b'-- Up-to-date: /home/frankie/ros2_ws/install/aws_robomaker_small_house_world/share/aws_robomaker_small_house_world/models/aws_robomaker_residential_PortraitA_02/meshes/aws_PortraitA_01_visual.DAE\n'}
[0.232252] (aws_robomaker_small_house_world) StdoutLine: {'line': b'-- Up-to-date: /home/frankie/ros2_ws/install/aws_robomaker_small_house_world/share/aws_robomaker_small_house_world/models/aws_robomaker_residential_PortraitA_02/model.config\n'}
[0.232310] (aws_robomaker_small_house_world) StdoutLine: {'line': b'-- Up-to-date: /home/frankie/ros2_ws/install/aws_robomaker_small_house_world/share/aws_robomaker_small_house_world/models/aws_robomaker_residential_PortraitA_02/model.sdf\n'}
[0.232360] (aws_robomaker_small_house_world) StdoutLine: {'line': b'-- Up-to-date: /home/frankie/ros2_ws/install/aws_robomaker_small_house_world/share/aws_robomaker_small_house_world/models/aws_robomaker_residential_BalconyTable_01\n'}
[0.232401] (aws_robomaker_small_house_world) StdoutLine: {'line': b'-- Up-to-date: /home/frankie/ros2_ws/install/aws_robomaker_small_house_world/share/aws_robomaker_small_house_world/models/aws_robomaker_residential_BalconyTable_01/materials\n'}
[0.232460] (aws_robomaker_small_house_world) StdoutLine: {'line': b'-- Up-to-date: /home/frankie/ros2_ws/install/aws_robomaker_small_house_world/share/aws_robomaker_small_house_world/models/aws_robomaker_residential_BalconyTable_01/materials/textures\n'}
[0.232566] (aws_robomaker_small_house_world) StdoutLine: {'line': b'-- Up-to-date: /home/frankie/ros2_ws/install/aws_robomaker_small_house_world/share/aws_robomaker_small_house_world/models/aws_robomaker_residential_BalconyTable_01/materials/textures/aws_BalconyTable_01.png\n'}
[0.232619] (aws_robomaker_small_house_world) StdoutLine: {'line': b'-- Up-to-date: /home/frankie/ros2_ws/install/aws_robomaker_small_house_world/share/aws_robomaker_small_house_world/models/aws_robomaker_residential_BalconyTable_01/meshes\n'}
[0.232702] (aws_robomaker_small_house_world) StdoutLine: {'line': b'-- Up-to-date: /home/frankie/ros2_ws/install/aws_robomaker_small_house_world/share/aws_robomaker_small_house_world/models/aws_robomaker_residential_BalconyTable_01/meshes/aws_BalconyTable_01_visual.DAE\n'}
[0.232765] (aws_robomaker_small_house_world) StdoutLine: {'line': b'-- Up-to-date: /home/frankie/ros2_ws/install/aws_robomaker_small_house_world/share/aws_robomaker_small_house_world/models/aws_robomaker_residential_BalconyTable_01/meshes/aws_BalconyTable_01_collision.DAE\n'}
[0.232824] (aws_robomaker_small_house_world) StdoutLine: {'line': b'-- Up-to-date: /home/frankie/ros2_ws/install/aws_robomaker_small_house_world/share/aws_robomaker_small_house_world/models/aws_robomaker_residential_BalconyTable_01/model.config\n'}
[0.232863] (aws_robomaker_small_house_world) StdoutLine: {'line': b'-- Up-to-date: /home/frankie/ros2_ws/install/aws_robomaker_small_house_world/share/aws_robomaker_small_house_world/models/aws_robomaker_residential_BalconyTable_01/model.sdf\n'}
[0.232902] (aws_robomaker_small_house_world) StdoutLine: {'line': b'-- Up-to-date: /home/frankie/ros2_ws/install/aws_robomaker_small_house_world/share/aws_robomaker_small_house_world/models/aws_robomaker_residential_Bed_01\n'}
[0.232954] (aws_robomaker_small_house_world) StdoutLine: {'line': b'-- Up-to-date: /home/frankie/ros2_ws/install/aws_robomaker_small_house_world/share/aws_robomaker_small_house_world/models/aws_robomaker_residential_Bed_01/materials\n'}
[0.233007] (aws_robomaker_small_house_world) StdoutLine: {'line': b'-- Up-to-date: /home/frankie/ros2_ws/install/aws_robomaker_small_house_world/share/aws_robomaker_small_house_world/models/aws_robomaker_residential_Bed_01/materials/textures\n'}
[0.233116] (aws_robomaker_small_house_world) StdoutLine: {'line': b'-- Up-to-date: /home/frankie/ros2_ws/install/aws_robomaker_small_house_world/share/aws_robomaker_small_house_world/models/aws_robomaker_residential_Bed_01/materials/textures/aws_BedC_01.png\n'}
[0.233171] (aws_robomaker_small_house_world) StdoutLine: {'line': b'-- Up-to-date: /home/frankie/ros2_ws/install/aws_robomaker_small_house_world/share/aws_robomaker_small_house_world/models/aws_robomaker_residential_Bed_01/materials/textures/aws_Bed_01.png\n'}
[0.233224] (aws_robomaker_small_house_world) StdoutLine: {'line': b'-- Up-to-date: /home/frankie/ros2_ws/install/aws_robomaker_small_house_world/share/aws_robomaker_small_house_world/models/aws_robomaker_residential_Bed_01/materials/textures/aws_BedB_01.png\n'}
[0.233287] (aws_robomaker_small_house_world) StdoutLine: {'line': b'-- Up-to-date: /home/frankie/ros2_ws/install/aws_robomaker_small_house_world/share/aws_robomaker_small_house_world/models/aws_robomaker_residential_Bed_01/materials/textures/aws_BedA_01.png\n'}
[0.233345] (aws_robomaker_small_house_world) StdoutLine: {'line': b'-- Up-to-date: /home/frankie/ros2_ws/install/aws_robomaker_small_house_world/share/aws_robomaker_small_house_world/models/aws_robomaker_residential_Bed_01/meshes\n'}
[0.233385] (aws_robomaker_small_house_world) StdoutLine: {'line': b'-- Up-to-date: /home/frankie/ros2_ws/install/aws_robomaker_small_house_world/share/aws_robomaker_small_house_world/models/aws_robomaker_residential_Bed_01/meshes/aws_Bed_01_collision.DAE\n'}
[0.233448] (aws_robomaker_small_house_world) StdoutLine: {'line': b'-- Up-to-date: /home/frankie/ros2_ws/install/aws_robomaker_small_house_world/share/aws_robomaker_small_house_world/models/aws_robomaker_residential_Bed_01/meshes/aws_Bed_01_visual.DAE\n'}
[0.233489] (aws_robomaker_small_house_world) StdoutLine: {'line': b'-- Up-to-date: /home/frankie/ros2_ws/install/aws_robomaker_small_house_world/share/aws_robomaker_small_house_world/models/aws_robomaker_residential_Bed_01/model.config\n'}
[0.233527] (aws_robomaker_small_house_world) StdoutLine: {'line': b'-- Up-to-date: /home/frankie/ros2_ws/install/aws_robomaker_small_house_world/share/aws_robomaker_small_house_world/models/aws_robomaker_residential_Bed_01/model.sdf\n'}
[0.233565] (aws_robomaker_small_house_world) StdoutLine: {'line': b'-- Up-to-date: /home/frankie/ros2_ws/install/aws_robomaker_small_house_world/share/aws_robomaker_small_house_world/models/aws_robomaker_residential_Trash_01\n'}
[0.233620] (aws_robomaker_small_house_world) StdoutLine: {'line': b'-- Up-to-date: /home/frankie/ros2_ws/install/aws_robomaker_small_house_world/share/aws_robomaker_small_house_world/models/aws_robomaker_residential_Trash_01/materials\n'}
[0.233671] (aws_robomaker_small_house_world) StdoutLine: {'line': b'-- Up-to-date: /home/frankie/ros2_ws/install/aws_robomaker_small_house_world/share/aws_robomaker_small_house_world/models/aws_robomaker_residential_Trash_01/materials/textures\n'}
[0.233739] (aws_robomaker_small_house_world) StdoutLine: {'line': b'-- Up-to-date: /home/frankie/ros2_ws/install/aws_robomaker_small_house_world/share/aws_robomaker_small_house_world/models/aws_robomaker_residential_Trash_01/materials/textures/aws_Trash_01.png\n'}
[0.233794] (aws_robomaker_small_house_world) StdoutLine: {'line': b'-- Up-to-date: /home/frankie/ros2_ws/install/aws_robomaker_small_house_world/share/aws_robomaker_small_house_world/models/aws_robomaker_residential_Trash_01/meshes\n'}
[0.233871] (aws_robomaker_small_house_world) StdoutLine: {'line': b'-- Up-to-date: /home/frankie/ros2_ws/install/aws_robomaker_small_house_world/share/aws_robomaker_small_house_world/models/aws_robomaker_residential_Trash_01/meshes/aws_Trash_01_visual.DAE\n'}
[0.233963] (aws_robomaker_small_house_world) StdoutLine: {'line': b'-- Up-to-date: /home/frankie/ros2_ws/install/aws_robomaker_small_house_world/share/aws_robomaker_small_house_world/models/aws_robomaker_residential_Trash_01/meshes/aws_Trash_01_collision.DAE\n'}
[0.234019] (aws_robomaker_small_house_world) StdoutLine: {'line': b'-- Up-to-date: /home/frankie/ros2_ws/install/aws_robomaker_small_house_world/share/aws_robomaker_small_house_world/models/aws_robomaker_residential_Trash_01/model.config\n'}
[0.234067] (aws_robomaker_small_house_world) StdoutLine: {'line': b'-- Up-to-date: /home/frankie/ros2_ws/install/aws_robomaker_small_house_world/share/aws_robomaker_small_house_world/models/aws_robomaker_residential_Trash_01/model.sdf\n'}
[0.234103] (aws_robomaker_small_house_world) StdoutLine: {'line': b'-- Up-to-date: /home/frankie/ros2_ws/install/aws_robomaker_small_house_world/share/aws_robomaker_small_house_world/models/aws_robomaker_residential_FitnessEquipment_01\n'}
[0.234138] (aws_robomaker_small_house_world) StdoutLine: {'line': b'-- Up-to-date: /home/frankie/ros2_ws/install/aws_robomaker_small_house_world/share/aws_robomaker_small_house_world/models/aws_robomaker_residential_FitnessEquipment_01/materials\n'}
[0.234189] (aws_robomaker_small_house_world) StdoutLine: {'line': b'-- Up-to-date: /home/frankie/ros2_ws/install/aws_robomaker_small_house_world/share/aws_robomaker_small_house_world/models/aws_robomaker_residential_FitnessEquipment_01/materials/textures\n'}
[0.234297] (aws_robomaker_small_house_world) StdoutLine: {'line': b'-- Up-to-date: /home/frankie/ros2_ws/install/aws_robomaker_small_house_world/share/aws_robomaker_small_house_world/models/aws_robomaker_residential_FitnessEquipment_01/materials/textures/aws_FitnessEquipment_01.png\n'}
[0.234351] (aws_robomaker_small_house_world) StdoutLine: {'line': b'-- Up-to-date: /home/frankie/ros2_ws/install/aws_robomaker_small_house_world/share/aws_robomaker_small_house_world/models/aws_robomaker_residential_FitnessEquipment_01/meshes\n'}
[0.234433] (aws_robomaker_small_house_world) StdoutLine: {'line': b'-- Up-to-date: /home/frankie/ros2_ws/install/aws_robomaker_small_house_world/share/aws_robomaker_small_house_world/models/aws_robomaker_residential_FitnessEquipment_01/meshes/aws_FitnessEquipment_01_visual.DAE\n'}
[0.234486] (aws_robomaker_small_house_world) StdoutLine: {'line': b'-- Up-to-date: /home/frankie/ros2_ws/install/aws_robomaker_small_house_world/share/aws_robomaker_small_house_world/models/aws_robomaker_residential_FitnessEquipment_01/meshes/aws_FitnessEquipment_01_collision.DAE\n'}
[0.234538] (aws_robomaker_small_house_world) StdoutLine: {'line': b'-- Up-to-date: /home/frankie/ros2_ws/install/aws_robomaker_small_house_world/share/aws_robomaker_small_house_world/models/aws_robomaker_residential_FitnessEquipment_01/model.config\n'}
[0.234595] (aws_robomaker_small_house_world) StdoutLine: {'line': b'-- Up-to-date: /home/frankie/ros2_ws/install/aws_robomaker_small_house_world/share/aws_robomaker_small_house_world/models/aws_robomaker_residential_FitnessEquipment_01/model.sdf\n'}
[0.234635] (aws_robomaker_small_house_world) StdoutLine: {'line': b'-- Up-to-date: /home/frankie/ros2_ws/install/aws_robomaker_small_house_world/share/aws_robomaker_small_house_world/models/aws_robomaker_residential_Sofa_01\n'}
[0.234687] (aws_robomaker_small_house_world) StdoutLine: {'line': b'-- Up-to-date: /home/frankie/ros2_ws/install/aws_robomaker_small_house_world/share/aws_robomaker_small_house_world/models/aws_robomaker_residential_Sofa_01/materials\n'}
[0.234738] (aws_robomaker_small_house_world) StdoutLine: {'line': b'-- Up-to-date: /home/frankie/ros2_ws/install/aws_robomaker_small_house_world/share/aws_robomaker_small_house_world/models/aws_robomaker_residential_Sofa_01/materials/textures\n'}
[0.234853] (aws_robomaker_small_house_world) StdoutLine: {'line': b'-- Up-to-date: /home/frankie/ros2_ws/install/aws_robomaker_small_house_world/share/aws_robomaker_small_house_world/models/aws_robomaker_residential_Sofa_01/materials/textures/aws_Sofa_01.png\n'}
[0.234905] (aws_robomaker_small_house_world) StdoutLine: {'line': b'-- Up-to-date: /home/frankie/ros2_ws/install/aws_robomaker_small_house_world/share/aws_robomaker_small_house_world/models/aws_robomaker_residential_Sofa_01/meshes\n'}
[0.234987] (aws_robomaker_small_house_world) StdoutLine: {'line': b'-- Up-to-date: /home/frankie/ros2_ws/install/aws_robomaker_small_house_world/share/aws_robomaker_small_house_world/models/aws_robomaker_residential_Sofa_01/meshes/aws_Sofa_01.DAE\n'}
[0.235041] (aws_robomaker_small_house_world) StdoutLine: {'line': b'-- Up-to-date: /home/frankie/ros2_ws/install/aws_robomaker_small_house_world/share/aws_robomaker_small_house_world/models/aws_robomaker_residential_Sofa_01/meshes/aws_Sofa_01_collision.DAE\n'}
[0.235103] (aws_robomaker_small_house_world) StdoutLine: {'line': b'-- Up-to-date: /home/frankie/ros2_ws/install/aws_robomaker_small_house_world/share/aws_robomaker_small_house_world/models/aws_robomaker_residential_Sofa_01/meshes/aws_Sofa_01_visual.DAE\n'}
[0.235142] (aws_robomaker_small_house_world) StdoutLine: {'line': b'-- Up-to-date: /home/frankie/ros2_ws/install/aws_robomaker_small_house_world/share/aws_robomaker_small_house_world/models/aws_robomaker_residential_Sofa_01/model.config\n'}
[0.235189] (aws_robomaker_small_house_world) StdoutLine: {'line': b'-- Up-to-date: /home/frankie/ros2_ws/install/aws_robomaker_small_house_world/share/aws_robomaker_small_house_world/models/aws_robomaker_residential_Sofa_01/model.sdf\n'}
[0.235229] (aws_robomaker_small_house_world) StdoutLine: {'line': b'-- Up-to-date: /home/frankie/ros2_ws/install/aws_robomaker_small_house_world/share/aws_robomaker_small_house_world/models/aws_robomaker_residential_PortraitB_03\n'}
[0.235269] (aws_robomaker_small_house_world) StdoutLine: {'line': b'-- Up-to-date: /home/frankie/ros2_ws/install/aws_robomaker_small_house_world/share/aws_robomaker_small_house_world/models/aws_robomaker_residential_PortraitB_03/materials\n'}
[0.235320] (aws_robomaker_small_house_world) StdoutLine: {'line': b'-- Up-to-date: /home/frankie/ros2_ws/install/aws_robomaker_small_house_world/share/aws_robomaker_small_house_world/models/aws_robomaker_residential_PortraitB_03/materials/textures\n'}
[0.235421] (aws_robomaker_small_house_world) StdoutLine: {'line': b'-- Up-to-date: /home/frankie/ros2_ws/install/aws_robomaker_small_house_world/share/aws_robomaker_small_house_world/models/aws_robomaker_residential_PortraitB_03/materials/textures/aws_PortraitB_02.png\n'}
[0.235474] (aws_robomaker_small_house_world) StdoutLine: {'line': b'-- Up-to-date: /home/frankie/ros2_ws/install/aws_robomaker_small_house_world/share/aws_robomaker_small_house_world/models/aws_robomaker_residential_PortraitB_03/materials/textures/aws_PortraitB_01.png\n'}
[0.235527] (aws_robomaker_small_house_world) StdoutLine: {'line': b'-- Up-to-date: /home/frankie/ros2_ws/install/aws_robomaker_small_house_world/share/aws_robomaker_small_house_world/models/aws_robomaker_residential_PortraitB_03/meshes\n'}
[0.235579] (aws_robomaker_small_house_world) StdoutLine: {'line': b'-- Up-to-date: /home/frankie/ros2_ws/install/aws_robomaker_small_house_world/share/aws_robomaker_small_house_world/models/aws_robomaker_residential_PortraitB_03/meshes/aws_PortraitB_01_collision.DAE\n'}
[0.235633] (aws_robomaker_small_house_world) StdoutLine: {'line': b'-- Up-to-date: /home/frankie/ros2_ws/install/aws_robomaker_small_house_world/share/aws_robomaker_small_house_world/models/aws_robomaker_residential_PortraitB_03/meshes/aws_PortraitB_01_visual.DAE\n'}
[0.235691] (aws_robomaker_small_house_world) StdoutLine: {'line': b'-- Up-to-date: /home/frankie/ros2_ws/install/aws_robomaker_small_house_world/share/aws_robomaker_small_house_world/models/aws_robomaker_residential_PortraitB_03/model.config\n'}
[0.235729] (aws_robomaker_small_house_world) StdoutLine: {'line': b'-- Up-to-date: /home/frankie/ros2_ws/install/aws_robomaker_small_house_world/share/aws_robomaker_small_house_world/models/aws_robomaker_residential_PortraitB_03/model.sdf\n'}
[0.235767] (aws_robomaker_small_house_world) StdoutLine: {'line': b'-- Up-to-date: /home/frankie/ros2_ws/install/aws_robomaker_small_house_world/share/aws_robomaker_small_house_world/models/aws_robomaker_residential_Tablet_01\n'}
[0.235818] (aws_robomaker_small_house_world) StdoutLine: {'line': b'-- Up-to-date: /home/frankie/ros2_ws/install/aws_robomaker_small_house_world/share/aws_robomaker_small_house_world/models/aws_robomaker_residential_Tablet_01/materials\n'}
[0.235866] (aws_robomaker_small_house_world) StdoutLine: {'line': b'-- Up-to-date: /home/frankie/ros2_ws/install/aws_robomaker_small_house_world/share/aws_robomaker_small_house_world/models/aws_robomaker_residential_Tablet_01/materials/textures\n'}
[0.235988] (aws_robomaker_small_house_world) StdoutLine: {'line': b'-- Up-to-date: /home/frankie/ros2_ws/install/aws_robomaker_small_house_world/share/aws_robomaker_small_house_world/models/aws_robomaker_residential_Tablet_01/materials/textures/aws_Tablet_01_nologo.png\n'}
[0.236041] (aws_robomaker_small_house_world) StdoutLine: {'line': b'-- Up-to-date: /home/frankie/ros2_ws/install/aws_robomaker_small_house_world/share/aws_robomaker_small_house_world/models/aws_robomaker_residential_Tablet_01/meshes\n'}
[0.236120] (aws_robomaker_small_house_world) StdoutLine: {'line': b'-- Up-to-date: /home/frankie/ros2_ws/install/aws_robomaker_small_house_world/share/aws_robomaker_small_house_world/models/aws_robomaker_residential_Tablet_01/meshes/aws_Tablet_01_visual.DAE\n'}
[0.236171] (aws_robomaker_small_house_world) StdoutLine: {'line': b'-- Up-to-date: /home/frankie/ros2_ws/install/aws_robomaker_small_house_world/share/aws_robomaker_small_house_world/models/aws_robomaker_residential_Tablet_01/meshes/aws_Tablet_01_collision.DAE\n'}
[0.236227] (aws_robomaker_small_house_world) StdoutLine: {'line': b'-- Up-to-date: /home/frankie/ros2_ws/install/aws_robomaker_small_house_world/share/aws_robomaker_small_house_world/models/aws_robomaker_residential_Tablet_01/model.config\n'}
[0.236265] (aws_robomaker_small_house_world) StdoutLine: {'line': b'-- Up-to-date: /home/frankie/ros2_ws/install/aws_robomaker_small_house_world/share/aws_robomaker_small_house_world/models/aws_robomaker_residential_Tablet_01/model.sdf\n'}
[0.236301] (aws_robomaker_small_house_world) StdoutLine: {'line': b'-- Up-to-date: /home/frankie/ros2_ws/install/aws_robomaker_small_house_world/share/aws_robomaker_small_house_world/models/aws_robomaker_residential_PortraitA_01\n'}
[0.236352] (aws_robomaker_small_house_world) StdoutLine: {'line': b'-- Up-to-date: /home/frankie/ros2_ws/install/aws_robomaker_small_house_world/share/aws_robomaker_small_house_world/models/aws_robomaker_residential_PortraitA_01/materials\n'}
[0.236430] (aws_robomaker_small_house_world) StdoutLine: {'line': b'-- Up-to-date: /home/frankie/ros2_ws/install/aws_robomaker_small_house_world/share/aws_robomaker_small_house_world/models/aws_robomaker_residential_PortraitA_01/materials/textures\n'}
[0.236558] (aws_robomaker_small_house_world) StdoutLine: {'line': b'-- Up-to-date: /home/frankie/ros2_ws/install/aws_robomaker_small_house_world/share/aws_robomaker_small_house_world/models/aws_robomaker_residential_PortraitA_01/materials/textures/aws_PortraitA_01.png\n'}
[0.236617] (aws_robomaker_small_house_world) StdoutLine: {'line': b'-- Up-to-date: /home/frankie/ros2_ws/install/aws_robomaker_small_house_world/share/aws_robomaker_small_house_world/models/aws_robomaker_residential_PortraitA_01/materials/textures/aws_PortraitA_02.png\n'}
[0.236658] (aws_robomaker_small_house_world) StdoutLine: {'line': b'-- Up-to-date: /home/frankie/ros2_ws/install/aws_robomaker_small_house_world/share/aws_robomaker_small_house_world/models/aws_robomaker_residential_PortraitA_01/meshes\n'}
[0.236706] (aws_robomaker_small_house_world) StdoutLine: {'line': b'-- Up-to-date: /home/frankie/ros2_ws/install/aws_robomaker_small_house_world/share/aws_robomaker_small_house_world/models/aws_robomaker_residential_PortraitA_01/meshes/aws_PortraitA_01_collision.DAE\n'}
[0.236755] (aws_robomaker_small_house_world) StdoutLine: {'line': b'-- Up-to-date: /home/frankie/ros2_ws/install/aws_robomaker_small_house_world/share/aws_robomaker_small_house_world/models/aws_robomaker_residential_PortraitA_01/meshes/aws_PortraitA_01_visual.DAE\n'}
[0.236807] (aws_robomaker_small_house_world) StdoutLine: {'line': b'-- Up-to-date: /home/frankie/ros2_ws/install/aws_robomaker_small_house_world/share/aws_robomaker_small_house_world/models/aws_robomaker_residential_PortraitA_01/model.config\n'}
[0.236863] (aws_robomaker_small_house_world) StdoutLine: {'line': b'-- Up-to-date: /home/frankie/ros2_ws/install/aws_robomaker_small_house_world/share/aws_robomaker_small_house_world/models/aws_robomaker_residential_PortraitA_01/model.sdf\n'}
[0.236903] (aws_robomaker_small_house_world) StdoutLine: {'line': b'-- Up-to-date: /home/frankie/ros2_ws/install/aws_robomaker_small_house_world/share/aws_robomaker_small_house_world/models/aws_robomaker_residential_TV_02\n'}
[0.236955] (aws_robomaker_small_house_world) StdoutLine: {'line': b'-- Up-to-date: /home/frankie/ros2_ws/install/aws_robomaker_small_house_world/share/aws_robomaker_small_house_world/models/aws_robomaker_residential_TV_02/materials\n'}
[0.237005] (aws_robomaker_small_house_world) StdoutLine: {'line': b'-- Up-to-date: /home/frankie/ros2_ws/install/aws_robomaker_small_house_world/share/aws_robomaker_small_house_world/models/aws_robomaker_residential_TV_02/materials/textures\n'}
[0.237120] (aws_robomaker_small_house_world) StdoutLine: {'line': b'-- Up-to-date: /home/frankie/ros2_ws/install/aws_robomaker_small_house_world/share/aws_robomaker_small_house_world/models/aws_robomaker_residential_TV_02/materials/textures/aws_TV_01.png\n'}
[0.237174] (aws_robomaker_small_house_world) StdoutLine: {'line': b'-- Up-to-date: /home/frankie/ros2_ws/install/aws_robomaker_small_house_world/share/aws_robomaker_small_house_world/models/aws_robomaker_residential_TV_02/meshes\n'}
[0.237256] (aws_robomaker_small_house_world) StdoutLine: {'line': b'-- Up-to-date: /home/frankie/ros2_ws/install/aws_robomaker_small_house_world/share/aws_robomaker_small_house_world/models/aws_robomaker_residential_TV_02/meshes/aws_TV_01_collision.DAE\n'}
[0.237303] (aws_robomaker_small_house_world) StdoutLine: {'line': b'-- Up-to-date: /home/frankie/ros2_ws/install/aws_robomaker_small_house_world/share/aws_robomaker_small_house_world/models/aws_robomaker_residential_TV_02/meshes/aws_TV_01_visual.DAE\n'}
[0.237356] (aws_robomaker_small_house_world) StdoutLine: {'line': b'-- Up-to-date: /home/frankie/ros2_ws/install/aws_robomaker_small_house_world/share/aws_robomaker_small_house_world/models/aws_robomaker_residential_TV_02/model.config\n'}
[0.237415] (aws_robomaker_small_house_world) StdoutLine: {'line': b'-- Up-to-date: /home/frankie/ros2_ws/install/aws_robomaker_small_house_world/share/aws_robomaker_small_house_world/models/aws_robomaker_residential_TV_02/model.sdf\n'}
[0.237458] (aws_robomaker_small_house_world) StdoutLine: {'line': b'-- Up-to-date: /home/frankie/ros2_ws/install/aws_robomaker_small_house_world/share/aws_robomaker_small_house_world/models/aws_robomaker_residential_PortraitB_02\n'}
[0.237507] (aws_robomaker_small_house_world) StdoutLine: {'line': b'-- Up-to-date: /home/frankie/ros2_ws/install/aws_robomaker_small_house_world/share/aws_robomaker_small_house_world/models/aws_robomaker_residential_PortraitB_02/materials\n'}
[0.237557] (aws_robomaker_small_house_world) StdoutLine: {'line': b'-- Up-to-date: /home/frankie/ros2_ws/install/aws_robomaker_small_house_world/share/aws_robomaker_small_house_world/models/aws_robomaker_residential_PortraitB_02/materials/textures\n'}
[0.237673] (aws_robomaker_small_house_world) StdoutLine: {'line': b'-- Up-to-date: /home/frankie/ros2_ws/install/aws_robomaker_small_house_world/share/aws_robomaker_small_house_world/models/aws_robomaker_residential_PortraitB_02/materials/textures/aws_PortraitB_02.png\n'}
[0.237723] (aws_robomaker_small_house_world) StdoutLine: {'line': b'-- Up-to-date: /home/frankie/ros2_ws/install/aws_robomaker_small_house_world/share/aws_robomaker_small_house_world/models/aws_robomaker_residential_PortraitB_02/materials/textures/aws_PortraitB_01.png\n'}
[0.237775] (aws_robomaker_small_house_world) StdoutLine: {'line': b'-- Up-to-date: /home/frankie/ros2_ws/install/aws_robomaker_small_house_world/share/aws_robomaker_small_house_world/models/aws_robomaker_residential_PortraitB_02/meshes\n'}
[0.237823] (aws_robomaker_small_house_world) StdoutLine: {'line': b'-- Up-to-date: /home/frankie/ros2_ws/install/aws_robomaker_small_house_world/share/aws_robomaker_small_house_world/models/aws_robomaker_residential_PortraitB_02/meshes/aws_PortraitB_01_collision.DAE\n'}
[0.237875] (aws_robomaker_small_house_world) StdoutLine: {'line': b'-- Up-to-date: /home/frankie/ros2_ws/install/aws_robomaker_small_house_world/share/aws_robomaker_small_house_world/models/aws_robomaker_residential_PortraitB_02/meshes/aws_PortraitB_01_visual.DAE\n'}
[0.237935] (aws_robomaker_small_house_world) StdoutLine: {'line': b'-- Up-to-date: /home/frankie/ros2_ws/install/aws_robomaker_small_house_world/share/aws_robomaker_small_house_world/models/aws_robomaker_residential_PortraitB_02/model.config\n'}
[0.237976] (aws_robomaker_small_house_world) StdoutLine: {'line': b'-- Up-to-date: /home/frankie/ros2_ws/install/aws_robomaker_small_house_world/share/aws_robomaker_small_house_world/models/aws_robomaker_residential_PortraitB_02/model.sdf\n'}
[0.238012] (aws_robomaker_small_house_world) StdoutLine: {'line': b'-- Up-to-date: /home/frankie/ros2_ws/install/aws_robomaker_small_house_world/share/aws_robomaker_small_house_world/models/aws_robomaker_residential_HouseWallB_01\n'}
[0.238060] (aws_robomaker_small_house_world) StdoutLine: {'line': b'-- Up-to-date: /home/frankie/ros2_ws/install/aws_robomaker_small_house_world/share/aws_robomaker_small_house_world/models/aws_robomaker_residential_HouseWallB_01/materials\n'}
[0.238122] (aws_robomaker_small_house_world) StdoutLine: {'line': b'-- Up-to-date: /home/frankie/ros2_ws/install/aws_robomaker_small_house_world/share/aws_robomaker_small_house_world/models/aws_robomaker_residential_HouseWallB_01/materials/textures\n'}
[0.238245] (aws_robomaker_small_house_world) StdoutLine: {'line': b'-- Up-to-date: /home/frankie/ros2_ws/install/aws_robomaker_small_house_world/share/aws_robomaker_small_house_world/models/aws_robomaker_residential_HouseWallB_01/materials/textures/aws_HouseWallB_01.png\n'}
[0.238299] (aws_robomaker_small_house_world) StdoutLine: {'line': b'-- Up-to-date: /home/frankie/ros2_ws/install/aws_robomaker_small_house_world/share/aws_robomaker_small_house_world/models/aws_robomaker_residential_HouseWallB_01/meshes\n'}
[0.238379] (aws_robomaker_small_house_world) StdoutLine: {'line': b'-- Up-to-date: /home/frankie/ros2_ws/install/aws_robomaker_small_house_world/share/aws_robomaker_small_house_world/models/aws_robomaker_residential_HouseWallB_01/meshes/aws_HouseWallB_01_collision.DAE\n'}
[0.238437] (aws_robomaker_small_house_world) StdoutLine: {'line': b'-- Up-to-date: /home/frankie/ros2_ws/install/aws_robomaker_small_house_world/share/aws_robomaker_small_house_world/models/aws_robomaker_residential_HouseWallB_01/meshes/aws_HouseWallB_01_visual.DAE\n'}
[0.238498] (aws_robomaker_small_house_world) StdoutLine: {'line': b'-- Up-to-date: /home/frankie/ros2_ws/install/aws_robomaker_small_house_world/share/aws_robomaker_small_house_world/models/aws_robomaker_residential_HouseWallB_01/model.config\n'}
[0.238536] (aws_robomaker_small_house_world) StdoutLine: {'line': b'-- Up-to-date: /home/frankie/ros2_ws/install/aws_robomaker_small_house_world/share/aws_robomaker_small_house_world/models/aws_robomaker_residential_HouseWallB_01/model.sdf\n'}
[0.238573] (aws_robomaker_small_house_world) StdoutLine: {'line': b'-- Up-to-date: /home/frankie/ros2_ws/install/aws_robomaker_small_house_world/share/aws_robomaker_small_house_world/models/aws_robomaker_residential_DeskPortraitD_03\n'}
[0.238626] (aws_robomaker_small_house_world) StdoutLine: {'line': b'-- Up-to-date: /home/frankie/ros2_ws/install/aws_robomaker_small_house_world/share/aws_robomaker_small_house_world/models/aws_robomaker_residential_DeskPortraitD_03/materials\n'}
[0.238679] (aws_robomaker_small_house_world) StdoutLine: {'line': b'-- Up-to-date: /home/frankie/ros2_ws/install/aws_robomaker_small_house_world/share/aws_robomaker_small_house_world/models/aws_robomaker_residential_DeskPortraitD_03/materials/textures\n'}
[0.238805] (aws_robomaker_small_house_world) StdoutLine: {'line': b'-- Up-to-date: /home/frankie/ros2_ws/install/aws_robomaker_small_house_world/share/aws_robomaker_small_house_world/models/aws_robomaker_residential_DeskPortraitD_03/materials/textures/aws_DeskPortraitD_02.png\n'}
[0.238858] (aws_robomaker_small_house_world) StdoutLine: {'line': b'-- Up-to-date: /home/frankie/ros2_ws/install/aws_robomaker_small_house_world/share/aws_robomaker_small_house_world/models/aws_robomaker_residential_DeskPortraitD_03/materials/textures/aws_DeskPortraitD_01.png\n'}
[0.238895] (aws_robomaker_small_house_world) StdoutLine: {'line': b'-- Up-to-date: /home/frankie/ros2_ws/install/aws_robomaker_small_house_world/share/aws_robomaker_small_house_world/models/aws_robomaker_residential_DeskPortraitD_03/meshes\n'}
[0.238955] (aws_robomaker_small_house_world) StdoutLine: {'line': b'-- Up-to-date: /home/frankie/ros2_ws/install/aws_robomaker_small_house_world/share/aws_robomaker_small_house_world/models/aws_robomaker_residential_DeskPortraitD_03/meshes/aws_DeskPortraitD_01_collision.DAE\n'}
[0.239003] (aws_robomaker_small_house_world) StdoutLine: {'line': b'-- Up-to-date: /home/frankie/ros2_ws/install/aws_robomaker_small_house_world/share/aws_robomaker_small_house_world/models/aws_robomaker_residential_DeskPortraitD_03/meshes/aws_DeskPortraitD_01_visual.DAE\n'}
[0.239057] (aws_robomaker_small_house_world) StdoutLine: {'line': b'-- Up-to-date: /home/frankie/ros2_ws/install/aws_robomaker_small_house_world/share/aws_robomaker_small_house_world/models/aws_robomaker_residential_DeskPortraitD_03/model.config\n'}
[0.239093] (aws_robomaker_small_house_world) StdoutLine: {'line': b'-- Up-to-date: /home/frankie/ros2_ws/install/aws_robomaker_small_house_world/share/aws_robomaker_small_house_world/models/aws_robomaker_residential_DeskPortraitD_03/model.sdf\n'}
[0.239127] (aws_robomaker_small_house_world) StdoutLine: {'line': b'-- Up-to-date: /home/frankie/ros2_ws/install/aws_robomaker_small_house_world/share/aws_robomaker_small_house_world/models/aws_robomaker_residential_DeskPortraitA_01\n'}
[0.239178] (aws_robomaker_small_house_world) StdoutLine: {'line': b'-- Up-to-date: /home/frankie/ros2_ws/install/aws_robomaker_small_house_world/share/aws_robomaker_small_house_world/models/aws_robomaker_residential_DeskPortraitA_01/materials\n'}
[0.239250] (aws_robomaker_small_house_world) StdoutLine: {'line': b'-- Up-to-date: /home/frankie/ros2_ws/install/aws_robomaker_small_house_world/share/aws_robomaker_small_house_world/models/aws_robomaker_residential_DeskPortraitA_01/materials/textures\n'}
[0.239372] (aws_robomaker_small_house_world) StdoutLine: {'line': b'-- Up-to-date: /home/frankie/ros2_ws/install/aws_robomaker_small_house_world/share/aws_robomaker_small_house_world/models/aws_robomaker_residential_DeskPortraitA_01/materials/textures/aws_DeskPortraitA_02.png\n'}
[0.239432] (aws_robomaker_small_house_world) StdoutLine: {'line': b'-- Up-to-date: /home/frankie/ros2_ws/install/aws_robomaker_small_house_world/share/aws_robomaker_small_house_world/models/aws_robomaker_residential_DeskPortraitA_01/materials/textures/aws_DeskPortraitA_01.png\n'}
[0.239468] (aws_robomaker_small_house_world) StdoutLine: {'line': b'-- Up-to-date: /home/frankie/ros2_ws/install/aws_robomaker_small_house_world/share/aws_robomaker_small_house_world/models/aws_robomaker_residential_DeskPortraitA_01/meshes\n'}
[0.239522] (aws_robomaker_small_house_world) StdoutLine: {'line': b'-- Up-to-date: /home/frankie/ros2_ws/install/aws_robomaker_small_house_world/share/aws_robomaker_small_house_world/models/aws_robomaker_residential_DeskPortraitA_01/meshes/aws_DeskPortraitA_01_collision.DAE\n'}
[0.239575] (aws_robomaker_small_house_world) StdoutLine: {'line': b'-- Up-to-date: /home/frankie/ros2_ws/install/aws_robomaker_small_house_world/share/aws_robomaker_small_house_world/models/aws_robomaker_residential_DeskPortraitA_01/meshes/aws_DeskPortraitA_01_visual.DAE\n'}
[0.239632] (aws_robomaker_small_house_world) StdoutLine: {'line': b'-- Up-to-date: /home/frankie/ros2_ws/install/aws_robomaker_small_house_world/share/aws_robomaker_small_house_world/models/aws_robomaker_residential_DeskPortraitA_01/model.config\n'}
[0.239669] (aws_robomaker_small_house_world) StdoutLine: {'line': b'-- Up-to-date: /home/frankie/ros2_ws/install/aws_robomaker_small_house_world/share/aws_robomaker_small_house_world/models/aws_robomaker_residential_DeskPortraitA_01/model.sdf\n'}
[0.239706] (aws_robomaker_small_house_world) StdoutLine: {'line': b'-- Up-to-date: /home/frankie/ros2_ws/install/aws_robomaker_small_house_world/share/aws_robomaker_small_house_world/models/aws_robomaker_residential_Rangehood_01\n'}
[0.239757] (aws_robomaker_small_house_world) StdoutLine: {'line': b'-- Up-to-date: /home/frankie/ros2_ws/install/aws_robomaker_small_house_world/share/aws_robomaker_small_house_world/models/aws_robomaker_residential_Rangehood_01/materials\n'}
[0.239819] (aws_robomaker_small_house_world) StdoutLine: {'line': b'-- Up-to-date: /home/frankie/ros2_ws/install/aws_robomaker_small_house_world/share/aws_robomaker_small_house_world/models/aws_robomaker_residential_Rangehood_01/materials/textures\n'}
[0.239941] (aws_robomaker_small_house_world) StdoutLine: {'line': b'-- Up-to-date: /home/frankie/ros2_ws/install/aws_robomaker_small_house_world/share/aws_robomaker_small_house_world/models/aws_robomaker_residential_Rangehood_01/materials/textures/aws_Rangehood_01.png\n'}
[0.239991] (aws_robomaker_small_house_world) StdoutLine: {'line': b'-- Up-to-date: /home/frankie/ros2_ws/install/aws_robomaker_small_house_world/share/aws_robomaker_small_house_world/models/aws_robomaker_residential_Rangehood_01/meshes\n'}
[0.240074] (aws_robomaker_small_house_world) StdoutLine: {'line': b'-- Up-to-date: /home/frankie/ros2_ws/install/aws_robomaker_small_house_world/share/aws_robomaker_small_house_world/models/aws_robomaker_residential_Rangehood_01/meshes/aws_Rangehood_01_collision.DAE\n'}
[0.240124] (aws_robomaker_small_house_world) StdoutLine: {'line': b'-- Up-to-date: /home/frankie/ros2_ws/install/aws_robomaker_small_house_world/share/aws_robomaker_small_house_world/models/aws_robomaker_residential_Rangehood_01/meshes/aws_Rangehood_01_visual.DAE\n'}
[0.240175] (aws_robomaker_small_house_world) StdoutLine: {'line': b'-- Up-to-date: /home/frankie/ros2_ws/install/aws_robomaker_small_house_world/share/aws_robomaker_small_house_world/models/aws_robomaker_residential_Rangehood_01/model.config\n'}
[0.240232] (aws_robomaker_small_house_world) StdoutLine: {'line': b'-- Up-to-date: /home/frankie/ros2_ws/install/aws_robomaker_small_house_world/share/aws_robomaker_small_house_world/models/aws_robomaker_residential_Rangehood_01/model.sdf\n'}
[0.240271] (aws_robomaker_small_house_world) StdoutLine: {'line': b'-- Up-to-date: /home/frankie/ros2_ws/install/aws_robomaker_small_house_world/share/aws_robomaker_small_house_world/models/aws_robomaker_residential_ReadingDesk_01\n'}
[0.240322] (aws_robomaker_small_house_world) StdoutLine: {'line': b'-- Up-to-date: /home/frankie/ros2_ws/install/aws_robomaker_small_house_world/share/aws_robomaker_small_house_world/models/aws_robomaker_residential_ReadingDesk_01/materials\n'}
[0.240372] (aws_robomaker_small_house_world) StdoutLine: {'line': b'-- Up-to-date: /home/frankie/ros2_ws/install/aws_robomaker_small_house_world/share/aws_robomaker_small_house_world/models/aws_robomaker_residential_ReadingDesk_01/materials/textures\n'}
[0.240497] (aws_robomaker_small_house_world) StdoutLine: {'line': b'-- Up-to-date: /home/frankie/ros2_ws/install/aws_robomaker_small_house_world/share/aws_robomaker_small_house_world/models/aws_robomaker_residential_ReadingDesk_01/materials/textures/aws_ReadingDesk_01.png\n'}
[0.240552] (aws_robomaker_small_house_world) StdoutLine: {'line': b'-- Up-to-date: /home/frankie/ros2_ws/install/aws_robomaker_small_house_world/share/aws_robomaker_small_house_world/models/aws_robomaker_residential_ReadingDesk_01/meshes\n'}
[0.240632] (aws_robomaker_small_house_world) StdoutLine: {'line': b'-- Up-to-date: /home/frankie/ros2_ws/install/aws_robomaker_small_house_world/share/aws_robomaker_small_house_world/models/aws_robomaker_residential_ReadingDesk_01/meshes/aws_ReadingDesk_01_collision.DAE\n'}
[0.240685] (aws_robomaker_small_house_world) StdoutLine: {'line': b'-- Up-to-date: /home/frankie/ros2_ws/install/aws_robomaker_small_house_world/share/aws_robomaker_small_house_world/models/aws_robomaker_residential_ReadingDesk_01/meshes/aws_ReadingDesk_01_visual.DAE\n'}
[0.240743] (aws_robomaker_small_house_world) StdoutLine: {'line': b'-- Up-to-date: /home/frankie/ros2_ws/install/aws_robomaker_small_house_world/share/aws_robomaker_small_house_world/models/aws_robomaker_residential_ReadingDesk_01/model.config\n'}
[0.240780] (aws_robomaker_small_house_world) StdoutLine: {'line': b'-- Up-to-date: /home/frankie/ros2_ws/install/aws_robomaker_small_house_world/share/aws_robomaker_small_house_world/models/aws_robomaker_residential_ReadingDesk_01/model.sdf\n'}
[0.240826] (aws_robomaker_small_house_world) StdoutLine: {'line': b'-- Up-to-date: /home/frankie/ros2_ws/install/aws_robomaker_small_house_world/share/aws_robomaker_small_house_world/models/aws_robomaker_residential_Wardrobe_01\n'}
[0.240861] (aws_robomaker_small_house_world) StdoutLine: {'line': b'-- Up-to-date: /home/frankie/ros2_ws/install/aws_robomaker_small_house_world/share/aws_robomaker_small_house_world/models/aws_robomaker_residential_Wardrobe_01/materials\n'}
[0.240927] (aws_robomaker_small_house_world) StdoutLine: {'line': b'-- Up-to-date: /home/frankie/ros2_ws/install/aws_robomaker_small_house_world/share/aws_robomaker_small_house_world/models/aws_robomaker_residential_Wardrobe_01/materials/textures\n'}
[0.241048] (aws_robomaker_small_house_world) StdoutLine: {'line': b'-- Up-to-date: /home/frankie/ros2_ws/install/aws_robomaker_small_house_world/share/aws_robomaker_small_house_world/models/aws_robomaker_residential_Wardrobe_01/materials/textures/aws_Wardrobe_01.png\n'}
[0.241101] (aws_robomaker_small_house_world) StdoutLine: {'line': b'-- Up-to-date: /home/frankie/ros2_ws/install/aws_robomaker_small_house_world/share/aws_robomaker_small_house_world/models/aws_robomaker_residential_Wardrobe_01/meshes\n'}
[0.241187] (aws_robomaker_small_house_world) StdoutLine: {'line': b'-- Up-to-date: /home/frankie/ros2_ws/install/aws_robomaker_small_house_world/share/aws_robomaker_small_house_world/models/aws_robomaker_residential_Wardrobe_01/meshes/aws_Wardrobe_01_visual.DAE\n'}
[0.241237] (aws_robomaker_small_house_world) StdoutLine: {'line': b'-- Up-to-date: /home/frankie/ros2_ws/install/aws_robomaker_small_house_world/share/aws_robomaker_small_house_world/models/aws_robomaker_residential_Wardrobe_01/meshes/aws_Wardrobe_01_collision.DAE\n'}
[0.241289] (aws_robomaker_small_house_world) StdoutLine: {'line': b'-- Up-to-date: /home/frankie/ros2_ws/install/aws_robomaker_small_house_world/share/aws_robomaker_small_house_world/models/aws_robomaker_residential_Wardrobe_01/model.config\n'}
[0.241342] (aws_robomaker_small_house_world) StdoutLine: {'line': b'-- Up-to-date: /home/frankie/ros2_ws/install/aws_robomaker_small_house_world/share/aws_robomaker_small_house_world/models/aws_robomaker_residential_Wardrobe_01/model.sdf\n'}
[0.241379] (aws_robomaker_small_house_world) StdoutLine: {'line': b'-- Up-to-date: /home/frankie/ros2_ws/install/aws_robomaker_small_house_world/share/aws_robomaker_small_house_world/models/aws_robomaker_residential_KitchenUtensils_01\n'}
[0.241436] (aws_robomaker_small_house_world) StdoutLine: {'line': b'-- Up-to-date: /home/frankie/ros2_ws/install/aws_robomaker_small_house_world/share/aws_robomaker_small_house_world/models/aws_robomaker_residential_KitchenUtensils_01/materials\n'}
[0.241508] (aws_robomaker_small_house_world) StdoutLine: {'line': b'-- Up-to-date: /home/frankie/ros2_ws/install/aws_robomaker_small_house_world/share/aws_robomaker_small_house_world/models/aws_robomaker_residential_KitchenUtensils_01/materials/textures\n'}
[0.241630] (aws_robomaker_small_house_world) StdoutLine: {'line': b'-- Up-to-date: /home/frankie/ros2_ws/install/aws_robomaker_small_house_world/share/aws_robomaker_small_house_world/models/aws_robomaker_residential_KitchenUtensils_01/materials/textures/aws_KitchenUtensils_01.png\n'}
[0.241683] (aws_robomaker_small_house_world) StdoutLine: {'line': b'-- Up-to-date: /home/frankie/ros2_ws/install/aws_robomaker_small_house_world/share/aws_robomaker_small_house_world/models/aws_robomaker_residential_KitchenUtensils_01/meshes\n'}
[0.241766] (aws_robomaker_small_house_world) StdoutLine: {'line': b'-- Up-to-date: /home/frankie/ros2_ws/install/aws_robomaker_small_house_world/share/aws_robomaker_small_house_world/models/aws_robomaker_residential_KitchenUtensils_01/meshes/aws_KitchenUtensils_01_collision.DAE\n'}
[0.241817] (aws_robomaker_small_house_world) StdoutLine: {'line': b'-- Up-to-date: /home/frankie/ros2_ws/install/aws_robomaker_small_house_world/share/aws_robomaker_small_house_world/models/aws_robomaker_residential_KitchenUtensils_01/meshes/aws_KitchenUtensils_01_visual.DAE\n'}
[0.241874] (aws_robomaker_small_house_world) StdoutLine: {'line': b'-- Up-to-date: /home/frankie/ros2_ws/install/aws_robomaker_small_house_world/share/aws_robomaker_small_house_world/models/aws_robomaker_residential_KitchenUtensils_01/model.config\n'}
[0.241936] (aws_robomaker_small_house_world) StdoutLine: {'line': b'-- Up-to-date: /home/frankie/ros2_ws/install/aws_robomaker_small_house_world/share/aws_robomaker_small_house_world/models/aws_robomaker_residential_KitchenUtensils_01/model.sdf\n'}
[0.241989] (aws_robomaker_small_house_world) StdoutLine: {'line': b'-- Up-to-date: /home/frankie/ros2_ws/install/aws_robomaker_small_house_world/share/aws_robomaker_small_house_world/models/aws_robomaker_residential_RoomWindow_01\n'}
[0.242026] (aws_robomaker_small_house_world) StdoutLine: {'line': b'-- Up-to-date: /home/frankie/ros2_ws/install/aws_robomaker_small_house_world/share/aws_robomaker_small_house_world/models/aws_robomaker_residential_RoomWindow_01/materials\n'}
[0.242077] (aws_robomaker_small_house_world) StdoutLine: {'line': b'-- Up-to-date: /home/frankie/ros2_ws/install/aws_robomaker_small_house_world/share/aws_robomaker_small_house_world/models/aws_robomaker_residential_RoomWindow_01/materials/textures\n'}
[0.242299] (aws_robomaker_small_house_world) StdoutLine: {'line': b'-- Up-to-date: /home/frankie/ros2_ws/install/aws_robomaker_small_house_world/share/aws_robomaker_small_house_world/models/aws_robomaker_residential_RoomWindow_01/materials/textures/aws_RoomWindow_01.png\n'}
[0.242353] (aws_robomaker_small_house_world) StdoutLine: {'line': b'-- Up-to-date: /home/frankie/ros2_ws/install/aws_robomaker_small_house_world/share/aws_robomaker_small_house_world/models/aws_robomaker_residential_RoomWindow_01/meshes\n'}
[0.242434] (aws_robomaker_small_house_world) StdoutLine: {'line': b'-- Up-to-date: /home/frankie/ros2_ws/install/aws_robomaker_small_house_world/share/aws_robomaker_small_house_world/models/aws_robomaker_residential_RoomWindow_01/meshes/aws_RoomWindow_01_visual.DAE\n'}
[0.242487] (aws_robomaker_small_house_world) StdoutLine: {'line': b'-- Up-to-date: /home/frankie/ros2_ws/install/aws_robomaker_small_house_world/share/aws_robomaker_small_house_world/models/aws_robomaker_residential_RoomWindow_01/meshes/aws_RoomWindow_01_collision.DAE\n'}
[0.242540] (aws_robomaker_small_house_world) StdoutLine: {'line': b'-- Up-to-date: /home/frankie/ros2_ws/install/aws_robomaker_small_house_world/share/aws_robomaker_small_house_world/models/aws_robomaker_residential_RoomWindow_01/model.config\n'}
[0.242597] (aws_robomaker_small_house_world) StdoutLine: {'line': b'-- Up-to-date: /home/frankie/ros2_ws/install/aws_robomaker_small_house_world/share/aws_robomaker_small_house_world/models/aws_robomaker_residential_RoomWindow_01/model.sdf\n'}
[0.242637] (aws_robomaker_small_house_world) StdoutLine: {'line': b'-- Up-to-date: /home/frankie/ros2_ws/install/aws_robomaker_small_house_world/share/aws_robomaker_small_house_world/models/aws_robomaker_residential_Carpet_01\n'}
[0.242690] (aws_robomaker_small_house_world) StdoutLine: {'line': b'-- Up-to-date: /home/frankie/ros2_ws/install/aws_robomaker_small_house_world/share/aws_robomaker_small_house_world/models/aws_robomaker_residential_Carpet_01/materials\n'}
[0.242744] (aws_robomaker_small_house_world) StdoutLine: {'line': b'-- Up-to-date: /home/frankie/ros2_ws/install/aws_robomaker_small_house_world/share/aws_robomaker_small_house_world/models/aws_robomaker_residential_Carpet_01/materials/textures\n'}
[0.242853] (aws_robomaker_small_house_world) StdoutLine: {'line': b'-- Up-to-date: /home/frankie/ros2_ws/install/aws_robomaker_small_house_world/share/aws_robomaker_small_house_world/models/aws_robomaker_residential_Carpet_01/materials/textures/aws_Carpet_01.png\n'}
[0.242909] (aws_robomaker_small_house_world) StdoutLine: {'line': b'-- Up-to-date: /home/frankie/ros2_ws/install/aws_robomaker_small_house_world/share/aws_robomaker_small_house_world/models/aws_robomaker_residential_Carpet_01/meshes\n'}
[0.242989] (aws_robomaker_small_house_world) StdoutLine: {'line': b'-- Up-to-date: /home/frankie/ros2_ws/install/aws_robomaker_small_house_world/share/aws_robomaker_small_house_world/models/aws_robomaker_residential_Carpet_01/meshes/aws_Carpet_01_collision.DAE\n'}
[0.243038] (aws_robomaker_small_house_world) StdoutLine: {'line': b'-- Up-to-date: /home/frankie/ros2_ws/install/aws_robomaker_small_house_world/share/aws_robomaker_small_house_world/models/aws_robomaker_residential_Carpet_01/meshes/aws_Carpet_01_visual.DAE\n'}
[0.243093] (aws_robomaker_small_house_world) StdoutLine: {'line': b'-- Up-to-date: /home/frankie/ros2_ws/install/aws_robomaker_small_house_world/share/aws_robomaker_small_house_world/models/aws_robomaker_residential_Carpet_01/model.config\n'}
[0.243131] (aws_robomaker_small_house_world) StdoutLine: {'line': b'-- Up-to-date: /home/frankie/ros2_ws/install/aws_robomaker_small_house_world/share/aws_robomaker_small_house_world/models/aws_robomaker_residential_Carpet_01/model.sdf\n'}
[0.243169] (aws_robomaker_small_house_world) StdoutLine: {'line': b'-- Up-to-date: /home/frankie/ros2_ws/install/aws_robomaker_small_house_world/share/aws_robomaker_small_house_world/models/aws_robomaker_residential_DeskPortraitC_02\n'}
[0.243222] (aws_robomaker_small_house_world) StdoutLine: {'line': b'-- Up-to-date: /home/frankie/ros2_ws/install/aws_robomaker_small_house_world/share/aws_robomaker_small_house_world/models/aws_robomaker_residential_DeskPortraitC_02/materials\n'}
[0.243287] (aws_robomaker_small_house_world) StdoutLine: {'line': b'-- Up-to-date: /home/frankie/ros2_ws/install/aws_robomaker_small_house_world/share/aws_robomaker_small_house_world/models/aws_robomaker_residential_DeskPortraitC_02/materials/textures\n'}
[0.243414] (aws_robomaker_small_house_world) StdoutLine: {'line': b'-- Up-to-date: /home/frankie/ros2_ws/install/aws_robomaker_small_house_world/share/aws_robomaker_small_house_world/models/aws_robomaker_residential_DeskPortraitC_02/materials/textures/aws_DeskPortraitC_02.png\n'}
[0.243477] (aws_robomaker_small_house_world) StdoutLine: {'line': b'-- Up-to-date: /home/frankie/ros2_ws/install/aws_robomaker_small_house_world/share/aws_robomaker_small_house_world/models/aws_robomaker_residential_DeskPortraitC_02/materials/textures/aws_DeskPortraitC_01.png\n'}
[0.243520] (aws_robomaker_small_house_world) StdoutLine: {'line': b'-- Up-to-date: /home/frankie/ros2_ws/install/aws_robomaker_small_house_world/share/aws_robomaker_small_house_world/models/aws_robomaker_residential_DeskPortraitC_02/meshes\n'}
[0.243568] (aws_robomaker_small_house_world) StdoutLine: {'line': b'-- Up-to-date: /home/frankie/ros2_ws/install/aws_robomaker_small_house_world/share/aws_robomaker_small_house_world/models/aws_robomaker_residential_DeskPortraitC_02/meshes/aws_DeskPortraitC_01_collision.DAE\n'}
[0.243621] (aws_robomaker_small_house_world) StdoutLine: {'line': b'-- Up-to-date: /home/frankie/ros2_ws/install/aws_robomaker_small_house_world/share/aws_robomaker_small_house_world/models/aws_robomaker_residential_DeskPortraitC_02/meshes/aws_DeskPortraitC_01_visual.DAE\n'}
[0.243679] (aws_robomaker_small_house_world) StdoutLine: {'line': b'-- Up-to-date: /home/frankie/ros2_ws/install/aws_robomaker_small_house_world/share/aws_robomaker_small_house_world/models/aws_robomaker_residential_DeskPortraitC_02/model.config\n'}
[0.243717] (aws_robomaker_small_house_world) StdoutLine: {'line': b'-- Up-to-date: /home/frankie/ros2_ws/install/aws_robomaker_small_house_world/share/aws_robomaker_small_house_world/models/aws_robomaker_residential_DeskPortraitC_02/model.sdf\n'}
[0.243752] (aws_robomaker_small_house_world) StdoutLine: {'line': b'-- Up-to-date: /home/frankie/ros2_ws/install/aws_robomaker_small_house_world/share/aws_robomaker_small_house_world/models/aws_robomaker_residential_LightC_01\n'}
[0.243804] (aws_robomaker_small_house_world) StdoutLine: {'line': b'-- Up-to-date: /home/frankie/ros2_ws/install/aws_robomaker_small_house_world/share/aws_robomaker_small_house_world/models/aws_robomaker_residential_LightC_01/materials\n'}
[0.243868] (aws_robomaker_small_house_world) StdoutLine: {'line': b'-- Up-to-date: /home/frankie/ros2_ws/install/aws_robomaker_small_house_world/share/aws_robomaker_small_house_world/models/aws_robomaker_residential_LightC_01/materials/textures\n'}
[0.243988] (aws_robomaker_small_house_world) StdoutLine: {'line': b'-- Up-to-date: /home/frankie/ros2_ws/install/aws_robomaker_small_house_world/share/aws_robomaker_small_house_world/models/aws_robomaker_residential_LightC_01/materials/textures/aws_LightC_01.png\n'}
[0.244039] (aws_robomaker_small_house_world) StdoutLine: {'line': b'-- Up-to-date: /home/frankie/ros2_ws/install/aws_robomaker_small_house_world/share/aws_robomaker_small_house_world/models/aws_robomaker_residential_LightC_01/meshes\n'}
[0.244121] (aws_robomaker_small_house_world) StdoutLine: {'line': b'-- Up-to-date: /home/frankie/ros2_ws/install/aws_robomaker_small_house_world/share/aws_robomaker_small_house_world/models/aws_robomaker_residential_LightC_01/meshes/aws_LightC_01_collision.DAE\n'}
[0.244170] (aws_robomaker_small_house_world) StdoutLine: {'line': b'-- Up-to-date: /home/frankie/ros2_ws/install/aws_robomaker_small_house_world/share/aws_robomaker_small_house_world/models/aws_robomaker_residential_LightC_01/meshes/aws_LightC_01_visual.DAE\n'}
[0.244223] (aws_robomaker_small_house_world) StdoutLine: {'line': b'-- Up-to-date: /home/frankie/ros2_ws/install/aws_robomaker_small_house_world/share/aws_robomaker_small_house_world/models/aws_robomaker_residential_LightC_01/model.config\n'}
[0.244279] (aws_robomaker_small_house_world) StdoutLine: {'line': b'-- Up-to-date: /home/frankie/ros2_ws/install/aws_robomaker_small_house_world/share/aws_robomaker_small_house_world/models/aws_robomaker_residential_LightC_01/model.sdf\n'}
[0.244320] (aws_robomaker_small_house_world) StdoutLine: {'line': b'-- Up-to-date: /home/frankie/ros2_ws/install/aws_robomaker_small_house_world/share/aws_robomaker_small_house_world/worlds\n'}
[0.244372] (aws_robomaker_small_house_world) StdoutLine: {'line': b'-- Up-to-date: /home/frankie/ros2_ws/install/aws_robomaker_small_house_world/share/aws_robomaker_small_house_world/worlds/kitchen_table.world\n'}
[0.244432] (aws_robomaker_small_house_world) StdoutLine: {'line': b'-- Up-to-date: /home/frankie/ros2_ws/install/aws_robomaker_small_house_world/share/aws_robomaker_small_house_world/worlds/empty.world\n'}
[0.244471] (aws_robomaker_small_house_world) StdoutLine: {'line': b'-- Up-to-date: /home/frankie/ros2_ws/install/aws_robomaker_small_house_world/share/aws_robomaker_small_house_world/worlds/small_house.world\n'}
[0.244510] (aws_robomaker_small_house_world) StdoutLine: {'line': b'-- Up-to-date: /home/frankie/ros2_ws/install/aws_robomaker_small_house_world/share/aws_robomaker_small_house_world/maps\n'}
[0.244562] (aws_robomaker_small_house_world) StdoutLine: {'line': b'-- Up-to-date: /home/frankie/ros2_ws/install/aws_robomaker_small_house_world/share/aws_robomaker_small_house_world/maps/turtlebot3_waffle_pi\n'}
[0.244621] (aws_robomaker_small_house_world) StdoutLine: {'line': b'-- Up-to-date: /home/frankie/ros2_ws/install/aws_robomaker_small_house_world/share/aws_robomaker_small_house_world/maps/turtlebot3_waffle_pi/map.pgm\n'}
[0.244658] (aws_robomaker_small_house_world) StdoutLine: {'line': b'-- Up-to-date: /home/frankie/ros2_ws/install/aws_robomaker_small_house_world/share/aws_robomaker_small_house_world/maps/turtlebot3_waffle_pi/map.yaml\n'}
[0.244694] (aws_robomaker_small_house_world) StdoutLine: {'line': b'-- Up-to-date: /home/frankie/ros2_ws/install/aws_robomaker_small_house_world/share/aws_robomaker_small_house_world/photos\n'}
[0.244749] (aws_robomaker_small_house_world) StdoutLine: {'line': b'-- Up-to-date: /home/frankie/ros2_ws/install/aws_robomaker_small_house_world/share/aws_robomaker_small_house_world/photos/PortraitB_01.jpg\n'}
[0.244804] (aws_robomaker_small_house_world) StdoutLine: {'line': b'-- Up-to-date: /home/frankie/ros2_ws/install/aws_robomaker_small_house_world/share/aws_robomaker_small_house_world/photos/PortraitB_02.jpg\n'}
[0.244843] (aws_robomaker_small_house_world) StdoutLine: {'line': b'-- Up-to-date: /home/frankie/ros2_ws/install/aws_robomaker_small_house_world/share/aws_robomaker_small_house_world/photos/PortraitA_01.jpg\n'}
[0.244906] (aws_robomaker_small_house_world) StdoutLine: {'line': b'-- Up-to-date: /home/frankie/ros2_ws/install/aws_robomaker_small_house_world/share/aws_robomaker_small_house_world/photos/PortraitB_03.jpg\n'}
[0.244944] (aws_robomaker_small_house_world) StdoutLine: {'line': b'-- Up-to-date: /home/frankie/ros2_ws/install/aws_robomaker_small_house_world/share/aws_robomaker_small_house_world/photos/PortraitD_02.jpg\n'}
[0.245007] (aws_robomaker_small_house_world) StdoutLine: {'line': b'-- Up-to-date: /home/frankie/ros2_ws/install/aws_robomaker_small_house_world/share/aws_robomaker_small_house_world/photos/DeskPortraitD_04.jpg\n'}
[0.245046] (aws_robomaker_small_house_world) StdoutLine: {'line': b'-- Up-to-date: /home/frankie/ros2_ws/install/aws_robomaker_small_house_world/share/aws_robomaker_small_house_world/photos/DeskPortraitB_02.jpg\n'}
[0.245100] (aws_robomaker_small_house_world) StdoutLine: {'line': b'-- Up-to-date: /home/frankie/ros2_ws/install/aws_robomaker_small_house_world/share/aws_robomaker_small_house_world/photos/PortraitE_02.jpg\n'}
[0.245155] (aws_robomaker_small_house_world) StdoutLine: {'line': b'-- Up-to-date: /home/frankie/ros2_ws/install/aws_robomaker_small_house_world/share/aws_robomaker_small_house_world/photos/DeskPortraitB_01.jpg\n'}
[0.245211] (aws_robomaker_small_house_world) StdoutLine: {'line': b'-- Up-to-date: /home/frankie/ros2_ws/install/aws_robomaker_small_house_world/share/aws_robomaker_small_house_world/photos/DeskPortraitD_01.jpg\n'}
[0.245264] (aws_robomaker_small_house_world) StdoutLine: {'line': b'-- Up-to-date: /home/frankie/ros2_ws/install/aws_robomaker_small_house_world/share/aws_robomaker_small_house_world/photos/DeskPortraitA_02.jpg\n'}
[0.245316] (aws_robomaker_small_house_world) StdoutLine: {'line': b'-- Up-to-date: /home/frankie/ros2_ws/install/aws_robomaker_small_house_world/share/aws_robomaker_small_house_world/photos/PortraitE_01.jpg\n'}
[0.245376] (aws_robomaker_small_house_world) StdoutLine: {'line': b'-- Up-to-date: /home/frankie/ros2_ws/install/aws_robomaker_small_house_world/share/aws_robomaker_small_house_world/photos/PortraitA_02.jpg\n'}
[0.245494] (aws_robomaker_small_house_world) StdoutLine: {'line': b'-- Up-to-date: /home/frankie/ros2_ws/install/aws_robomaker_small_house_world/share/aws_robomaker_small_house_world/photos/PortraitD_01.jpg\n'}
[0.245556] (aws_robomaker_small_house_world) StdoutLine: {'line': b'-- Up-to-date: /home/frankie/ros2_ws/install/aws_robomaker_small_house_world/share/aws_robomaker_small_house_world/photos/DeskPortraitC_01.jpg\n'}
[0.245621] (aws_robomaker_small_house_world) StdoutLine: {'line': b'-- Up-to-date: /home/frankie/ros2_ws/install/aws_robomaker_small_house_world/share/aws_robomaker_small_house_world/photos/PortraitC_01.jpg\n'}
[0.245684] (aws_robomaker_small_house_world) StdoutLine: {'line': b'-- Up-to-date: /home/frankie/ros2_ws/install/aws_robomaker_small_house_world/share/aws_robomaker_small_house_world/photos/DeskPortraitD_03.jpg\n'}
[0.245746] (aws_robomaker_small_house_world) StdoutLine: {'line': b'-- Up-to-date: /home/frankie/ros2_ws/install/aws_robomaker_small_house_world/share/aws_robomaker_small_house_world/photos/DeskPortraitD_02.jpg\n'}
[0.245807] (aws_robomaker_small_house_world) StdoutLine: {'line': b'-- Up-to-date: /home/frankie/ros2_ws/install/aws_robomaker_small_house_world/share/aws_robomaker_small_house_world/photos/DeskPortraitC_02.jpg\n'}
[0.245869] (aws_robomaker_small_house_world) StdoutLine: {'line': b'-- Up-to-date: /home/frankie/ros2_ws/install/aws_robomaker_small_house_world/share/aws_robomaker_small_house_world/photos/DeskPortraitA_01.jpg\n'}
[0.245928] (aws_robomaker_small_house_world) StdoutLine: {'line': b'-- Up-to-date: /home/frankie/ros2_ws/install/aws_robomaker_small_house_world/share/aws_robomaker_small_house_world/param\n'}
[0.245979] (aws_robomaker_small_house_world) StdoutLine: {'line': b'-- Up-to-date: /home/frankie/ros2_ws/install/aws_robomaker_small_house_world/share/aws_robomaker_small_house_world/param/waffle_pi.yaml\n'}
[0.246023] (aws_robomaker_small_house_world) StdoutLine: {'line': b'-- Up-to-date: /home/frankie/ros2_ws/install/aws_robomaker_small_house_world/share/aws_robomaker_small_house_world/routes\n'}
[0.246061] (aws_robomaker_small_house_world) StdoutLine: {'line': b'-- Up-to-date: /home/frankie/ros2_ws/install/aws_robomaker_small_house_world/share/aws_robomaker_small_house_world/routes/route.yaml\n'}
[0.246114] (aws_robomaker_small_house_world) StdoutLine: {'line': b'-- Up-to-date: /home/frankie/ros2_ws/install/aws_robomaker_small_house_world/share/ament_index/resource_index/package_run_dependencies/aws_robomaker_small_house_world\n'}
[0.246190] (aws_robomaker_small_house_world) StdoutLine: {'line': b'-- Up-to-date: /home/frankie/ros2_ws/install/aws_robomaker_small_house_world/share/ament_index/resource_index/parent_prefix_path/aws_robomaker_small_house_world\n'}
[0.246233] (aws_robomaker_small_house_world) StdoutLine: {'line': b'-- Up-to-date: /home/frankie/ros2_ws/install/aws_robomaker_small_house_world/share/aws_robomaker_small_house_world/environment/ament_prefix_path.sh\n'}
[0.246271] (aws_robomaker_small_house_world) StdoutLine: {'line': b'-- Up-to-date: /home/frankie/ros2_ws/install/aws_robomaker_small_house_world/share/aws_robomaker_small_house_world/environment/ament_prefix_path.dsv\n'}
[0.246310] (aws_robomaker_small_house_world) StdoutLine: {'line': b'-- Up-to-date: /home/frankie/ros2_ws/install/aws_robomaker_small_house_world/share/aws_robomaker_small_house_world/environment/path.sh\n'}
[0.246348] (aws_robomaker_small_house_world) StdoutLine: {'line': b'-- Up-to-date: /home/frankie/ros2_ws/install/aws_robomaker_small_house_world/share/aws_robomaker_small_house_world/environment/path.dsv\n'}
[0.246385] (aws_robomaker_small_house_world) StdoutLine: {'line': b'-- Up-to-date: /home/frankie/ros2_ws/install/aws_robomaker_small_house_world/share/aws_robomaker_small_house_world/local_setup.bash\n'}
[0.246453] (aws_robomaker_small_house_world) StdoutLine: {'line': b'-- Up-to-date: /home/frankie/ros2_ws/install/aws_robomaker_small_house_world/share/aws_robomaker_small_house_world/local_setup.sh\n'}
[0.246495] (aws_robomaker_small_house_world) StdoutLine: {'line': b'-- Up-to-date: /home/frankie/ros2_ws/install/aws_robomaker_small_house_world/share/aws_robomaker_small_house_world/local_setup.zsh\n'}
[0.246531] (aws_robomaker_small_house_world) StdoutLine: {'line': b'-- Up-to-date: /home/frankie/ros2_ws/install/aws_robomaker_small_house_world/share/aws_robomaker_small_house_world/local_setup.dsv\n'}
[0.246567] (aws_robomaker_small_house_world) StdoutLine: {'line': b'-- Up-to-date: /home/frankie/ros2_ws/install/aws_robomaker_small_house_world/share/aws_robomaker_small_house_world/package.dsv\n'}
[0.246604] (aws_robomaker_small_house_world) StdoutLine: {'line': b'-- Up-to-date: /home/frankie/ros2_ws/install/aws_robomaker_small_house_world/share/ament_index/resource_index/packages/aws_robomaker_small_house_world\n'}
[0.246640] (aws_robomaker_small_house_world) StdoutLine: {'line': b'-- Up-to-date: /home/frankie/ros2_ws/install/aws_robomaker_small_house_world/share/aws_robomaker_small_house_world/cmake/ament_cmake_export_dependencies-extras.cmake\n'}
[0.246678] (aws_robomaker_small_house_world) StdoutLine: {'line': b'-- Up-to-date: /home/frankie/ros2_ws/install/aws_robomaker_small_house_world/share/aws_robomaker_small_house_world/cmake/aws_robomaker_small_house_worldConfig.cmake\n'}
[0.246714] (aws_robomaker_small_house_world) StdoutLine: {'line': b'-- Up-to-date: /home/frankie/ros2_ws/install/aws_robomaker_small_house_world/share/aws_robomaker_small_house_world/cmake/aws_robomaker_small_house_worldConfig-version.cmake\n'}
[0.246750] (aws_robomaker_small_house_world) StdoutLine: {'line': b'-- Up-to-date: /home/frankie/ros2_ws/install/aws_robomaker_small_house_world/share/aws_robomaker_small_house_world/package.xml\n'}
[0.247978] (aws_robomaker_small_house_world) CommandEnded: {'returncode': 0}
[0.260483] (aws_robomaker_small_house_world) JobEnded: {'identifier': 'aws_robomaker_small_house_world', 'rc': 0}
[0.300187] (-) TimerEvent: {}
[0.400422] (-) TimerEvent: {}
[0.500759] (-) TimerEvent: {}
[0.521038] (growbot_bringup) Command: {'cmd': ['/usr/bin/python3', '-W', 'ignore:setup.py install is deprecated', '-W', 'ignore:easy_install command is deprecated', 'setup.py', 'egg_info', '--egg-base', '../../build/growbot_bringup', 'build', '--build-base', '/home/frankie/ros2_ws/build/growbot_bringup/build', 'install', '--record', '/home/frankie/ros2_ws/build/growbot_bringup/install.log', '--single-version-externally-managed', 'install_data'], 'cwd': '/home/frankie/ros2_ws/src/growbot_bringup', 'env': {'LESSOPEN': '| /usr/bin/lesspipe %s', 'USER': 'frankie', 'XDG_SESSION_TYPE': 'wayland', 'SHLVL': '1', 'LD_LIBRARY_PATH': '/usr/lib/x86_64-linux-gnu/gazebo-11/plugins:/opt/ros/humble/opt/rviz_ogre_vendor/lib:/opt/ros/humble/lib/x86_64-linux-gnu:/opt/ros/humble/lib', 'HOME': '/home/frankie', 'OLDPWD': '/home/frankie/ros2_ws/src', 'DESKTOP_SESSION': 'ubuntu', 'ROS_PYTHON_VERSION': '3', 'GNOME_SHELL_SESSION_MODE': 'ubuntu', 'GTK_MODULES': 'gail:atk-bridge', 'SYSTEMD_EXEC_PID': '1084', 'DBUS_SESSION_BUS_ADDRESS': 'unix:path=/run/user/1000/bus', 'COLORTERM': 'truecolor', 'IM_CONFIG_PHASE': '1', 'WAYLAND_DISPLAY': 'wayland-0', 'ROS_DISTRO': 'humble', 'LOGNAME': 'frankie', '_': '/usr/bin/colcon', 'ROS_VERSION': '2', 'XDG_SESSION_CLASS': 'user', 'USERNAME': 'frankie', 'TERM': 'xterm-256color', 'GNOME_DESKTOP_SESSION_ID': 'this-is-deprecated', 'ROS_LOCALHOST_ONLY': '0', 'PATH': '/opt/ros/humble/bin:/usr/local/sbin:/usr/local/bin:/usr/sbin:/usr/bin:/sbin:/bin:/usr/games:/usr/local/games:/snap/bin:/snap/bin', 'SESSION_MANAGER': 'local/frankie-VivoBook-ASUSLaptop-X513EAN-K513EA:@/tmp/.ICE-unix/1055,unix/frankie-VivoBook-ASUSLaptop-X513EAN-K513EA:/tmp/.ICE-unix/1055', 'XDG_MENU_PREFIX': 'gnome-', 'GNOME_TERMINAL_SCREEN': '/org/gnome/Terminal/screen/04b2f3a1_908e_4a97_8df2_de7037696e76', 'GNOME_SETUP_DISPLAY': ':1', 'XDG_RUNTIME_DIR': '/run/user/1000', 'DISPLAY': ':0', 'LANG': 'en_US.UTF-8', 'XDG_CURRENT_DESKTOP': 'ubuntu:GNOME', 'XMODIFIERS': '@im=ibus', 'XDG_SESSION_DESKTOP': 'ubuntu', 'XAUTHORITY': '/run/user/1000/.mutter-Xwaylandauth.9TV2N3', 'LS_COLORS': 'rs=0:di=01;34:ln=01;36:mh=00:pi=40;33:so=01;35:do=01;35:bd=40;33;01:cd=40;33;01:or=40;31;01:mi=00:su=37;41:sg=30;43:ca=30;41:tw=30;42:ow=34;42:st=37;44:ex=01;32:*.tar=01;31:*.tgz=01;31:*.arc=01;31:*.arj=01;31:*.taz=01;31:*.lha=01;31:*.lz4=01;31:*.lzh=01;31:*.lzma=01;31:*.tlz=01;31:*.txz=01;31:*.tzo=01;31:*.t7z=01;31:*.zip=01;31:*.z=01;31:*.dz=01;31:*.gz=01;31:*.lrz=01;31:*.lz=01;31:*.lzo=01;31:*.xz=01;31:*.zst=01;31:*.tzst=01;31:*.bz2=01;31:*.bz=01;31:*.tbz=01;31:*.tbz2=01;31:*.tz=01;31:*.deb=01;31:*.rpm=01;31:*.jar=01;31:*.war=01;31:*.ear=01;31:*.sar=01;31:*.rar=01;31:*.alz=01;31:*.ace=01;31:*.zoo=01;31:*.cpio=01;31:*.7z=01;31:*.rz=01;31:*.cab=01;31:*.wim=01;31:*.swm=01;31:*.dwm=01;31:*.esd=01;31:*.jpg=01;35:*.jpeg=01;35:*.mjpg=01;35:*.mjpeg=01;35:*.gif=01;35:*.bmp=01;35:*.pbm=01;35:*.pgm=01;35:*.ppm=01;35:*.tga=01;35:*.xbm=01;35:*.xpm=01;35:*.tif=01;35:*.tiff=01;35:*.png=01;35:*.svg=01;35:*.svgz=01;35:*.mng=01;35:*.pcx=01;35:*.mov=01;35:*.mpg=01;35:*.mpeg=01;35:*.m2v=01;35:*.mkv=01;35:*.webm=01;35:*.webp=01;35:*.ogm=01;35:*.mp4=01;35:*.m4v=01;35:*.mp4v=01;35:*.vob=01;35:*.qt=01;35:*.nuv=01;35:*.wmv=01;35:*.asf=01;35:*.rm=01;35:*.rmvb=01;35:*.flc=01;35:*.avi=01;35:*.fli=01;35:*.flv=01;35:*.gl=01;35:*.dl=01;35:*.xcf=01;35:*.xwd=01;35:*.yuv=01;35:*.cgm=01;35:*.emf=01;35:*.ogv=01;35:*.ogx=01;35:*.aac=00;36:*.au=00;36:*.flac=00;36:*.m4a=00;36:*.mid=00;36:*.midi=00;36:*.mka=00;36:*.mp3=00;36:*.mpc=00;36:*.ogg=00;36:*.ra=00;36:*.wav=00;36:*.oga=00;36:*.opus=00;36:*.spx=00;36:*.xspf=00;36:', 'GNOME_TERMINAL_SERVICE': ':1.123', 'SSH_AGENT_LAUNCHER': 'gnome-keyring', 'SSH_AUTH_SOCK': '/run/user/1000/keyring/ssh', 'AMENT_PREFIX_PATH': '/opt/ros/humble', 'SHELL': '/bin/bash', 'QT_ACCESSIBILITY': '1', 'GDMSESSION': 'ubuntu', 'LESSCLOSE': '/usr/bin/lesspipe %s %s', 'QT_IM_MODULE': 'ibus', 'PWD': '/home/frankie/ros2_ws/build/growbot_bringup', 'TURTLEBOT3_MODEL': 'waffle_pi', 'XDG_CONFIG_DIRS': '/etc/xdg/xdg-ubuntu:/etc/xdg', 'XDG_DATA_DIRS': '/usr/share/ubuntu:/usr/local/share/:/usr/share/:/var/lib/snapd/desktop', 'PYTHONPATH': '/home/frankie/ros2_ws/build/growbot_bringup/prefix_override:/usr/lib/python3/dist-packages/colcon_core/task/python/colcon_distutils_commands:/home/frankie/ros2_ws/install/growbot_bringup/lib/python3.10/site-packages:/opt/ros/humble/lib/python3.10/site-packages:/opt/ros/humble/local/lib/python3.10/dist-packages', 'COLCON': '1', 'VTE_VERSION': '6800'}, 'shell': False}
[0.600857] (-) TimerEvent: {}
[0.678161] (growbot_bringup) StdoutLine: {'line': b'running egg_info\n'}
[0.678599] (growbot_bringup) StdoutLine: {'line': b'creating ../../build/growbot_bringup/growbot_bringup.egg-info\n'}
[0.678731] (growbot_bringup) StdoutLine: {'line': b'writing ../../build/growbot_bringup/growbot_bringup.egg-info/PKG-INFO\n'}
[0.678890] (growbot_bringup) StdoutLine: {'line': b'writing dependency_links to ../../build/growbot_bringup/growbot_bringup.egg-info/dependency_links.txt\n'}
[0.679032] (growbot_bringup) StdoutLine: {'line': b'writing entry points to ../../build/growbot_bringup/growbot_bringup.egg-info/entry_points.txt\n'}
[0.679136] (growbot_bringup) StdoutLine: {'line': b'writing requirements to ../../build/growbot_bringup/growbot_bringup.egg-info/requires.txt\n'}
[0.679219] (growbot_bringup) StdoutLine: {'line': b'writing top-level names to ../../build/growbot_bringup/growbot_bringup.egg-info/top_level.txt\n'}
[0.679312] (growbot_bringup) StdoutLine: {'line': b"writing manifest file '../../build/growbot_bringup/growbot_bringup.egg-info/SOURCES.txt'\n"}
[0.680543] (growbot_bringup) StdoutLine: {'line': b"reading manifest file '../../build/growbot_bringup/growbot_bringup.egg-info/SOURCES.txt'\n"}
[0.681105] (growbot_bringup) StdoutLine: {'line': b"writing manifest file '../../build/growbot_bringup/growbot_bringup.egg-info/SOURCES.txt'\n"}
[0.681243] (growbot_bringup) StdoutLine: {'line': b'running build\n'}
[0.681320] (growbot_bringup) StdoutLine: {'line': b'running build_py\n'}
[0.681391] (growbot_bringup) StdoutLine: {'line': b'creating /home/frankie/ros2_ws/build/growbot_bringup/build\n'}
[0.681511] (growbot_bringup) StdoutLine: {'line': b'creating /home/frankie/ros2_ws/build/growbot_bringup/build/lib\n'}
[0.681614] (growbot_bringup) StdoutLine: {'line': b'creating /home/frankie/ros2_ws/build/growbot_bringup/build/lib/growbot_bringup\n'}
[0.681676] (growbot_bringup) StdoutLine: {'line': b'copying growbot_bringup/random_explorer.py -> /home/frankie/ros2_ws/build/growbot_bringup/build/lib/growbot_bringup\n'}
[0.681741] (growbot_bringup) StdoutLine: {'line': b'copying growbot_bringup/__init__.py -> /home/frankie/ros2_ws/build/growbot_bringup/build/lib/growbot_bringup\n'}
[0.681823] (growbot_bringup) StdoutLine: {'line': b'running install\n'}
[0.681976] (growbot_bringup) StdoutLine: {'line': b'running install_lib\n'}
[0.682576] (growbot_bringup) StdoutLine: {'line': b'creating /home/frankie/ros2_ws/install/growbot_bringup/lib/python3.10/site-packages/growbot_bringup\n'}
[0.682675] (growbot_bringup) StdoutLine: {'line': b'copying /home/frankie/ros2_ws/build/growbot_bringup/build/lib/growbot_bringup/random_explorer.py -> /home/frankie/ros2_ws/install/growbot_bringup/lib/python3.10/site-packages/growbot_bringup\n'}
[0.682777] (growbot_bringup) StdoutLine: {'line': b'copying /home/frankie/ros2_ws/build/growbot_bringup/build/lib/growbot_bringup/__init__.py -> /home/frankie/ros2_ws/install/growbot_bringup/lib/python3.10/site-packages/growbot_bringup\n'}
[0.683127] (growbot_bringup) StdoutLine: {'line': b'byte-compiling /home/frankie/ros2_ws/install/growbot_bringup/lib/python3.10/site-packages/growbot_bringup/random_explorer.py to random_explorer.cpython-310.pyc\n'}
[0.683508] (growbot_bringup) StdoutLine: {'line': b'byte-compiling /home/frankie/ros2_ws/install/growbot_bringup/lib/python3.10/site-packages/growbot_bringup/__init__.py to __init__.cpython-310.pyc\n'}
[0.683640] (growbot_bringup) StdoutLine: {'line': b'running install_data\n'}
[0.683760] (growbot_bringup) StdoutLine: {'line': b'creating /home/frankie/ros2_ws/install/growbot_bringup/share/ament_index\n'}
[0.683840] (growbot_bringup) StdoutLine: {'line': b'creating /home/frankie/ros2_ws/install/growbot_bringup/share/ament_index/resource_index\n'}
[0.683912] (growbot_bringup) StdoutLine: {'line': b'creating /home/frankie/ros2_ws/install/growbot_bringup/share/ament_index/resource_index/packages\n'}
[0.684010] (growbot_bringup) StdoutLine: {'line': b'copying resource/growbot_bringup -> /home/frankie/ros2_ws/install/growbot_bringup/share/ament_index/resource_index/packages\n'}
[0.684075] (growbot_bringup) StdoutLine: {'line': b'copying package.xml -> /home/frankie/ros2_ws/install/growbot_bringup/share/growbot_bringup\n'}
[0.684140] (growbot_bringup) StdoutLine: {'line': b'running install_egg_info\n'}
[0.686089] (growbot_bringup) StdoutLine: {'line': b'Copying ../../build/growbot_bringup/growbot_bringup.egg-info to /home/frankie/ros2_ws/install/growbot_bringup/lib/python3.10/site-packages/growbot_bringup-0.0.0-py3.10.egg-info\n'}
[0.686636] (growbot_bringup) StdoutLine: {'line': b'running install_scripts\n'}
[0.700973] (-) TimerEvent: {}
[0.702021] (growbot_bringup) StdoutLine: {'line': b'Installing random_explorer script to /home/frankie/ros2_ws/install/growbot_bringup/lib/growbot_bringup\n'}
[0.702230] (growbot_bringup) StdoutLine: {'line': b"writing list of installed files to '/home/frankie/ros2_ws/build/growbot_bringup/install.log'\n"}
[0.724208] (growbot_bringup) CommandEnded: {'returncode': 0}
[0.729297] (growbot_bringup) JobEnded: {'identifier': 'growbot_bringup', 'rc': 0}
[0.729723] (-) EventReactorShutdown: {}
