[0.000000] (-) TimerEvent: {}
[0.000333] (aws_robomaker_small_house_world) JobQueued: {'identifier': 'aws_robomaker_small_house_world', 'dependencies': OrderedDict()}
[0.000410] (growbot_bringup) JobQueued: {'identifier': 'growbot_bringup', 'dependencies': OrderedDict()}
[0.000453] (nav2_wfd) JobQueued: {'identifier': 'nav2_wfd', 'dependencies': OrderedDict()}
[0.002696] (aws_robomaker_small_house_world) JobStarted: {'identifier': 'aws_robomaker_small_house_world'}
[0.022819] (growbot_bringup) JobStarted: {'identifier': 'growbot_bringup'}
[0.038468] (nav2_wfd) JobStarted: {'identifier': 'nav2_wfd'}
[0.069829] (aws_robomaker_small_house_world) JobProgress: {'identifier': 'aws_robomaker_small_house_world', 'progress': 'cmake'}
[0.070212] (aws_robomaker_small_house_world) JobProgress: {'identifier': 'aws_robomaker_small_house_world', 'progress': 'build'}
[0.085221] (aws_robomaker_small_house_world) Command: {'cmd': ['/usr/bin/cmake', '--build', '/home/frankie/ros2_ws/build/aws_robomaker_small_house_world', '--', '-j8', '-l8'], 'cwd': '/home/frankie/ros2_ws/build/aws_robomaker_small_house_world', 'env': OrderedDict([('LESSOPEN', '| /usr/bin/lesspipe %s'), ('USER', 'frankie'), ('XDG_SESSION_TYPE', 'wayland'), ('SHLVL', '1'), ('LD_LIBRARY_PATH', '/usr/lib/x86_64-linux-gnu/gazebo-11/plugins:/opt/ros/humble/opt/rviz_ogre_vendor/lib:/opt/ros/humble/lib/x86_64-linux-gnu:/opt/ros/humble/lib'), ('HOME', '/home/frankie'), ('DESKTOP_SESSION', 'ubuntu'), ('ROS_PYTHON_VERSION', '3'), ('GNOME_SHELL_SESSION_MODE', 'ubuntu'), ('GTK_MODULES', 'gail:atk-bridge'), ('SYSTEMD_EXEC_PID', '6622'), ('DBUS_SESSION_BUS_ADDRESS', 'unix:path=/run/user/1000/bus'), ('COLORTERM', 'truecolor'), ('IM_CONFIG_PHASE', '1'), ('WAYLAND_DISPLAY', 'wayland-0'), ('COLCON_PREFIX_PATH', '/home/frankie/ros2_ws/install'), ('ROS_DISTRO', 'humble'), ('LOGNAME', 'frankie'), ('_', '/usr/bin/colcon'), ('ROS_VERSION', '2'), ('XDG_SESSION_CLASS', 'user'), ('USERNAME', 'frankie'), ('TERM', 'xterm-256color'), ('GNOME_DESKTOP_SESSION_ID', 'this-is-deprecated'), ('ROS_LOCALHOST_ONLY', '0'), ('PATH', '/opt/ros/humble/bin:/usr/local/sbin:/usr/local/bin:/usr/sbin:/usr/bin:/sbin:/bin:/usr/games:/usr/local/games:/snap/bin:/snap/bin'), ('SESSION_MANAGER', 'local/frankie-VivoBook-ASUSLaptop-X513EAN-K513EA:@/tmp/.ICE-unix/1035,unix/frankie-VivoBook-ASUSLaptop-X513EAN-K513EA:/tmp/.ICE-unix/1035'), ('XDG_MENU_PREFIX', 'gnome-'), ('GNOME_TERMINAL_SCREEN', '/org/gnome/Terminal/screen/14380e2f_39bd_48c8_b0ec_557326c5744d'), ('GNOME_SETUP_DISPLAY', ':1'), ('XDG_RUNTIME_DIR', '/run/user/1000'), ('DISPLAY', ':0'), ('LANG', 'en_US.UTF-8'), ('XDG_CURRENT_DESKTOP', 'ubuntu:GNOME'), ('XMODIFIERS', '@im=ibus'), ('XDG_SESSION_DESKTOP', 'ubuntu'), ('XAUTHORITY', '/run/user/1000/.mutter-Xwaylandauth.AN7UO3'), ('LS_COLORS', 'rs=0:di=01;34:ln=01;36:mh=00:pi=40;33:so=01;35:do=01;35:bd=40;33;01:cd=40;33;01:or=40;31;01:mi=00:su=37;41:sg=30;43:ca=30;41:tw=30;42:ow=34;42:st=37;44:ex=01;32:*.tar=01;31:*.tgz=01;31:*.arc=01;31:*.arj=01;31:*.taz=01;31:*.lha=01;31:*.lz4=01;31:*.lzh=01;31:*.lzma=01;31:*.tlz=01;31:*.txz=01;31:*.tzo=01;31:*.t7z=01;31:*.zip=01;31:*.z=01;31:*.dz=01;31:*.gz=01;31:*.lrz=01;31:*.lz=01;31:*.lzo=01;31:*.xz=01;31:*.zst=01;31:*.tzst=01;31:*.bz2=01;31:*.bz=01;31:*.tbz=01;31:*.tbz2=01;31:*.tz=01;31:*.deb=01;31:*.rpm=01;31:*.jar=01;31:*.war=01;31:*.ear=01;31:*.sar=01;31:*.rar=01;31:*.alz=01;31:*.ace=01;31:*.zoo=01;31:*.cpio=01;31:*.7z=01;31:*.rz=01;31:*.cab=01;31:*.wim=01;31:*.swm=01;31:*.dwm=01;31:*.esd=01;31:*.jpg=01;35:*.jpeg=01;35:*.mjpg=01;35:*.mjpeg=01;35:*.gif=01;35:*.bmp=01;35:*.pbm=01;35:*.pgm=01;35:*.ppm=01;35:*.tga=01;35:*.xbm=01;35:*.xpm=01;35:*.tif=01;35:*.tiff=01;35:*.png=01;35:*.svg=01;35:*.svgz=01;35:*.mng=01;35:*.pcx=01;35:*.mov=01;35:*.mpg=01;35:*.mpeg=01;35:*.m2v=01;35:*.mkv=01;35:*.webm=01;35:*.webp=01;35:*.ogm=01;35:*.mp4=01;35:*.m4v=01;35:*.mp4v=01;35:*.vob=01;35:*.qt=01;35:*.nuv=01;35:*.wmv=01;35:*.asf=01;35:*.rm=01;35:*.rmvb=01;35:*.flc=01;35:*.avi=01;35:*.fli=01;35:*.flv=01;35:*.gl=01;35:*.dl=01;35:*.xcf=01;35:*.xwd=01;35:*.yuv=01;35:*.cgm=01;35:*.emf=01;35:*.ogv=01;35:*.ogx=01;35:*.aac=00;36:*.au=00;36:*.flac=00;36:*.m4a=00;36:*.mid=00;36:*.midi=00;36:*.mka=00;36:*.mp3=00;36:*.mpc=00;36:*.ogg=00;36:*.ra=00;36:*.wav=00;36:*.oga=00;36:*.opus=00;36:*.spx=00;36:*.xspf=00;36:'), ('GNOME_TERMINAL_SERVICE', ':1.146'), ('SSH_AGENT_LAUNCHER', 'gnome-keyring'), ('SSH_AUTH_SOCK', '/run/user/1000/keyring/ssh'), ('AMENT_PREFIX_PATH', '/home/frankie/ros2_ws/install/nav2_wfd:/home/frankie/ros2_ws/install/growbot_bringup:/home/frankie/ros2_ws/install/aws_robomaker_small_house_world:/opt/ros/humble'), ('SHELL', '/bin/bash'), ('QT_ACCESSIBILITY', '1'), ('GDMSESSION', 'ubuntu'), ('LESSCLOSE', '/usr/bin/lesspipe %s %s'), ('QT_IM_MODULE', 'ibus'), ('PWD', '/home/frankie/ros2_ws/build/aws_robomaker_small_house_world'), ('TURTLEBOT3_MODEL', 'waffle_pi'), ('XDG_CONFIG_DIRS', '/etc/xdg/xdg-ubuntu:/etc/xdg'), ('XDG_DATA_DIRS', '/usr/share/ubuntu:/usr/local/share/:/usr/share/:/var/lib/snapd/desktop'), ('PYTHONPATH', '/home/frankie/ros2_ws/install/nav2_wfd/lib/python3.10/site-packages:/home/frankie/ros2_ws/install/growbot_bringup/lib/python3.10/site-packages:/opt/ros/humble/lib/python3.10/site-packages:/opt/ros/humble/local/lib/python3.10/dist-packages'), ('COLCON', '1'), ('VTE_VERSION', '6800'), ('CMAKE_PREFIX_PATH', '/home/frankie/ros2_ws/install/aws_robomaker_small_house_world:/home/frankie/ros2_ws/install/nav2_wfd:/home/frankie/ros2_ws/install/growbot_bringup:/opt/ros/humble')]), 'shell': False}
[0.099319] (-) TimerEvent: {}
[0.200106] (-) TimerEvent: {}
[0.300669] (-) TimerEvent: {}
[0.401496] (-) TimerEvent: {}
[0.502164] (-) TimerEvent: {}
[0.602652] (-) TimerEvent: {}
[0.703083] (-) TimerEvent: {}
[0.803467] (-) TimerEvent: {}
[0.874690] (aws_robomaker_small_house_world) CommandEnded: {'returncode': 0}
[0.879318] (aws_robomaker_small_house_world) JobProgress: {'identifier': 'aws_robomaker_small_house_world', 'progress': 'install'}
[0.898101] (aws_robomaker_small_house_world) Command: {'cmd': ['/usr/bin/cmake', '--install', '/home/frankie/ros2_ws/build/aws_robomaker_small_house_world'], 'cwd': '/home/frankie/ros2_ws/build/aws_robomaker_small_house_world', 'env': OrderedDict([('LESSOPEN', '| /usr/bin/lesspipe %s'), ('USER', 'frankie'), ('XDG_SESSION_TYPE', 'wayland'), ('SHLVL', '1'), ('LD_LIBRARY_PATH', '/usr/lib/x86_64-linux-gnu/gazebo-11/plugins:/opt/ros/humble/opt/rviz_ogre_vendor/lib:/opt/ros/humble/lib/x86_64-linux-gnu:/opt/ros/humble/lib'), ('HOME', '/home/frankie'), ('DESKTOP_SESSION', 'ubuntu'), ('ROS_PYTHON_VERSION', '3'), ('GNOME_SHELL_SESSION_MODE', 'ubuntu'), ('GTK_MODULES', 'gail:atk-bridge'), ('SYSTEMD_EXEC_PID', '6622'), ('DBUS_SESSION_BUS_ADDRESS', 'unix:path=/run/user/1000/bus'), ('COLORTERM', 'truecolor'), ('IM_CONFIG_PHASE', '1'), ('WAYLAND_DISPLAY', 'wayland-0'), ('COLCON_PREFIX_PATH', '/home/frankie/ros2_ws/install'), ('ROS_DISTRO', 'humble'), ('LOGNAME', 'frankie'), ('_', '/usr/bin/colcon'), ('ROS_VERSION', '2'), ('XDG_SESSION_CLASS', 'user'), ('USERNAME', 'frankie'), ('TERM', 'xterm-256color'), ('GNOME_DESKTOP_SESSION_ID', 'this-is-deprecated'), ('ROS_LOCALHOST_ONLY', '0'), ('PATH', '/opt/ros/humble/bin:/usr/local/sbin:/usr/local/bin:/usr/sbin:/usr/bin:/sbin:/bin:/usr/games:/usr/local/games:/snap/bin:/snap/bin'), ('SESSION_MANAGER', 'local/frankie-VivoBook-ASUSLaptop-X513EAN-K513EA:@/tmp/.ICE-unix/1035,unix/frankie-VivoBook-ASUSLaptop-X513EAN-K513EA:/tmp/.ICE-unix/1035'), ('XDG_MENU_PREFIX', 'gnome-'), ('GNOME_TERMINAL_SCREEN', '/org/gnome/Terminal/screen/14380e2f_39bd_48c8_b0ec_557326c5744d'), ('GNOME_SETUP_DISPLAY', ':1'), ('XDG_RUNTIME_DIR', '/run/user/1000'), ('DISPLAY', ':0'), ('LANG', 'en_US.UTF-8'), ('XDG_CURRENT_DESKTOP', 'ubuntu:GNOME'), ('XMODIFIERS', '@im=ibus'), ('XDG_SESSION_DESKTOP', 'ubuntu'), ('XAUTHORITY', '/run/user/1000/.mutter-Xwaylandauth.AN7UO3'), ('LS_COLORS', 'rs=0:di=01;34:ln=01;36:mh=00:pi=40;33:so=01;35:do=01;35:bd=40;33;01:cd=40;33;01:or=40;31;01:mi=00:su=37;41:sg=30;43:ca=30;41:tw=30;42:ow=34;42:st=37;44:ex=01;32:*.tar=01;31:*.tgz=01;31:*.arc=01;31:*.arj=01;31:*.taz=01;31:*.lha=01;31:*.lz4=01;31:*.lzh=01;31:*.lzma=01;31:*.tlz=01;31:*.txz=01;31:*.tzo=01;31:*.t7z=01;31:*.zip=01;31:*.z=01;31:*.dz=01;31:*.gz=01;31:*.lrz=01;31:*.lz=01;31:*.lzo=01;31:*.xz=01;31:*.zst=01;31:*.tzst=01;31:*.bz2=01;31:*.bz=01;31:*.tbz=01;31:*.tbz2=01;31:*.tz=01;31:*.deb=01;31:*.rpm=01;31:*.jar=01;31:*.war=01;31:*.ear=01;31:*.sar=01;31:*.rar=01;31:*.alz=01;31:*.ace=01;31:*.zoo=01;31:*.cpio=01;31:*.7z=01;31:*.rz=01;31:*.cab=01;31:*.wim=01;31:*.swm=01;31:*.dwm=01;31:*.esd=01;31:*.jpg=01;35:*.jpeg=01;35:*.mjpg=01;35:*.mjpeg=01;35:*.gif=01;35:*.bmp=01;35:*.pbm=01;35:*.pgm=01;35:*.ppm=01;35:*.tga=01;35:*.xbm=01;35:*.xpm=01;35:*.tif=01;35:*.tiff=01;35:*.png=01;35:*.svg=01;35:*.svgz=01;35:*.mng=01;35:*.pcx=01;35:*.mov=01;35:*.mpg=01;35:*.mpeg=01;35:*.m2v=01;35:*.mkv=01;35:*.webm=01;35:*.webp=01;35:*.ogm=01;35:*.mp4=01;35:*.m4v=01;35:*.mp4v=01;35:*.vob=01;35:*.qt=01;35:*.nuv=01;35:*.wmv=01;35:*.asf=01;35:*.rm=01;35:*.rmvb=01;35:*.flc=01;35:*.avi=01;35:*.fli=01;35:*.flv=01;35:*.gl=01;35:*.dl=01;35:*.xcf=01;35:*.xwd=01;35:*.yuv=01;35:*.cgm=01;35:*.emf=01;35:*.ogv=01;35:*.ogx=01;35:*.aac=00;36:*.au=00;36:*.flac=00;36:*.m4a=00;36:*.mid=00;36:*.midi=00;36:*.mka=00;36:*.mp3=00;36:*.mpc=00;36:*.ogg=00;36:*.ra=00;36:*.wav=00;36:*.oga=00;36:*.opus=00;36:*.spx=00;36:*.xspf=00;36:'), ('GNOME_TERMINAL_SERVICE', ':1.146'), ('SSH_AGENT_LAUNCHER', 'gnome-keyring'), ('SSH_AUTH_SOCK', '/run/user/1000/keyring/ssh'), ('AMENT_PREFIX_PATH', '/home/frankie/ros2_ws/install/nav2_wfd:/home/frankie/ros2_ws/install/growbot_bringup:/home/frankie/ros2_ws/install/aws_robomaker_small_house_world:/opt/ros/humble'), ('SHELL', '/bin/bash'), ('QT_ACCESSIBILITY', '1'), ('GDMSESSION', 'ubuntu'), ('LESSCLOSE', '/usr/bin/lesspipe %s %s'), ('QT_IM_MODULE', 'ibus'), ('PWD', '/home/frankie/ros2_ws/build/aws_robomaker_small_house_world'), ('TURTLEBOT3_MODEL', 'waffle_pi'), ('XDG_CONFIG_DIRS', '/etc/xdg/xdg-ubuntu:/etc/xdg'), ('XDG_DATA_DIRS', '/usr/share/ubuntu:/usr/local/share/:/usr/share/:/var/lib/snapd/desktop'), ('PYTHONPATH', '/home/frankie/ros2_ws/install/nav2_wfd/lib/python3.10/site-packages:/home/frankie/ros2_ws/install/growbot_bringup/lib/python3.10/site-packages:/opt/ros/humble/lib/python3.10/site-packages:/opt/ros/humble/local/lib/python3.10/dist-packages'), ('COLCON', '1'), ('VTE_VERSION', '6800'), ('CMAKE_PREFIX_PATH', '/home/frankie/ros2_ws/install/aws_robomaker_small_house_world:/home/frankie/ros2_ws/install/nav2_wfd:/home/frankie/ros2_ws/install/growbot_bringup:/opt/ros/humble')]), 'shell': False}
[0.904485] (-) TimerEvent: {}
[0.912947] (aws_robomaker_small_house_world) StdoutLine: {'line': b'-- Install configuration: ""\n'}
[0.913393] (aws_robomaker_small_house_world) StdoutLine: {'line': b'-- Up-to-date: /home/frankie/ros2_ws/install/aws_robomaker_small_house_world/share/aws_robomaker_small_house_world/launch\n'}
[0.913694] (aws_robomaker_small_house_world) StdoutLine: {'line': b'-- Up-to-date: /home/frankie/ros2_ws/install/aws_robomaker_small_house_world/share/aws_robomaker_small_house_world/launch/small_house.launch.py\n'}
[0.913908] (aws_robomaker_small_house_world) StdoutLine: {'line': b'-- Up-to-date: /home/frankie/ros2_ws/install/aws_robomaker_small_house_world/share/aws_robomaker_small_house_world/models\n'}
[0.914022] (aws_robomaker_small_house_world) StdoutLine: {'line': b'-- Up-to-date: /home/frankie/ros2_ws/install/aws_robomaker_small_house_world/share/aws_robomaker_small_house_world/models/aws_robomaker_residential_KitchenTable_01\n'}
[0.914118] (aws_robomaker_small_house_world) StdoutLine: {'line': b'-- Up-to-date: /home/frankie/ros2_ws/install/aws_robomaker_small_house_world/share/aws_robomaker_small_house_world/models/aws_robomaker_residential_KitchenTable_01/materials\n'}
[0.914208] (aws_robomaker_small_house_world) StdoutLine: {'line': b'-- Up-to-date: /home/frankie/ros2_ws/install/aws_robomaker_small_house_world/share/aws_robomaker_small_house_world/models/aws_robomaker_residential_KitchenTable_01/materials/textures\n'}
[0.914461] (aws_robomaker_small_house_world) StdoutLine: {'line': b'-- Up-to-date: /home/frankie/ros2_ws/install/aws_robomaker_small_house_world/share/aws_robomaker_small_house_world/models/aws_robomaker_residential_KitchenTable_01/materials/textures/aws_KitchenTable_01.png\n'}
[0.914629] (aws_robomaker_small_house_world) StdoutLine: {'line': b'-- Up-to-date: /home/frankie/ros2_ws/install/aws_robomaker_small_house_world/share/aws_robomaker_small_house_world/models/aws_robomaker_residential_KitchenTable_01/meshes\n'}
[0.914808] (aws_robomaker_small_house_world) StdoutLine: {'line': b'-- Up-to-date: /home/frankie/ros2_ws/install/aws_robomaker_small_house_world/share/aws_robomaker_small_house_world/models/aws_robomaker_residential_KitchenTable_01/meshes/aws_KitchenTable_01_collision.DAE\n'}
[0.915170] (aws_robomaker_small_house_world) StdoutLine: {'line': b'-- Up-to-date: /home/frankie/ros2_ws/install/aws_robomaker_small_house_world/share/aws_robomaker_small_house_world/models/aws_robomaker_residential_KitchenTable_01/meshes/aws_KitchenTable_01_visual.DAE\n'}
[0.915301] (aws_robomaker_small_house_world) StdoutLine: {'line': b'-- Up-to-date: /home/frankie/ros2_ws/install/aws_robomaker_small_house_world/share/aws_robomaker_small_house_world/models/aws_robomaker_residential_KitchenTable_01/model.config\n'}
[0.915401] (aws_robomaker_small_house_world) StdoutLine: {'line': b'-- Up-to-date: /home/frankie/ros2_ws/install/aws_robomaker_small_house_world/share/aws_robomaker_small_house_world/models/aws_robomaker_residential_KitchenTable_01/model.sdf\n'}
[0.915497] (aws_robomaker_small_house_world) StdoutLine: {'line': b'-- Up-to-date: /home/frankie/ros2_ws/install/aws_robomaker_small_house_world/share/aws_robomaker_small_house_world/models/aws_robomaker_residential_RoomCeiling_01\n'}
[0.917174] (aws_robomaker_small_house_world) StdoutLine: {'line': b'-- Up-to-date: /home/frankie/ros2_ws/install/aws_robomaker_small_house_world/share/aws_robomaker_small_house_world/models/aws_robomaker_residential_RoomCeiling_01/materials\n'}
[0.918687] (aws_robomaker_small_house_world) StdoutLine: {'line': b'-- Up-to-date: /home/frankie/ros2_ws/install/aws_robomaker_small_house_world/share/aws_robomaker_small_house_world/models/aws_robomaker_residential_RoomCeiling_01/materials/textures\n'}
[0.919023] (aws_robomaker_small_house_world) StdoutLine: {'line': b'-- Up-to-date: /home/frankie/ros2_ws/install/aws_robomaker_small_house_world/share/aws_robomaker_small_house_world/models/aws_robomaker_residential_RoomCeiling_01/materials/textures/aws_RoomCeiling_01.png\n'}
[0.919168] (aws_robomaker_small_house_world) StdoutLine: {'line': b'-- Up-to-date: /home/frankie/ros2_ws/install/aws_robomaker_small_house_world/share/aws_robomaker_small_house_world/models/aws_robomaker_residential_RoomCeiling_01/meshes\n'}
[0.919544] (aws_robomaker_small_house_world) StdoutLine: {'line': b'-- Up-to-date: /home/frankie/ros2_ws/install/aws_robomaker_small_house_world/share/aws_robomaker_small_house_world/models/aws_robomaker_residential_RoomCeiling_01/meshes/aws_RoomCeiling_01_collision.DAE\n'}
[0.919900] (aws_robomaker_small_house_world) StdoutLine: {'line': b'-- Up-to-date: /home/frankie/ros2_ws/install/aws_robomaker_small_house_world/share/aws_robomaker_small_house_world/models/aws_robomaker_residential_RoomCeiling_01/meshes/aws_RoomCeiling_01_visual.DAE\n'}
[0.920033] (aws_robomaker_small_house_world) StdoutLine: {'line': b'-- Up-to-date: /home/frankie/ros2_ws/install/aws_robomaker_small_house_world/share/aws_robomaker_small_house_world/models/aws_robomaker_residential_RoomCeiling_01/model.config\n'}
[0.920132] (aws_robomaker_small_house_world) StdoutLine: {'line': b'-- Up-to-date: /home/frankie/ros2_ws/install/aws_robomaker_small_house_world/share/aws_robomaker_small_house_world/models/aws_robomaker_residential_RoomCeiling_01/model.sdf\n'}
[0.920227] (aws_robomaker_small_house_world) StdoutLine: {'line': b'-- Up-to-date: /home/frankie/ros2_ws/install/aws_robomaker_small_house_world/share/aws_robomaker_small_house_world/models/aws_robomaker_residential_SofaB_01\n'}
[0.920337] (aws_robomaker_small_house_world) StdoutLine: {'line': b'-- Up-to-date: /home/frankie/ros2_ws/install/aws_robomaker_small_house_world/share/aws_robomaker_small_house_world/models/aws_robomaker_residential_SofaB_01/materials\n'}
[0.921016] (aws_robomaker_small_house_world) StdoutLine: {'line': b'-- Up-to-date: /home/frankie/ros2_ws/install/aws_robomaker_small_house_world/share/aws_robomaker_small_house_world/models/aws_robomaker_residential_SofaB_01/materials/textures\n'}
[0.921127] (aws_robomaker_small_house_world) StdoutLine: {'line': b'-- Up-to-date: /home/frankie/ros2_ws/install/aws_robomaker_small_house_world/share/aws_robomaker_small_house_world/models/aws_robomaker_residential_SofaB_01/materials/textures/aws_SofaB_01.png\n'}
[0.921224] (aws_robomaker_small_house_world) StdoutLine: {'line': b'-- Up-to-date: /home/frankie/ros2_ws/install/aws_robomaker_small_house_world/share/aws_robomaker_small_house_world/models/aws_robomaker_residential_SofaB_01/meshes\n'}
[0.921334] (aws_robomaker_small_house_world) StdoutLine: {'line': b'-- Up-to-date: /home/frankie/ros2_ws/install/aws_robomaker_small_house_world/share/aws_robomaker_small_house_world/models/aws_robomaker_residential_SofaB_01/meshes/aws_SofaB_01_visual.DAE\n'}
[0.921441] (aws_robomaker_small_house_world) StdoutLine: {'line': b'-- Up-to-date: /home/frankie/ros2_ws/install/aws_robomaker_small_house_world/share/aws_robomaker_small_house_world/models/aws_robomaker_residential_SofaB_01/meshes/aws_SofaB_01_collision.DAE\n'}
[0.921555] (aws_robomaker_small_house_world) StdoutLine: {'line': b'-- Up-to-date: /home/frankie/ros2_ws/install/aws_robomaker_small_house_world/share/aws_robomaker_small_house_world/models/aws_robomaker_residential_SofaB_01/model.config\n'}
[0.921666] (aws_robomaker_small_house_world) StdoutLine: {'line': b'-- Up-to-date: /home/frankie/ros2_ws/install/aws_robomaker_small_house_world/share/aws_robomaker_small_house_world/models/aws_robomaker_residential_SofaB_01/model.sdf\n'}
[0.922158] (aws_robomaker_small_house_world) StdoutLine: {'line': b'-- Up-to-date: /home/frankie/ros2_ws/install/aws_robomaker_small_house_world/share/aws_robomaker_small_house_world/models/aws_robomaker_residential_Board_01\n'}
[0.922344] (aws_robomaker_small_house_world) StdoutLine: {'line': b'-- Up-to-date: /home/frankie/ros2_ws/install/aws_robomaker_small_house_world/share/aws_robomaker_small_house_world/models/aws_robomaker_residential_Board_01/materials\n'}
[0.922443] (aws_robomaker_small_house_world) StdoutLine: {'line': b'-- Up-to-date: /home/frankie/ros2_ws/install/aws_robomaker_small_house_world/share/aws_robomaker_small_house_world/models/aws_robomaker_residential_Board_01/materials/textures\n'}
[0.922551] (aws_robomaker_small_house_world) StdoutLine: {'line': b'-- Up-to-date: /home/frankie/ros2_ws/install/aws_robomaker_small_house_world/share/aws_robomaker_small_house_world/models/aws_robomaker_residential_Board_01/materials/textures/aws_Board_01.png\n'}
[0.922649] (aws_robomaker_small_house_world) StdoutLine: {'line': b'-- Up-to-date: /home/frankie/ros2_ws/install/aws_robomaker_small_house_world/share/aws_robomaker_small_house_world/models/aws_robomaker_residential_Board_01/meshes\n'}
[0.922748] (aws_robomaker_small_house_world) StdoutLine: {'line': b'-- Up-to-date: /home/frankie/ros2_ws/install/aws_robomaker_small_house_world/share/aws_robomaker_small_house_world/models/aws_robomaker_residential_Board_01/meshes/aws_Board_01_visual.DAE\n'}
[0.922892] (aws_robomaker_small_house_world) StdoutLine: {'line': b'-- Up-to-date: /home/frankie/ros2_ws/install/aws_robomaker_small_house_world/share/aws_robomaker_small_house_world/models/aws_robomaker_residential_Board_01/meshes/aws_Board_01_collision.DAE\n'}
[0.922989] (aws_robomaker_small_house_world) StdoutLine: {'line': b'-- Up-to-date: /home/frankie/ros2_ws/install/aws_robomaker_small_house_world/share/aws_robomaker_small_house_world/models/aws_robomaker_residential_Board_01/model.config\n'}
[0.923082] (aws_robomaker_small_house_world) StdoutLine: {'line': b'-- Up-to-date: /home/frankie/ros2_ws/install/aws_robomaker_small_house_world/share/aws_robomaker_small_house_world/models/aws_robomaker_residential_Board_01/model.sdf\n'}
[0.923185] (aws_robomaker_small_house_world) StdoutLine: {'line': b'-- Up-to-date: /home/frankie/ros2_ws/install/aws_robomaker_small_house_world/share/aws_robomaker_small_house_world/models/aws_robomaker_residential_FoldingDoor_01\n'}
[0.923281] (aws_robomaker_small_house_world) StdoutLine: {'line': b'-- Up-to-date: /home/frankie/ros2_ws/install/aws_robomaker_small_house_world/share/aws_robomaker_small_house_world/models/aws_robomaker_residential_FoldingDoor_01/materials\n'}
[0.923366] (aws_robomaker_small_house_world) StdoutLine: {'line': b'-- Up-to-date: /home/frankie/ros2_ws/install/aws_robomaker_small_house_world/share/aws_robomaker_small_house_world/models/aws_robomaker_residential_FoldingDoor_01/materials/textures\n'}
[0.923447] (aws_robomaker_small_house_world) StdoutLine: {'line': b'-- Up-to-date: /home/frankie/ros2_ws/install/aws_robomaker_small_house_world/share/aws_robomaker_small_house_world/models/aws_robomaker_residential_FoldingDoor_01/materials/textures/aws_FoldingDoor_01.png\n'}
[0.923537] (aws_robomaker_small_house_world) StdoutLine: {'line': b'-- Up-to-date: /home/frankie/ros2_ws/install/aws_robomaker_small_house_world/share/aws_robomaker_small_house_world/models/aws_robomaker_residential_FoldingDoor_01/meshes\n'}
[0.923631] (aws_robomaker_small_house_world) StdoutLine: {'line': b'-- Up-to-date: /home/frankie/ros2_ws/install/aws_robomaker_small_house_world/share/aws_robomaker_small_house_world/models/aws_robomaker_residential_FoldingDoor_01/meshes/aws_FoldingDoor_01_collision.DAE\n'}
[0.923723] (aws_robomaker_small_house_world) StdoutLine: {'line': b'-- Up-to-date: /home/frankie/ros2_ws/install/aws_robomaker_small_house_world/share/aws_robomaker_small_house_world/models/aws_robomaker_residential_FoldingDoor_01/meshes/aws_FoldingDoor_01_visual.DAE\n'}
[0.923819] (aws_robomaker_small_house_world) StdoutLine: {'line': b'-- Up-to-date: /home/frankie/ros2_ws/install/aws_robomaker_small_house_world/share/aws_robomaker_small_house_world/models/aws_robomaker_residential_FoldingDoor_01/model.config\n'}
[0.923921] (aws_robomaker_small_house_world) StdoutLine: {'line': b'-- Up-to-date: /home/frankie/ros2_ws/install/aws_robomaker_small_house_world/share/aws_robomaker_small_house_world/models/aws_robomaker_residential_FoldingDoor_01/model.sdf\n'}
[0.924018] (aws_robomaker_small_house_world) StdoutLine: {'line': b'-- Up-to-date: /home/frankie/ros2_ws/install/aws_robomaker_small_house_world/share/aws_robomaker_small_house_world/models/aws_robomaker_residential_DeskPortraitC_01\n'}
[0.924115] (aws_robomaker_small_house_world) StdoutLine: {'line': b'-- Up-to-date: /home/frankie/ros2_ws/install/aws_robomaker_small_house_world/share/aws_robomaker_small_house_world/models/aws_robomaker_residential_DeskPortraitC_01/materials\n'}
[0.924210] (aws_robomaker_small_house_world) StdoutLine: {'line': b'-- Up-to-date: /home/frankie/ros2_ws/install/aws_robomaker_small_house_world/share/aws_robomaker_small_house_world/models/aws_robomaker_residential_DeskPortraitC_01/materials/textures\n'}
[0.924306] (aws_robomaker_small_house_world) StdoutLine: {'line': b'-- Up-to-date: /home/frankie/ros2_ws/install/aws_robomaker_small_house_world/share/aws_robomaker_small_house_world/models/aws_robomaker_residential_DeskPortraitC_01/materials/textures/aws_DeskPortraitC_02.png\n'}
[0.924403] (aws_robomaker_small_house_world) StdoutLine: {'line': b'-- Up-to-date: /home/frankie/ros2_ws/install/aws_robomaker_small_house_world/share/aws_robomaker_small_house_world/models/aws_robomaker_residential_DeskPortraitC_01/materials/textures/aws_DeskPortraitC_01.png\n'}
[0.924499] (aws_robomaker_small_house_world) StdoutLine: {'line': b'-- Up-to-date: /home/frankie/ros2_ws/install/aws_robomaker_small_house_world/share/aws_robomaker_small_house_world/models/aws_robomaker_residential_DeskPortraitC_01/meshes\n'}
[0.924594] (aws_robomaker_small_house_world) StdoutLine: {'line': b'-- Up-to-date: /home/frankie/ros2_ws/install/aws_robomaker_small_house_world/share/aws_robomaker_small_house_world/models/aws_robomaker_residential_DeskPortraitC_01/meshes/aws_DeskPortraitC_01_collision.DAE\n'}
[0.924685] (aws_robomaker_small_house_world) StdoutLine: {'line': b'-- Up-to-date: /home/frankie/ros2_ws/install/aws_robomaker_small_house_world/share/aws_robomaker_small_house_world/models/aws_robomaker_residential_DeskPortraitC_01/meshes/aws_DeskPortraitC_01_visual.DAE\n'}
[0.924788] (aws_robomaker_small_house_world) StdoutLine: {'line': b'-- Up-to-date: /home/frankie/ros2_ws/install/aws_robomaker_small_house_world/share/aws_robomaker_small_house_world/models/aws_robomaker_residential_DeskPortraitC_01/model.config\n'}
[0.924914] (aws_robomaker_small_house_world) StdoutLine: {'line': b'-- Up-to-date: /home/frankie/ros2_ws/install/aws_robomaker_small_house_world/share/aws_robomaker_small_house_world/models/aws_robomaker_residential_DeskPortraitC_01/model.sdf\n'}
[0.925008] (aws_robomaker_small_house_world) StdoutLine: {'line': b'-- Up-to-date: /home/frankie/ros2_ws/install/aws_robomaker_small_house_world/share/aws_robomaker_small_house_world/models/aws_robomaker_residential_TV_01\n'}
[0.925099] (aws_robomaker_small_house_world) StdoutLine: {'line': b'-- Up-to-date: /home/frankie/ros2_ws/install/aws_robomaker_small_house_world/share/aws_robomaker_small_house_world/models/aws_robomaker_residential_TV_01/materials\n'}
[0.925174] (aws_robomaker_small_house_world) StdoutLine: {'line': b'-- Up-to-date: /home/frankie/ros2_ws/install/aws_robomaker_small_house_world/share/aws_robomaker_small_house_world/models/aws_robomaker_residential_TV_01/materials/textures\n'}
[0.925267] (aws_robomaker_small_house_world) StdoutLine: {'line': b'-- Up-to-date: /home/frankie/ros2_ws/install/aws_robomaker_small_house_world/share/aws_robomaker_small_house_world/models/aws_robomaker_residential_TV_01/materials/textures/aws_TV_01.png\n'}
[0.925599] (aws_robomaker_small_house_world) StdoutLine: {'line': b'-- Up-to-date: /home/frankie/ros2_ws/install/aws_robomaker_small_house_world/share/aws_robomaker_small_house_world/models/aws_robomaker_residential_TV_01/meshes\n'}
[0.925695] (aws_robomaker_small_house_world) StdoutLine: {'line': b'-- Up-to-date: /home/frankie/ros2_ws/install/aws_robomaker_small_house_world/share/aws_robomaker_small_house_world/models/aws_robomaker_residential_TV_01/meshes/aws_TV_01_collision.DAE\n'}
[0.925875] (aws_robomaker_small_house_world) StdoutLine: {'line': b'-- Up-to-date: /home/frankie/ros2_ws/install/aws_robomaker_small_house_world/share/aws_robomaker_small_house_world/models/aws_robomaker_residential_TV_01/meshes/aws_TV_01_visual.DAE\n'}
[0.926002] (aws_robomaker_small_house_world) StdoutLine: {'line': b'-- Up-to-date: /home/frankie/ros2_ws/install/aws_robomaker_small_house_world/share/aws_robomaker_small_house_world/models/aws_robomaker_residential_TV_01/model.config\n'}
[0.926096] (aws_robomaker_small_house_world) StdoutLine: {'line': b'-- Up-to-date: /home/frankie/ros2_ws/install/aws_robomaker_small_house_world/share/aws_robomaker_small_house_world/models/aws_robomaker_residential_TV_01/model.sdf\n'}
[0.926183] (aws_robomaker_small_house_world) StdoutLine: {'line': b'-- Up-to-date: /home/frankie/ros2_ws/install/aws_robomaker_small_house_world/share/aws_robomaker_small_house_world/models/aws_robomaker_residential_Quilt_01\n'}
[0.926265] (aws_robomaker_small_house_world) StdoutLine: {'line': b'-- Up-to-date: /home/frankie/ros2_ws/install/aws_robomaker_small_house_world/share/aws_robomaker_small_house_world/models/aws_robomaker_residential_Quilt_01/materials\n'}
[0.926361] (aws_robomaker_small_house_world) StdoutLine: {'line': b'-- Up-to-date: /home/frankie/ros2_ws/install/aws_robomaker_small_house_world/share/aws_robomaker_small_house_world/models/aws_robomaker_residential_Quilt_01/materials/textures\n'}
[0.926466] (aws_robomaker_small_house_world) StdoutLine: {'line': b'-- Up-to-date: /home/frankie/ros2_ws/install/aws_robomaker_small_house_world/share/aws_robomaker_small_house_world/models/aws_robomaker_residential_Quilt_01/materials/textures/aws_Quilt_01.png\n'}
[0.926557] (aws_robomaker_small_house_world) StdoutLine: {'line': b'-- Up-to-date: /home/frankie/ros2_ws/install/aws_robomaker_small_house_world/share/aws_robomaker_small_house_world/models/aws_robomaker_residential_Quilt_01/meshes\n'}
[0.926655] (aws_robomaker_small_house_world) StdoutLine: {'line': b'-- Up-to-date: /home/frankie/ros2_ws/install/aws_robomaker_small_house_world/share/aws_robomaker_small_house_world/models/aws_robomaker_residential_Quilt_01/meshes/aws_Quilt_01_collision.DAE\n'}
[0.926744] (aws_robomaker_small_house_world) StdoutLine: {'line': b'-- Up-to-date: /home/frankie/ros2_ws/install/aws_robomaker_small_house_world/share/aws_robomaker_small_house_world/models/aws_robomaker_residential_Quilt_01/meshes/aws_Quilt_01_visual.DAE\n'}
[0.926853] (aws_robomaker_small_house_world) StdoutLine: {'line': b'-- Up-to-date: /home/frankie/ros2_ws/install/aws_robomaker_small_house_world/share/aws_robomaker_small_house_world/models/aws_robomaker_residential_Quilt_01/model.config\n'}
[0.926949] (aws_robomaker_small_house_world) StdoutLine: {'line': b'-- Up-to-date: /home/frankie/ros2_ws/install/aws_robomaker_small_house_world/share/aws_robomaker_small_house_world/models/aws_robomaker_residential_Quilt_01/model.sdf\n'}
[0.928229] (aws_robomaker_small_house_world) StdoutLine: {'line': b'-- Up-to-date: /home/frankie/ros2_ws/install/aws_robomaker_small_house_world/share/aws_robomaker_small_house_world/models/aws_robomaker_residential_CoffeeTable_01\n'}
[0.928416] (aws_robomaker_small_house_world) StdoutLine: {'line': b'-- Up-to-date: /home/frankie/ros2_ws/install/aws_robomaker_small_house_world/share/aws_robomaker_small_house_world/models/aws_robomaker_residential_CoffeeTable_01/materials\n'}
[0.928512] (aws_robomaker_small_house_world) StdoutLine: {'line': b'-- Up-to-date: /home/frankie/ros2_ws/install/aws_robomaker_small_house_world/share/aws_robomaker_small_house_world/models/aws_robomaker_residential_CoffeeTable_01/materials/textures\n'}
[0.928599] (aws_robomaker_small_house_world) StdoutLine: {'line': b'-- Up-to-date: /home/frankie/ros2_ws/install/aws_robomaker_small_house_world/share/aws_robomaker_small_house_world/models/aws_robomaker_residential_CoffeeTable_01/materials/textures/aws_CoffeeTable_01.png\n'}
[0.928716] (aws_robomaker_small_house_world) StdoutLine: {'line': b'-- Up-to-date: /home/frankie/ros2_ws/install/aws_robomaker_small_house_world/share/aws_robomaker_small_house_world/models/aws_robomaker_residential_CoffeeTable_01/meshes\n'}
[0.928834] (aws_robomaker_small_house_world) StdoutLine: {'line': b'-- Up-to-date: /home/frankie/ros2_ws/install/aws_robomaker_small_house_world/share/aws_robomaker_small_house_world/models/aws_robomaker_residential_CoffeeTable_01/meshes/aws_CoffeeTable_01_visual.DAE\n'}
[0.928927] (aws_robomaker_small_house_world) StdoutLine: {'line': b'-- Up-to-date: /home/frankie/ros2_ws/install/aws_robomaker_small_house_world/share/aws_robomaker_small_house_world/models/aws_robomaker_residential_CoffeeTable_01/meshes/aws_CoffeeTable_01_collision.DAE\n'}
[0.929046] (aws_robomaker_small_house_world) StdoutLine: {'line': b'-- Up-to-date: /home/frankie/ros2_ws/install/aws_robomaker_small_house_world/share/aws_robomaker_small_house_world/models/aws_robomaker_residential_CoffeeTable_01/model.config\n'}
[0.929143] (aws_robomaker_small_house_world) StdoutLine: {'line': b'-- Up-to-date: /home/frankie/ros2_ws/install/aws_robomaker_small_house_world/share/aws_robomaker_small_house_world/models/aws_robomaker_residential_CoffeeTable_01/model.sdf\n'}
[0.930132] (aws_robomaker_small_house_world) StdoutLine: {'line': b'-- Up-to-date: /home/frankie/ros2_ws/install/aws_robomaker_small_house_world/share/aws_robomaker_small_house_world/models/aws_robomaker_residential_RoomWall_01\n'}
[0.930812] (aws_robomaker_small_house_world) StdoutLine: {'line': b'-- Up-to-date: /home/frankie/ros2_ws/install/aws_robomaker_small_house_world/share/aws_robomaker_small_house_world/models/aws_robomaker_residential_RoomWall_01/materials\n'}
[0.930938] (aws_robomaker_small_house_world) StdoutLine: {'line': b'-- Up-to-date: /home/frankie/ros2_ws/install/aws_robomaker_small_house_world/share/aws_robomaker_small_house_world/models/aws_robomaker_residential_RoomWall_01/materials/textures\n'}
[0.931049] (aws_robomaker_small_house_world) StdoutLine: {'line': b'-- Up-to-date: /home/frankie/ros2_ws/install/aws_robomaker_small_house_world/share/aws_robomaker_small_house_world/models/aws_robomaker_residential_RoomWall_01/materials/textures/aws_RoomWall_01.png\n'}
[0.933139] (aws_robomaker_small_house_world) StdoutLine: {'line': b'-- Up-to-date: /home/frankie/ros2_ws/install/aws_robomaker_small_house_world/share/aws_robomaker_small_house_world/models/aws_robomaker_residential_RoomWall_01/meshes\n'}
[0.933293] (aws_robomaker_small_house_world) StdoutLine: {'line': b'-- Up-to-date: /home/frankie/ros2_ws/install/aws_robomaker_small_house_world/share/aws_robomaker_small_house_world/models/aws_robomaker_residential_RoomWall_01/meshes/aws_RoomWall_01_visual.DAE\n'}
[0.933411] (aws_robomaker_small_house_world) StdoutLine: {'line': b'-- Up-to-date: /home/frankie/ros2_ws/install/aws_robomaker_small_house_world/share/aws_robomaker_small_house_world/models/aws_robomaker_residential_RoomWall_01/meshes/aws_RoomWall_01_collision.DAE\n'}
[0.936381] (aws_robomaker_small_house_world) StdoutLine: {'line': b'-- Up-to-date: /home/frankie/ros2_ws/install/aws_robomaker_small_house_world/share/aws_robomaker_small_house_world/models/aws_robomaker_residential_RoomWall_01/model.config\n'}
[0.936530] (aws_robomaker_small_house_world) StdoutLine: {'line': b'-- Up-to-date: /home/frankie/ros2_ws/install/aws_robomaker_small_house_world/share/aws_robomaker_small_house_world/models/aws_robomaker_residential_RoomWall_01/model.sdf\n'}
[0.936628] (aws_robomaker_small_house_world) StdoutLine: {'line': b'-- Up-to-date: /home/frankie/ros2_ws/install/aws_robomaker_small_house_world/share/aws_robomaker_small_house_world/models/aws_robomaker_residential_DeskPortraitD_04\n'}
[0.936722] (aws_robomaker_small_house_world) StdoutLine: {'line': b'-- Up-to-date: /home/frankie/ros2_ws/install/aws_robomaker_small_house_world/share/aws_robomaker_small_house_world/models/aws_robomaker_residential_DeskPortraitD_04/materials\n'}
[0.936835] (aws_robomaker_small_house_world) StdoutLine: {'line': b'-- Up-to-date: /home/frankie/ros2_ws/install/aws_robomaker_small_house_world/share/aws_robomaker_small_house_world/models/aws_robomaker_residential_DeskPortraitD_04/materials/textures\n'}
[0.936932] (aws_robomaker_small_house_world) StdoutLine: {'line': b'-- Up-to-date: /home/frankie/ros2_ws/install/aws_robomaker_small_house_world/share/aws_robomaker_small_house_world/models/aws_robomaker_residential_DeskPortraitD_04/materials/textures/aws_DeskPortraitD_02.png\n'}
[0.937037] (aws_robomaker_small_house_world) StdoutLine: {'line': b'-- Up-to-date: /home/frankie/ros2_ws/install/aws_robomaker_small_house_world/share/aws_robomaker_small_house_world/models/aws_robomaker_residential_DeskPortraitD_04/materials/textures/aws_DeskPortraitD_01.png\n'}
[0.937139] (aws_robomaker_small_house_world) StdoutLine: {'line': b'-- Up-to-date: /home/frankie/ros2_ws/install/aws_robomaker_small_house_world/share/aws_robomaker_small_house_world/models/aws_robomaker_residential_DeskPortraitD_04/meshes\n'}
[0.937238] (aws_robomaker_small_house_world) StdoutLine: {'line': b'-- Up-to-date: /home/frankie/ros2_ws/install/aws_robomaker_small_house_world/share/aws_robomaker_small_house_world/models/aws_robomaker_residential_DeskPortraitD_04/meshes/aws_DeskPortraitD_01_collision.DAE\n'}
[0.937335] (aws_robomaker_small_house_world) StdoutLine: {'line': b'-- Up-to-date: /home/frankie/ros2_ws/install/aws_robomaker_small_house_world/share/aws_robomaker_small_house_world/models/aws_robomaker_residential_DeskPortraitD_04/meshes/aws_DeskPortraitD_01_visual.DAE\n'}
[0.937491] (aws_robomaker_small_house_world) StdoutLine: {'line': b'-- Up-to-date: /home/frankie/ros2_ws/install/aws_robomaker_small_house_world/share/aws_robomaker_small_house_world/models/aws_robomaker_residential_DeskPortraitD_04/model.config\n'}
[0.937636] (aws_robomaker_small_house_world) StdoutLine: {'line': b'-- Up-to-date: /home/frankie/ros2_ws/install/aws_robomaker_small_house_world/share/aws_robomaker_small_house_world/models/aws_robomaker_residential_DeskPortraitD_04/model.sdf\n'}
[0.937776] (aws_robomaker_small_house_world) StdoutLine: {'line': b'-- Up-to-date: /home/frankie/ros2_ws/install/aws_robomaker_small_house_world/share/aws_robomaker_small_house_world/models/aws_robomaker_residential_SecurityCamera_01\n'}
[0.937904] (aws_robomaker_small_house_world) StdoutLine: {'line': b'-- Up-to-date: /home/frankie/ros2_ws/install/aws_robomaker_small_house_world/share/aws_robomaker_small_house_world/models/aws_robomaker_residential_SecurityCamera_01/materials\n'}
[0.938001] (aws_robomaker_small_house_world) StdoutLine: {'line': b'-- Up-to-date: /home/frankie/ros2_ws/install/aws_robomaker_small_house_world/share/aws_robomaker_small_house_world/models/aws_robomaker_residential_SecurityCamera_01/materials/textures\n'}
[0.938096] (aws_robomaker_small_house_world) StdoutLine: {'line': b'-- Up-to-date: /home/frankie/ros2_ws/install/aws_robomaker_small_house_world/share/aws_robomaker_small_house_world/models/aws_robomaker_residential_SecurityCamera_01/materials/textures/aws_SecurityCamera_01.png\n'}
[0.938187] (aws_robomaker_small_house_world) StdoutLine: {'line': b'-- Up-to-date: /home/frankie/ros2_ws/install/aws_robomaker_small_house_world/share/aws_robomaker_small_house_world/models/aws_robomaker_residential_SecurityCamera_01/meshes\n'}
[0.938276] (aws_robomaker_small_house_world) StdoutLine: {'line': b'-- Up-to-date: /home/frankie/ros2_ws/install/aws_robomaker_small_house_world/share/aws_robomaker_small_house_world/models/aws_robomaker_residential_SecurityCamera_01/meshes/aws_SecurityCamera_01_visual.DAE\n'}
[0.938368] (aws_robomaker_small_house_world) StdoutLine: {'line': b'-- Up-to-date: /home/frankie/ros2_ws/install/aws_robomaker_small_house_world/share/aws_robomaker_small_house_world/models/aws_robomaker_residential_SecurityCamera_01/meshes/aws_SecurityCamera_01_collision.DAE\n'}
[0.938458] (aws_robomaker_small_house_world) StdoutLine: {'line': b'-- Up-to-date: /home/frankie/ros2_ws/install/aws_robomaker_small_house_world/share/aws_robomaker_small_house_world/models/aws_robomaker_residential_SecurityCamera_01/model.config\n'}
[0.938546] (aws_robomaker_small_house_world) StdoutLine: {'line': b'-- Up-to-date: /home/frankie/ros2_ws/install/aws_robomaker_small_house_world/share/aws_robomaker_small_house_world/models/aws_robomaker_residential_SecurityCamera_01/model.sdf\n'}
[0.938636] (aws_robomaker_small_house_world) StdoutLine: {'line': b'-- Up-to-date: /home/frankie/ros2_ws/install/aws_robomaker_small_house_world/share/aws_robomaker_small_house_world/models/aws_robomaker_residential_AirconditionerA_01\n'}
[0.938726] (aws_robomaker_small_house_world) StdoutLine: {'line': b'-- Up-to-date: /home/frankie/ros2_ws/install/aws_robomaker_small_house_world/share/aws_robomaker_small_house_world/models/aws_robomaker_residential_AirconditionerA_01/materials\n'}
[0.943935] (aws_robomaker_small_house_world) StdoutLine: {'line': b'-- Up-to-date: /home/frankie/ros2_ws/install/aws_robomaker_small_house_world/share/aws_robomaker_small_house_world/models/aws_robomaker_residential_AirconditionerA_01/materials/textures\n'}
[0.944875] (aws_robomaker_small_house_world) StdoutLine: {'line': b'-- Up-to-date: /home/frankie/ros2_ws/install/aws_robomaker_small_house_world/share/aws_robomaker_small_house_world/models/aws_robomaker_residential_AirconditionerA_01/materials/textures/aws_AirconditionerA_01.png\n'}
[0.948278] (aws_robomaker_small_house_world) StdoutLine: {'line': b'-- Up-to-date: /home/frankie/ros2_ws/install/aws_robomaker_small_house_world/share/aws_robomaker_small_house_world/models/aws_robomaker_residential_AirconditionerA_01/meshes\n'}
[0.948697] (aws_robomaker_small_house_world) StdoutLine: {'line': b'-- Up-to-date: /home/frankie/ros2_ws/install/aws_robomaker_small_house_world/share/aws_robomaker_small_house_world/models/aws_robomaker_residential_AirconditionerA_01/meshes/aws_AirconditionerA_01_visual.DAE\n'}
[0.948929] (aws_robomaker_small_house_world) StdoutLine: {'line': b'-- Up-to-date: /home/frankie/ros2_ws/install/aws_robomaker_small_house_world/share/aws_robomaker_small_house_world/models/aws_robomaker_residential_AirconditionerA_01/meshes/aws__Air conditioner_01.DAE\n'}
[0.949061] (aws_robomaker_small_house_world) StdoutLine: {'line': b'-- Up-to-date: /home/frankie/ros2_ws/install/aws_robomaker_small_house_world/share/aws_robomaker_small_house_world/models/aws_robomaker_residential_AirconditionerA_01/meshes/aws_AirconditionerA_01_collision.DAE\n'}
[0.949173] (aws_robomaker_small_house_world) StdoutLine: {'line': b'-- Up-to-date: /home/frankie/ros2_ws/install/aws_robomaker_small_house_world/share/aws_robomaker_small_house_world/models/aws_robomaker_residential_AirconditionerA_01/model.config\n'}
[0.949281] (aws_robomaker_small_house_world) StdoutLine: {'line': b'-- Up-to-date: /home/frankie/ros2_ws/install/aws_robomaker_small_house_world/share/aws_robomaker_small_house_world/models/aws_robomaker_residential_AirconditionerA_01/model.sdf\n'}
[0.949393] (aws_robomaker_small_house_world) StdoutLine: {'line': b'-- Up-to-date: /home/frankie/ros2_ws/install/aws_robomaker_small_house_world/share/aws_robomaker_small_house_world/models/box_bot\n'}
[0.949501] (aws_robomaker_small_house_world) StdoutLine: {'line': b'-- Up-to-date: /home/frankie/ros2_ws/install/aws_robomaker_small_house_world/share/aws_robomaker_small_house_world/models/box_bot/urdf\n'}
[0.949613] (aws_robomaker_small_house_world) StdoutLine: {'line': b'-- Up-to-date: /home/frankie/ros2_ws/install/aws_robomaker_small_house_world/share/aws_robomaker_small_house_world/models/box_bot/urdf/box_bot_description.urdf\n'}
[0.949726] (aws_robomaker_small_house_world) StdoutLine: {'line': b'-- Up-to-date: /home/frankie/ros2_ws/install/aws_robomaker_small_house_world/share/aws_robomaker_small_house_world/models/aws_robomaker_residential_Refrigerator_01\n'}
[0.949842] (aws_robomaker_small_house_world) StdoutLine: {'line': b'-- Up-to-date: /home/frankie/ros2_ws/install/aws_robomaker_small_house_world/share/aws_robomaker_small_house_world/models/aws_robomaker_residential_Refrigerator_01/materials\n'}
[0.949943] (aws_robomaker_small_house_world) StdoutLine: {'line': b'-- Up-to-date: /home/frankie/ros2_ws/install/aws_robomaker_small_house_world/share/aws_robomaker_small_house_world/models/aws_robomaker_residential_Refrigerator_01/materials/textures\n'}
[0.950038] (aws_robomaker_small_house_world) StdoutLine: {'line': b'-- Up-to-date: /home/frankie/ros2_ws/install/aws_robomaker_small_house_world/share/aws_robomaker_small_house_world/models/aws_robomaker_residential_Refrigerator_01/materials/textures/aws_Refrigerator_02.png\n'}
[0.950155] (aws_robomaker_small_house_world) StdoutLine: {'line': b'-- Up-to-date: /home/frankie/ros2_ws/install/aws_robomaker_small_house_world/share/aws_robomaker_small_house_world/models/aws_robomaker_residential_Refrigerator_01/materials/textures/aws_Refrigerator_01.png\n'}
[0.950263] (aws_robomaker_small_house_world) StdoutLine: {'line': b'-- Up-to-date: /home/frankie/ros2_ws/install/aws_robomaker_small_house_world/share/aws_robomaker_small_house_world/models/aws_robomaker_residential_Refrigerator_01/meshes\n'}
[0.950377] (aws_robomaker_small_house_world) StdoutLine: {'line': b'-- Up-to-date: /home/frankie/ros2_ws/install/aws_robomaker_small_house_world/share/aws_robomaker_small_house_world/models/aws_robomaker_residential_Refrigerator_01/meshes/aws_Refrigerator_01_visual.DAE\n'}
[0.950494] (aws_robomaker_small_house_world) StdoutLine: {'line': b'-- Up-to-date: /home/frankie/ros2_ws/install/aws_robomaker_small_house_world/share/aws_robomaker_small_house_world/models/aws_robomaker_residential_Refrigerator_01/meshes/aws_Refrigerator_01.DAE\n'}
[0.950614] (aws_robomaker_small_house_world) StdoutLine: {'line': b'-- Up-to-date: /home/frankie/ros2_ws/install/aws_robomaker_small_house_world/share/aws_robomaker_small_house_world/models/aws_robomaker_residential_Refrigerator_01/meshes/aws_Refrigerator_01_collision.DAE\n'}
[0.950732] (aws_robomaker_small_house_world) StdoutLine: {'line': b'-- Up-to-date: /home/frankie/ros2_ws/install/aws_robomaker_small_house_world/share/aws_robomaker_small_house_world/models/aws_robomaker_residential_Refrigerator_01/model.config\n'}
[0.950860] (aws_robomaker_small_house_world) StdoutLine: {'line': b'-- Up-to-date: /home/frankie/ros2_ws/install/aws_robomaker_small_house_world/share/aws_robomaker_small_house_world/models/aws_robomaker_residential_Refrigerator_01/model.sdf\n'}
[0.955909] (aws_robomaker_small_house_world) StdoutLine: {'line': b'-- Up-to-date: /home/frankie/ros2_ws/install/aws_robomaker_small_house_world/share/aws_robomaker_small_house_world/models/aws_robomaker_residential_AirconditionerB_01\n'}
[0.956080] (aws_robomaker_small_house_world) StdoutLine: {'line': b'-- Up-to-date: /home/frankie/ros2_ws/install/aws_robomaker_small_house_world/share/aws_robomaker_small_house_world/models/aws_robomaker_residential_AirconditionerB_01/materials\n'}
[0.956189] (aws_robomaker_small_house_world) StdoutLine: {'line': b'-- Up-to-date: /home/frankie/ros2_ws/install/aws_robomaker_small_house_world/share/aws_robomaker_small_house_world/models/aws_robomaker_residential_AirconditionerB_01/materials/textures\n'}
[0.956302] (aws_robomaker_small_house_world) StdoutLine: {'line': b'-- Up-to-date: /home/frankie/ros2_ws/install/aws_robomaker_small_house_world/share/aws_robomaker_small_house_world/models/aws_robomaker_residential_AirconditionerB_01/materials/textures/aws_AirconditionerB_01.png\n'}
[0.956412] (aws_robomaker_small_house_world) StdoutLine: {'line': b'-- Up-to-date: /home/frankie/ros2_ws/install/aws_robomaker_small_house_world/share/aws_robomaker_small_house_world/models/aws_robomaker_residential_AirconditionerB_01/meshes\n'}
[0.956524] (aws_robomaker_small_house_world) StdoutLine: {'line': b'-- Up-to-date: /home/frankie/ros2_ws/install/aws_robomaker_small_house_world/share/aws_robomaker_small_house_world/models/aws_robomaker_residential_AirconditionerB_01/meshes/aws_AirconditionerB_01_visual.DAE\n'}
[0.956639] (aws_robomaker_small_house_world) StdoutLine: {'line': b'-- Up-to-date: /home/frankie/ros2_ws/install/aws_robomaker_small_house_world/share/aws_robomaker_small_house_world/models/aws_robomaker_residential_AirconditionerB_01/meshes/aws_AirconditionerB_01_collision.DAE\n'}
[0.956753] (aws_robomaker_small_house_world) StdoutLine: {'line': b'-- Up-to-date: /home/frankie/ros2_ws/install/aws_robomaker_small_house_world/share/aws_robomaker_small_house_world/models/aws_robomaker_residential_AirconditionerB_01/model.config\n'}
[0.956883] (aws_robomaker_small_house_world) StdoutLine: {'line': b'-- Up-to-date: /home/frankie/ros2_ws/install/aws_robomaker_small_house_world/share/aws_robomaker_small_house_world/models/aws_robomaker_residential_AirconditionerB_01/model.sdf\n'}
[0.958982] (aws_robomaker_small_house_world) StdoutLine: {'line': b'-- Up-to-date: /home/frankie/ros2_ws/install/aws_robomaker_small_house_world/share/aws_robomaker_small_house_world/models/aws_robomaker_residential_ChairD_01\n'}
[0.959245] (aws_robomaker_small_house_world) StdoutLine: {'line': b'-- Up-to-date: /home/frankie/ros2_ws/install/aws_robomaker_small_house_world/share/aws_robomaker_small_house_world/models/aws_robomaker_residential_ChairD_01/materials\n'}
[0.959374] (aws_robomaker_small_house_world) StdoutLine: {'line': b'-- Up-to-date: /home/frankie/ros2_ws/install/aws_robomaker_small_house_world/share/aws_robomaker_small_house_world/models/aws_robomaker_residential_ChairD_01/materials/textures\n'}
[0.959498] (aws_robomaker_small_house_world) StdoutLine: {'line': b'-- Up-to-date: /home/frankie/ros2_ws/install/aws_robomaker_small_house_world/share/aws_robomaker_small_house_world/models/aws_robomaker_residential_ChairD_01/materials/textures/aws_ChairD_01.png\n'}
[0.959616] (aws_robomaker_small_house_world) StdoutLine: {'line': b'-- Up-to-date: /home/frankie/ros2_ws/install/aws_robomaker_small_house_world/share/aws_robomaker_small_house_world/models/aws_robomaker_residential_ChairD_01/meshes\n'}
[0.959717] (aws_robomaker_small_house_world) StdoutLine: {'line': b'-- Up-to-date: /home/frankie/ros2_ws/install/aws_robomaker_small_house_world/share/aws_robomaker_small_house_world/models/aws_robomaker_residential_ChairD_01/meshes/aws_ChairD_01_visual.DAE\n'}
[0.959855] (aws_robomaker_small_house_world) StdoutLine: {'line': b'-- Up-to-date: /home/frankie/ros2_ws/install/aws_robomaker_small_house_world/share/aws_robomaker_small_house_world/models/aws_robomaker_residential_ChairD_01/meshes/aws_ChairD_01_collision.DAE\n'}
[0.960001] (aws_robomaker_small_house_world) StdoutLine: {'line': b'-- Up-to-date: /home/frankie/ros2_ws/install/aws_robomaker_small_house_world/share/aws_robomaker_small_house_world/models/aws_robomaker_residential_ChairD_01/model.config\n'}
[0.960111] (aws_robomaker_small_house_world) StdoutLine: {'line': b'-- Up-to-date: /home/frankie/ros2_ws/install/aws_robomaker_small_house_world/share/aws_robomaker_small_house_world/models/aws_robomaker_residential_ChairD_01/model.sdf\n'}
[0.960218] (aws_robomaker_small_house_world) StdoutLine: {'line': b'-- Up-to-date: /home/frankie/ros2_ws/install/aws_robomaker_small_house_world/share/aws_robomaker_small_house_world/models/aws_robomaker_residential_PortraitD_02\n'}
[0.960322] (aws_robomaker_small_house_world) StdoutLine: {'line': b'-- Up-to-date: /home/frankie/ros2_ws/install/aws_robomaker_small_house_world/share/aws_robomaker_small_house_world/models/aws_robomaker_residential_PortraitD_02/materials\n'}
[0.960423] (aws_robomaker_small_house_world) StdoutLine: {'line': b'-- Up-to-date: /home/frankie/ros2_ws/install/aws_robomaker_small_house_world/share/aws_robomaker_small_house_world/models/aws_robomaker_residential_PortraitD_02/materials/textures\n'}
[0.960530] (aws_robomaker_small_house_world) StdoutLine: {'line': b'-- Up-to-date: /home/frankie/ros2_ws/install/aws_robomaker_small_house_world/share/aws_robomaker_small_house_world/models/aws_robomaker_residential_PortraitD_02/materials/textures/aws_PortraitD_01.png\n'}
[0.960663] (aws_robomaker_small_house_world) StdoutLine: {'line': b'-- Up-to-date: /home/frankie/ros2_ws/install/aws_robomaker_small_house_world/share/aws_robomaker_small_house_world/models/aws_robomaker_residential_PortraitD_02/materials/textures/aws_PortraitD_02.png\n'}
[0.965659] (aws_robomaker_small_house_world) StdoutLine: {'line': b'-- Up-to-date: /home/frankie/ros2_ws/install/aws_robomaker_small_house_world/share/aws_robomaker_small_house_world/models/aws_robomaker_residential_PortraitD_02/meshes\n'}
[0.965964] (aws_robomaker_small_house_world) StdoutLine: {'line': b'-- Up-to-date: /home/frankie/ros2_ws/install/aws_robomaker_small_house_world/share/aws_robomaker_small_house_world/models/aws_robomaker_residential_PortraitD_02/meshes/aws_PortraitD_01_visual.DAE\n'}
[0.966122] (aws_robomaker_small_house_world) StdoutLine: {'line': b'-- Up-to-date: /home/frankie/ros2_ws/install/aws_robomaker_small_house_world/share/aws_robomaker_small_house_world/models/aws_robomaker_residential_PortraitD_02/meshes/aws_PortraitD_01_collision.DAE\n'}
[0.966237] (aws_robomaker_small_house_world) StdoutLine: {'line': b'-- Up-to-date: /home/frankie/ros2_ws/install/aws_robomaker_small_house_world/share/aws_robomaker_small_house_world/models/aws_robomaker_residential_PortraitD_02/model.config\n'}
[0.966361] (aws_robomaker_small_house_world) StdoutLine: {'line': b'-- Up-to-date: /home/frankie/ros2_ws/install/aws_robomaker_small_house_world/share/aws_robomaker_small_house_world/models/aws_robomaker_residential_PortraitD_02/model.sdf\n'}
[0.966482] (aws_robomaker_small_house_world) StdoutLine: {'line': b'-- Up-to-date: /home/frankie/ros2_ws/install/aws_robomaker_small_house_world/share/aws_robomaker_small_house_world/models/aws_robomaker_residential_DeskPortraitB_01\n'}
[0.966633] (aws_robomaker_small_house_world) StdoutLine: {'line': b'-- Up-to-date: /home/frankie/ros2_ws/install/aws_robomaker_small_house_world/share/aws_robomaker_small_house_world/models/aws_robomaker_residential_DeskPortraitB_01/materials\n'}
[0.966748] (aws_robomaker_small_house_world) StdoutLine: {'line': b'-- Up-to-date: /home/frankie/ros2_ws/install/aws_robomaker_small_house_world/share/aws_robomaker_small_house_world/models/aws_robomaker_residential_DeskPortraitB_01/materials/textures\n'}
[0.966928] (aws_robomaker_small_house_world) StdoutLine: {'line': b'-- Up-to-date: /home/frankie/ros2_ws/install/aws_robomaker_small_house_world/share/aws_robomaker_small_house_world/models/aws_robomaker_residential_DeskPortraitB_01/materials/textures/aws_DeskPortraitB_01.png\n'}
[0.967065] (aws_robomaker_small_house_world) StdoutLine: {'line': b'-- Up-to-date: /home/frankie/ros2_ws/install/aws_robomaker_small_house_world/share/aws_robomaker_small_house_world/models/aws_robomaker_residential_DeskPortraitB_01/materials/textures/aws_DeskPortraitB_02.png\n'}
[0.967178] (aws_robomaker_small_house_world) StdoutLine: {'line': b'-- Up-to-date: /home/frankie/ros2_ws/install/aws_robomaker_small_house_world/share/aws_robomaker_small_house_world/models/aws_robomaker_residential_DeskPortraitB_01/meshes\n'}
[0.967282] (aws_robomaker_small_house_world) StdoutLine: {'line': b'-- Up-to-date: /home/frankie/ros2_ws/install/aws_robomaker_small_house_world/share/aws_robomaker_small_house_world/models/aws_robomaker_residential_DeskPortraitB_01/meshes/aws_DeskPortraitB_01_visual.DAE\n'}
[0.967393] (aws_robomaker_small_house_world) StdoutLine: {'line': b'-- Up-to-date: /home/frankie/ros2_ws/install/aws_robomaker_small_house_world/share/aws_robomaker_small_house_world/models/aws_robomaker_residential_DeskPortraitB_01/meshes/aws_DeskPortraitB_01_collision.DAE\n'}
[0.967514] (aws_robomaker_small_house_world) StdoutLine: {'line': b'-- Up-to-date: /home/frankie/ros2_ws/install/aws_robomaker_small_house_world/share/aws_robomaker_small_house_world/models/aws_robomaker_residential_DeskPortraitB_01/model.config\n'}
[0.967628] (aws_robomaker_small_house_world) StdoutLine: {'line': b'-- Up-to-date: /home/frankie/ros2_ws/install/aws_robomaker_small_house_world/share/aws_robomaker_small_house_world/models/aws_robomaker_residential_DeskPortraitB_01/model.sdf\n'}
[0.967815] (aws_robomaker_small_house_world) StdoutLine: {'line': b'-- Up-to-date: /home/frankie/ros2_ws/install/aws_robomaker_small_house_world/share/aws_robomaker_small_house_world/models/aws_robomaker_residential_PortraitB_01\n'}
[0.967978] (aws_robomaker_small_house_world) StdoutLine: {'line': b'-- Up-to-date: /home/frankie/ros2_ws/install/aws_robomaker_small_house_world/share/aws_robomaker_small_house_world/models/aws_robomaker_residential_PortraitB_01/materials\n'}
[0.968101] (aws_robomaker_small_house_world) StdoutLine: {'line': b'-- Up-to-date: /home/frankie/ros2_ws/install/aws_robomaker_small_house_world/share/aws_robomaker_small_house_world/models/aws_robomaker_residential_PortraitB_01/materials/textures\n'}
[0.968237] (aws_robomaker_small_house_world) StdoutLine: {'line': b'-- Up-to-date: /home/frankie/ros2_ws/install/aws_robomaker_small_house_world/share/aws_robomaker_small_house_world/models/aws_robomaker_residential_PortraitB_01/materials/textures/aws_PortraitB_02.png\n'}
[0.968351] (aws_robomaker_small_house_world) StdoutLine: {'line': b'-- Up-to-date: /home/frankie/ros2_ws/install/aws_robomaker_small_house_world/share/aws_robomaker_small_house_world/models/aws_robomaker_residential_PortraitB_01/materials/textures/aws_PortraitB_01.png\n'}
[0.968461] (aws_robomaker_small_house_world) StdoutLine: {'line': b'-- Up-to-date: /home/frankie/ros2_ws/install/aws_robomaker_small_house_world/share/aws_robomaker_small_house_world/models/aws_robomaker_residential_PortraitB_01/meshes\n'}
[0.968567] (aws_robomaker_small_house_world) StdoutLine: {'line': b'-- Up-to-date: /home/frankie/ros2_ws/install/aws_robomaker_small_house_world/share/aws_robomaker_small_house_world/models/aws_robomaker_residential_PortraitB_01/meshes/aws_PortraitB_01_collision.DAE\n'}
[0.968695] (aws_robomaker_small_house_world) StdoutLine: {'line': b'-- Up-to-date: /home/frankie/ros2_ws/install/aws_robomaker_small_house_world/share/aws_robomaker_small_house_world/models/aws_robomaker_residential_PortraitB_01/meshes/aws_PortraitB_01_visual.DAE\n'}
[0.971313] (aws_robomaker_small_house_world) StdoutLine: {'line': b'-- Up-to-date: /home/frankie/ros2_ws/install/aws_robomaker_small_house_world/share/aws_robomaker_small_house_world/models/aws_robomaker_residential_PortraitB_01/model.config\n'}
[0.971483] (aws_robomaker_small_house_world) StdoutLine: {'line': b'-- Up-to-date: /home/frankie/ros2_ws/install/aws_robomaker_small_house_world/share/aws_robomaker_small_house_world/models/aws_robomaker_residential_PortraitB_01/model.sdf\n'}
[0.971609] (aws_robomaker_small_house_world) StdoutLine: {'line': b'-- Up-to-date: /home/frankie/ros2_ws/install/aws_robomaker_small_house_world/share/aws_robomaker_small_house_world/models/aws_robomaker_residential_Pillow_01\n'}
[0.971711] (aws_robomaker_small_house_world) StdoutLine: {'line': b'-- Up-to-date: /home/frankie/ros2_ws/install/aws_robomaker_small_house_world/share/aws_robomaker_small_house_world/models/aws_robomaker_residential_Pillow_01/materials\n'}
[0.971831] (aws_robomaker_small_house_world) StdoutLine: {'line': b'-- Up-to-date: /home/frankie/ros2_ws/install/aws_robomaker_small_house_world/share/aws_robomaker_small_house_world/models/aws_robomaker_residential_Pillow_01/materials/textures\n'}
[0.971934] (aws_robomaker_small_house_world) StdoutLine: {'line': b'-- Up-to-date: /home/frankie/ros2_ws/install/aws_robomaker_small_house_world/share/aws_robomaker_small_house_world/models/aws_robomaker_residential_Pillow_01/materials/textures/aws_Pillow_01.png\n'}
[0.972054] (aws_robomaker_small_house_world) StdoutLine: {'line': b'-- Up-to-date: /home/frankie/ros2_ws/install/aws_robomaker_small_house_world/share/aws_robomaker_small_house_world/models/aws_robomaker_residential_Pillow_01/meshes\n'}
[0.972158] (aws_robomaker_small_house_world) StdoutLine: {'line': b'-- Up-to-date: /home/frankie/ros2_ws/install/aws_robomaker_small_house_world/share/aws_robomaker_small_house_world/models/aws_robomaker_residential_Pillow_01/meshes/aws_Pillow_01_collision.DAE\n'}
[0.972266] (aws_robomaker_small_house_world) StdoutLine: {'line': b'-- Up-to-date: /home/frankie/ros2_ws/install/aws_robomaker_small_house_world/share/aws_robomaker_small_house_world/models/aws_robomaker_residential_Pillow_01/meshes/aws_Pillow_01_visual.DAE\n'}
[0.972369] (aws_robomaker_small_house_world) StdoutLine: {'line': b'-- Up-to-date: /home/frankie/ros2_ws/install/aws_robomaker_small_house_world/share/aws_robomaker_small_house_world/models/aws_robomaker_residential_Pillow_01/model.config\n'}
[0.972479] (aws_robomaker_small_house_world) StdoutLine: {'line': b'-- Up-to-date: /home/frankie/ros2_ws/install/aws_robomaker_small_house_world/share/aws_robomaker_small_house_world/models/aws_robomaker_residential_Pillow_01/model.sdf\n'}
[0.972582] (aws_robomaker_small_house_world) StdoutLine: {'line': b'-- Up-to-date: /home/frankie/ros2_ws/install/aws_robomaker_small_house_world/share/aws_robomaker_small_house_world/models/aws_robomaker_residential_PortraitC_01\n'}
[0.972684] (aws_robomaker_small_house_world) StdoutLine: {'line': b'-- Up-to-date: /home/frankie/ros2_ws/install/aws_robomaker_small_house_world/share/aws_robomaker_small_house_world/models/aws_robomaker_residential_PortraitC_01/materials\n'}
[0.972794] (aws_robomaker_small_house_world) StdoutLine: {'line': b'-- Up-to-date: /home/frankie/ros2_ws/install/aws_robomaker_small_house_world/share/aws_robomaker_small_house_world/models/aws_robomaker_residential_PortraitC_01/materials/textures\n'}
[0.972925] (aws_robomaker_small_house_world) StdoutLine: {'line': b'-- Up-to-date: /home/frankie/ros2_ws/install/aws_robomaker_small_house_world/share/aws_robomaker_small_house_world/models/aws_robomaker_residential_PortraitC_01/materials/textures/aws_PortraitC_01.png\n'}
[0.973029] (aws_robomaker_small_house_world) StdoutLine: {'line': b'-- Up-to-date: /home/frankie/ros2_ws/install/aws_robomaker_small_house_world/share/aws_robomaker_small_house_world/models/aws_robomaker_residential_PortraitC_01/materials/textures/aws_PortraitC_02.png\n'}
[0.973130] (aws_robomaker_small_house_world) StdoutLine: {'line': b'-- Up-to-date: /home/frankie/ros2_ws/install/aws_robomaker_small_house_world/share/aws_robomaker_small_house_world/models/aws_robomaker_residential_PortraitC_01/meshes\n'}
[0.973229] (aws_robomaker_small_house_world) StdoutLine: {'line': b'-- Up-to-date: /home/frankie/ros2_ws/install/aws_robomaker_small_house_world/share/aws_robomaker_small_house_world/models/aws_robomaker_residential_PortraitC_01/meshes/aws_PortraitC_01_collision.DAE\n'}
[0.973337] (aws_robomaker_small_house_world) StdoutLine: {'line': b'-- Up-to-date: /home/frankie/ros2_ws/install/aws_robomaker_small_house_world/share/aws_robomaker_small_house_world/models/aws_robomaker_residential_PortraitC_01/meshes/aws_PortraitC_01_visual.DAE\n'}
[0.973438] (aws_robomaker_small_house_world) StdoutLine: {'line': b'-- Up-to-date: /home/frankie/ros2_ws/install/aws_robomaker_small_house_world/share/aws_robomaker_small_house_world/models/aws_robomaker_residential_PortraitC_01/model.config\n'}
[0.973537] (aws_robomaker_small_house_world) StdoutLine: {'line': b'-- Up-to-date: /home/frankie/ros2_ws/install/aws_robomaker_small_house_world/share/aws_robomaker_small_house_world/models/aws_robomaker_residential_PortraitC_01/model.sdf\n'}
[0.973661] (aws_robomaker_small_house_world) StdoutLine: {'line': b'-- Up-to-date: /home/frankie/ros2_ws/install/aws_robomaker_small_house_world/share/aws_robomaker_small_house_world/models/aws_robomaker_residential_ShoeRack_01\n'}
[0.973779] (aws_robomaker_small_house_world) StdoutLine: {'line': b'-- Up-to-date: /home/frankie/ros2_ws/install/aws_robomaker_small_house_world/share/aws_robomaker_small_house_world/models/aws_robomaker_residential_ShoeRack_01/materials\n'}
[0.973913] (aws_robomaker_small_house_world) StdoutLine: {'line': b'-- Up-to-date: /home/frankie/ros2_ws/install/aws_robomaker_small_house_world/share/aws_robomaker_small_house_world/models/aws_robomaker_residential_ShoeRack_01/materials/textures\n'}
[0.974025] (aws_robomaker_small_house_world) StdoutLine: {'line': b'-- Up-to-date: /home/frankie/ros2_ws/install/aws_robomaker_small_house_world/share/aws_robomaker_small_house_world/models/aws_robomaker_residential_ShoeRack_01/materials/textures/aws_ShoeRack_01.png\n'}
[0.974132] (aws_robomaker_small_house_world) StdoutLine: {'line': b'-- Up-to-date: /home/frankie/ros2_ws/install/aws_robomaker_small_house_world/share/aws_robomaker_small_house_world/models/aws_robomaker_residential_ShoeRack_01/meshes\n'}
[0.974241] (aws_robomaker_small_house_world) StdoutLine: {'line': b'-- Up-to-date: /home/frankie/ros2_ws/install/aws_robomaker_small_house_world/share/aws_robomaker_small_house_world/models/aws_robomaker_residential_ShoeRack_01/meshes/aws_ShoeRack_01_visual.DAE\n'}
[0.974349] (aws_robomaker_small_house_world) StdoutLine: {'line': b'-- Up-to-date: /home/frankie/ros2_ws/install/aws_robomaker_small_house_world/share/aws_robomaker_small_house_world/models/aws_robomaker_residential_ShoeRack_01/meshes/aws_ShoeRack_01_collision.DAE\n'}
[0.974461] (aws_robomaker_small_house_world) StdoutLine: {'line': b'-- Up-to-date: /home/frankie/ros2_ws/install/aws_robomaker_small_house_world/share/aws_robomaker_small_house_world/models/aws_robomaker_residential_ShoeRack_01/model.config\n'}
[0.974562] (aws_robomaker_small_house_world) StdoutLine: {'line': b'-- Up-to-date: /home/frankie/ros2_ws/install/aws_robomaker_small_house_world/share/aws_robomaker_small_house_world/models/aws_robomaker_residential_ShoeRack_01/model.sdf\n'}
[0.974661] (aws_robomaker_small_house_world) StdoutLine: {'line': b'-- Up-to-date: /home/frankie/ros2_ws/install/aws_robomaker_small_house_world/share/aws_robomaker_small_house_world/models/aws_robomaker_residential_PortraitE_01\n'}
[0.974804] (aws_robomaker_small_house_world) StdoutLine: {'line': b'-- Up-to-date: /home/frankie/ros2_ws/install/aws_robomaker_small_house_world/share/aws_robomaker_small_house_world/models/aws_robomaker_residential_PortraitE_01/materials\n'}
[0.974935] (aws_robomaker_small_house_world) StdoutLine: {'line': b'-- Up-to-date: /home/frankie/ros2_ws/install/aws_robomaker_small_house_world/share/aws_robomaker_small_house_world/models/aws_robomaker_residential_PortraitE_01/materials/textures\n'}
[0.975041] (aws_robomaker_small_house_world) StdoutLine: {'line': b'-- Up-to-date: /home/frankie/ros2_ws/install/aws_robomaker_small_house_world/share/aws_robomaker_small_house_world/models/aws_robomaker_residential_PortraitE_01/materials/textures/aws_PortraitE_01.png\n'}
[0.975153] (aws_robomaker_small_house_world) StdoutLine: {'line': b'-- Up-to-date: /home/frankie/ros2_ws/install/aws_robomaker_small_house_world/share/aws_robomaker_small_house_world/models/aws_robomaker_residential_PortraitE_01/materials/textures/aws_PortraitE_02.png\n'}
[0.975258] (aws_robomaker_small_house_world) StdoutLine: {'line': b'-- Up-to-date: /home/frankie/ros2_ws/install/aws_robomaker_small_house_world/share/aws_robomaker_small_house_world/models/aws_robomaker_residential_PortraitE_01/meshes\n'}
[0.975368] (aws_robomaker_small_house_world) StdoutLine: {'line': b'-- Up-to-date: /home/frankie/ros2_ws/install/aws_robomaker_small_house_world/share/aws_robomaker_small_house_world/models/aws_robomaker_residential_PortraitE_01/meshes/aws_PortraitE_01_collision.DAE\n'}
[0.975473] (aws_robomaker_small_house_world) StdoutLine: {'line': b'-- Up-to-date: /home/frankie/ros2_ws/install/aws_robomaker_small_house_world/share/aws_robomaker_small_house_world/models/aws_robomaker_residential_PortraitE_01/meshes/aws_PortraitE_01_visual.DAE\n'}
[0.975581] (aws_robomaker_small_house_world) StdoutLine: {'line': b'-- Up-to-date: /home/frankie/ros2_ws/install/aws_robomaker_small_house_world/share/aws_robomaker_small_house_world/models/aws_robomaker_residential_PortraitE_01/model.config\n'}
[0.975690] (aws_robomaker_small_house_world) StdoutLine: {'line': b'-- Up-to-date: /home/frankie/ros2_ws/install/aws_robomaker_small_house_world/share/aws_robomaker_small_house_world/models/aws_robomaker_residential_PortraitE_01/model.sdf\n'}
[0.975810] (aws_robomaker_small_house_world) StdoutLine: {'line': b'-- Up-to-date: /home/frankie/ros2_ws/install/aws_robomaker_small_house_world/share/aws_robomaker_small_house_world/models/aws_robomaker_residential_Ball_01\n'}
[0.975928] (aws_robomaker_small_house_world) StdoutLine: {'line': b'-- Up-to-date: /home/frankie/ros2_ws/install/aws_robomaker_small_house_world/share/aws_robomaker_small_house_world/models/aws_robomaker_residential_Ball_01/materials\n'}
[0.976037] (aws_robomaker_small_house_world) StdoutLine: {'line': b'-- Up-to-date: /home/frankie/ros2_ws/install/aws_robomaker_small_house_world/share/aws_robomaker_small_house_world/models/aws_robomaker_residential_Ball_01/materials/textures\n'}
[0.978227] (aws_robomaker_small_house_world) StdoutLine: {'line': b'-- Up-to-date: /home/frankie/ros2_ws/install/aws_robomaker_small_house_world/share/aws_robomaker_small_house_world/models/aws_robomaker_residential_Ball_01/materials/textures/aws_Ball_01.png\n'}
[0.978408] (aws_robomaker_small_house_world) StdoutLine: {'line': b'-- Up-to-date: /home/frankie/ros2_ws/install/aws_robomaker_small_house_world/share/aws_robomaker_small_house_world/models/aws_robomaker_residential_Ball_01/meshes\n'}
[0.978524] (aws_robomaker_small_house_world) StdoutLine: {'line': b'-- Up-to-date: /home/frankie/ros2_ws/install/aws_robomaker_small_house_world/share/aws_robomaker_small_house_world/models/aws_robomaker_residential_Ball_01/meshes/aws_Ball_01_collision.DAE\n'}
[0.978659] (aws_robomaker_small_house_world) StdoutLine: {'line': b'-- Up-to-date: /home/frankie/ros2_ws/install/aws_robomaker_small_house_world/share/aws_robomaker_small_house_world/models/aws_robomaker_residential_Ball_01/meshes/aws_Ball_01_visual.DAE\n'}
[0.978778] (aws_robomaker_small_house_world) StdoutLine: {'line': b'-- Up-to-date: /home/frankie/ros2_ws/install/aws_robomaker_small_house_world/share/aws_robomaker_small_house_world/models/aws_robomaker_residential_Ball_01/model.config\n'}
[0.978891] (aws_robomaker_small_house_world) StdoutLine: {'line': b'-- Up-to-date: /home/frankie/ros2_ws/install/aws_robomaker_small_house_world/share/aws_robomaker_small_house_world/models/aws_robomaker_residential_Ball_01/model.sdf\n'}
[0.978996] (aws_robomaker_small_house_world) StdoutLine: {'line': b'-- Up-to-date: /home/frankie/ros2_ws/install/aws_robomaker_small_house_world/share/aws_robomaker_small_house_world/models/aws_robomaker_residential_DeskPortraitD_02\n'}
[0.979112] (aws_robomaker_small_house_world) StdoutLine: {'line': b'-- Up-to-date: /home/frankie/ros2_ws/install/aws_robomaker_small_house_world/share/aws_robomaker_small_house_world/models/aws_robomaker_residential_DeskPortraitD_02/materials\n'}
[0.979220] (aws_robomaker_small_house_world) StdoutLine: {'line': b'-- Up-to-date: /home/frankie/ros2_ws/install/aws_robomaker_small_house_world/share/aws_robomaker_small_house_world/models/aws_robomaker_residential_DeskPortraitD_02/materials/textures\n'}
[0.979319] (aws_robomaker_small_house_world) StdoutLine: {'line': b'-- Up-to-date: /home/frankie/ros2_ws/install/aws_robomaker_small_house_world/share/aws_robomaker_small_house_world/models/aws_robomaker_residential_DeskPortraitD_02/materials/textures/aws_DeskPortraitD_02.png\n'}
[0.979422] (aws_robomaker_small_house_world) StdoutLine: {'line': b'-- Up-to-date: /home/frankie/ros2_ws/install/aws_robomaker_small_house_world/share/aws_robomaker_small_house_world/models/aws_robomaker_residential_DeskPortraitD_02/materials/textures/aws_DeskPortraitD_01.png\n'}
[0.979523] (aws_robomaker_small_house_world) StdoutLine: {'line': b'-- Up-to-date: /home/frankie/ros2_ws/install/aws_robomaker_small_house_world/share/aws_robomaker_small_house_world/models/aws_robomaker_residential_DeskPortraitD_02/meshes\n'}
[0.979675] (aws_robomaker_small_house_world) StdoutLine: {'line': b'-- Up-to-date: /home/frankie/ros2_ws/install/aws_robomaker_small_house_world/share/aws_robomaker_small_house_world/models/aws_robomaker_residential_DeskPortraitD_02/meshes/aws_DeskPortraitD_01_collision.DAE\n'}
[0.983645] (aws_robomaker_small_house_world) StdoutLine: {'line': b'-- Up-to-date: /home/frankie/ros2_ws/install/aws_robomaker_small_house_world/share/aws_robomaker_small_house_world/models/aws_robomaker_residential_DeskPortraitD_02/meshes/aws_DeskPortraitD_01_visual.DAE\n'}
[0.983858] (aws_robomaker_small_house_world) StdoutLine: {'line': b'-- Up-to-date: /home/frankie/ros2_ws/install/aws_robomaker_small_house_world/share/aws_robomaker_small_house_world/models/aws_robomaker_residential_DeskPortraitD_02/model.config\n'}
[0.984004] (aws_robomaker_small_house_world) StdoutLine: {'line': b'-- Up-to-date: /home/frankie/ros2_ws/install/aws_robomaker_small_house_world/share/aws_robomaker_small_house_world/models/aws_robomaker_residential_DeskPortraitD_02/model.sdf\n'}
[0.984118] (aws_robomaker_small_house_world) StdoutLine: {'line': b'-- Up-to-date: /home/frankie/ros2_ws/install/aws_robomaker_small_house_world/share/aws_robomaker_small_house_world/models/aws_robomaker_residential_Curtain_01\n'}
[0.984228] (aws_robomaker_small_house_world) StdoutLine: {'line': b'-- Up-to-date: /home/frankie/ros2_ws/install/aws_robomaker_small_house_world/share/aws_robomaker_small_house_world/models/aws_robomaker_residential_Curtain_01/materials\n'}
[0.984345] (aws_robomaker_small_house_world) StdoutLine: {'line': b'-- Up-to-date: /home/frankie/ros2_ws/install/aws_robomaker_small_house_world/share/aws_robomaker_small_house_world/models/aws_robomaker_residential_Curtain_01/materials/textures\n'}
[0.984452] (aws_robomaker_small_house_world) StdoutLine: {'line': b'-- Up-to-date: /home/frankie/ros2_ws/install/aws_robomaker_small_house_world/share/aws_robomaker_small_house_world/models/aws_robomaker_residential_Curtain_01/materials/textures/aws_Curtain_01.png\n'}
[0.984565] (aws_robomaker_small_house_world) StdoutLine: {'line': b'-- Up-to-date: /home/frankie/ros2_ws/install/aws_robomaker_small_house_world/share/aws_robomaker_small_house_world/models/aws_robomaker_residential_Curtain_01/meshes\n'}
[0.984670] (aws_robomaker_small_house_world) StdoutLine: {'line': b'-- Up-to-date: /home/frankie/ros2_ws/install/aws_robomaker_small_house_world/share/aws_robomaker_small_house_world/models/aws_robomaker_residential_Curtain_01/meshes/aws_Curtain_01_collision.DAE\n'}
[0.984792] (aws_robomaker_small_house_world) StdoutLine: {'line': b'-- Up-to-date: /home/frankie/ros2_ws/install/aws_robomaker_small_house_world/share/aws_robomaker_small_house_world/models/aws_robomaker_residential_Curtain_01/meshes/aws_Curtain_01_visual.DAE\n'}
[0.984908] (aws_robomaker_small_house_world) StdoutLine: {'line': b'-- Up-to-date: /home/frankie/ros2_ws/install/aws_robomaker_small_house_world/share/aws_robomaker_small_house_world/models/aws_robomaker_residential_Curtain_01/model.config\n'}
[0.985038] (aws_robomaker_small_house_world) StdoutLine: {'line': b'-- Up-to-date: /home/frankie/ros2_ws/install/aws_robomaker_small_house_world/share/aws_robomaker_small_house_world/models/aws_robomaker_residential_Curtain_01/model.sdf\n'}
[0.985134] (aws_robomaker_small_house_world) StdoutLine: {'line': b'-- Up-to-date: /home/frankie/ros2_ws/install/aws_robomaker_small_house_world/share/aws_robomaker_small_house_world/models/aws_robomaker_residential_DeskPortraitD_01\n'}
[0.985232] (aws_robomaker_small_house_world) StdoutLine: {'line': b'-- Up-to-date: /home/frankie/ros2_ws/install/aws_robomaker_small_house_world/share/aws_robomaker_small_house_world/models/aws_robomaker_residential_DeskPortraitD_01/materials\n'}
[0.985333] (aws_robomaker_small_house_world) StdoutLine: {'line': b'-- Up-to-date: /home/frankie/ros2_ws/install/aws_robomaker_small_house_world/share/aws_robomaker_small_house_world/models/aws_robomaker_residential_DeskPortraitD_01/materials/textures\n'}
[0.985444] (aws_robomaker_small_house_world) StdoutLine: {'line': b'-- Up-to-date: /home/frankie/ros2_ws/install/aws_robomaker_small_house_world/share/aws_robomaker_small_house_world/models/aws_robomaker_residential_DeskPortraitD_01/materials/textures/aws_DeskPortraitD_02.png\n'}
[0.985554] (aws_robomaker_small_house_world) StdoutLine: {'line': b'-- Up-to-date: /home/frankie/ros2_ws/install/aws_robomaker_small_house_world/share/aws_robomaker_small_house_world/models/aws_robomaker_residential_DeskPortraitD_01/materials/textures/aws_DeskPortraitD_01.png\n'}
[0.985663] (aws_robomaker_small_house_world) StdoutLine: {'line': b'-- Up-to-date: /home/frankie/ros2_ws/install/aws_robomaker_small_house_world/share/aws_robomaker_small_house_world/models/aws_robomaker_residential_DeskPortraitD_01/meshes\n'}
[0.985778] (aws_robomaker_small_house_world) StdoutLine: {'line': b'-- Up-to-date: /home/frankie/ros2_ws/install/aws_robomaker_small_house_world/share/aws_robomaker_small_house_world/models/aws_robomaker_residential_DeskPortraitD_01/meshes/aws_DeskPortraitD_01_collision.DAE\n'}
[0.985898] (aws_robomaker_small_house_world) StdoutLine: {'line': b'-- Up-to-date: /home/frankie/ros2_ws/install/aws_robomaker_small_house_world/share/aws_robomaker_small_house_world/models/aws_robomaker_residential_DeskPortraitD_01/meshes/aws_DeskPortraitD_01_visual.DAE\n'}
[0.986006] (aws_robomaker_small_house_world) StdoutLine: {'line': b'-- Up-to-date: /home/frankie/ros2_ws/install/aws_robomaker_small_house_world/share/aws_robomaker_small_house_world/models/aws_robomaker_residential_DeskPortraitD_01/model.config\n'}
[0.986118] (aws_robomaker_small_house_world) StdoutLine: {'line': b'-- Up-to-date: /home/frankie/ros2_ws/install/aws_robomaker_small_house_world/share/aws_robomaker_small_house_world/models/aws_robomaker_residential_DeskPortraitD_01/model.sdf\n'}
[0.986233] (aws_robomaker_small_house_world) StdoutLine: {'line': b'-- Up-to-date: /home/frankie/ros2_ws/install/aws_robomaker_small_house_world/share/aws_robomaker_small_house_world/models/aws_robomaker_residential_NightStand_01\n'}
[0.986346] (aws_robomaker_small_house_world) StdoutLine: {'line': b'-- Up-to-date: /home/frankie/ros2_ws/install/aws_robomaker_small_house_world/share/aws_robomaker_small_house_world/models/aws_robomaker_residential_NightStand_01/materials\n'}
[0.986454] (aws_robomaker_small_house_world) StdoutLine: {'line': b'-- Up-to-date: /home/frankie/ros2_ws/install/aws_robomaker_small_house_world/share/aws_robomaker_small_house_world/models/aws_robomaker_residential_NightStand_01/materials/textures\n'}
[0.986569] (aws_robomaker_small_house_world) StdoutLine: {'line': b'-- Up-to-date: /home/frankie/ros2_ws/install/aws_robomaker_small_house_world/share/aws_robomaker_small_house_world/models/aws_robomaker_residential_NightStand_01/materials/textures/aws_NightStand_01.png\n'}
[0.986677] (aws_robomaker_small_house_world) StdoutLine: {'line': b'-- Up-to-date: /home/frankie/ros2_ws/install/aws_robomaker_small_house_world/share/aws_robomaker_small_house_world/models/aws_robomaker_residential_NightStand_01/meshes\n'}
[0.990165] (aws_robomaker_small_house_world) StdoutLine: {'line': b'-- Up-to-date: /home/frankie/ros2_ws/install/aws_robomaker_small_house_world/share/aws_robomaker_small_house_world/models/aws_robomaker_residential_NightStand_01/meshes/aws_NightStand_01_collision.DAE\n'}
[0.990718] (aws_robomaker_small_house_world) StdoutLine: {'line': b'-- Up-to-date: /home/frankie/ros2_ws/install/aws_robomaker_small_house_world/share/aws_robomaker_small_house_world/models/aws_robomaker_residential_NightStand_01/meshes/aws_NightStand_01_visual.DAE\n'}
[0.991283] (aws_robomaker_small_house_world) StdoutLine: {'line': b'-- Up-to-date: /home/frankie/ros2_ws/install/aws_robomaker_small_house_world/share/aws_robomaker_small_house_world/models/aws_robomaker_residential_NightStand_01/model.config\n'}
[0.991404] (aws_robomaker_small_house_world) StdoutLine: {'line': b'-- Up-to-date: /home/frankie/ros2_ws/install/aws_robomaker_small_house_world/share/aws_robomaker_small_house_world/models/aws_robomaker_residential_NightStand_01/model.sdf\n'}
[0.991514] (aws_robomaker_small_house_world) StdoutLine: {'line': b'-- Up-to-date: /home/frankie/ros2_ws/install/aws_robomaker_small_house_world/share/aws_robomaker_small_house_world/models/aws_robomaker_residential_ChairA_01\n'}
[0.991625] (aws_robomaker_small_house_world) StdoutLine: {'line': b'-- Up-to-date: /home/frankie/ros2_ws/install/aws_robomaker_small_house_world/share/aws_robomaker_small_house_world/models/aws_robomaker_residential_ChairA_01/materials\n'}
[0.991756] (aws_robomaker_small_house_world) StdoutLine: {'line': b'-- Up-to-date: /home/frankie/ros2_ws/install/aws_robomaker_small_house_world/share/aws_robomaker_small_house_world/models/aws_robomaker_residential_ChairA_01/materials/textures\n'}
[0.991885] (aws_robomaker_small_house_world) StdoutLine: {'line': b'-- Up-to-date: /home/frankie/ros2_ws/install/aws_robomaker_small_house_world/share/aws_robomaker_small_house_world/models/aws_robomaker_residential_ChairA_01/materials/textures/aws_ChairA_01.png\n'}
[0.991990] (aws_robomaker_small_house_world) StdoutLine: {'line': b'-- Up-to-date: /home/frankie/ros2_ws/install/aws_robomaker_small_house_world/share/aws_robomaker_small_house_world/models/aws_robomaker_residential_ChairA_01/meshes\n'}
[0.995719] (aws_robomaker_small_house_world) StdoutLine: {'line': b'-- Up-to-date: /home/frankie/ros2_ws/install/aws_robomaker_small_house_world/share/aws_robomaker_small_house_world/models/aws_robomaker_residential_ChairA_01/meshes/aws_ChairA_01_visual.DAE\n'}
[0.995943] (aws_robomaker_small_house_world) StdoutLine: {'line': b'-- Up-to-date: /home/frankie/ros2_ws/install/aws_robomaker_small_house_world/share/aws_robomaker_small_house_world/models/aws_robomaker_residential_ChairA_01/meshes/aws_ChairA_01_collision.DAE\n'}
[0.996050] (aws_robomaker_small_house_world) StdoutLine: {'line': b'-- Up-to-date: /home/frankie/ros2_ws/install/aws_robomaker_small_house_world/share/aws_robomaker_small_house_world/models/aws_robomaker_residential_ChairA_01/model.config\n'}
[0.996147] (aws_robomaker_small_house_world) StdoutLine: {'line': b'-- Up-to-date: /home/frankie/ros2_ws/install/aws_robomaker_small_house_world/share/aws_robomaker_small_house_world/models/aws_robomaker_residential_ChairA_01/model.sdf\n'}
[0.996242] (aws_robomaker_small_house_world) StdoutLine: {'line': b'-- Up-to-date: /home/frankie/ros2_ws/install/aws_robomaker_small_house_world/share/aws_robomaker_small_house_world/models/aws_robomaker_residential_Vase_01\n'}
[0.996428] (aws_robomaker_small_house_world) StdoutLine: {'line': b'-- Up-to-date: /home/frankie/ros2_ws/install/aws_robomaker_small_house_world/share/aws_robomaker_small_house_world/models/aws_robomaker_residential_Vase_01/materials\n'}
[0.996522] (aws_robomaker_small_house_world) StdoutLine: {'line': b'-- Up-to-date: /home/frankie/ros2_ws/install/aws_robomaker_small_house_world/share/aws_robomaker_small_house_world/models/aws_robomaker_residential_Vase_01/materials/textures\n'}
[0.996622] (aws_robomaker_small_house_world) StdoutLine: {'line': b'-- Up-to-date: /home/frankie/ros2_ws/install/aws_robomaker_small_house_world/share/aws_robomaker_small_house_world/models/aws_robomaker_residential_Vase_01/materials/textures/aws_Vase_01.png\n'}
[0.996712] (aws_robomaker_small_house_world) StdoutLine: {'line': b'-- Up-to-date: /home/frankie/ros2_ws/install/aws_robomaker_small_house_world/share/aws_robomaker_small_house_world/models/aws_robomaker_residential_Vase_01/meshes\n'}
[0.996847] (aws_robomaker_small_house_world) StdoutLine: {'line': b'-- Up-to-date: /home/frankie/ros2_ws/install/aws_robomaker_small_house_world/share/aws_robomaker_small_house_world/models/aws_robomaker_residential_Vase_01/meshes/aws_Vase_01_collision.DAE\n'}
[0.996954] (aws_robomaker_small_house_world) StdoutLine: {'line': b'-- Up-to-date: /home/frankie/ros2_ws/install/aws_robomaker_small_house_world/share/aws_robomaker_small_house_world/models/aws_robomaker_residential_Vase_01/meshes/aws_Vase_01_visual.DAE\n'}
[0.997183] (aws_robomaker_small_house_world) StdoutLine: {'line': b'-- Up-to-date: /home/frankie/ros2_ws/install/aws_robomaker_small_house_world/share/aws_robomaker_small_house_world/models/aws_robomaker_residential_Vase_01/model.config\n'}
[0.997276] (aws_robomaker_small_house_world) StdoutLine: {'line': b'-- Up-to-date: /home/frankie/ros2_ws/install/aws_robomaker_small_house_world/share/aws_robomaker_small_house_world/models/aws_robomaker_residential_Vase_01/model.sdf\n'}
[0.997369] (aws_robomaker_small_house_world) StdoutLine: {'line': b'-- Up-to-date: /home/frankie/ros2_ws/install/aws_robomaker_small_house_world/share/aws_robomaker_small_house_world/models/aws_robomaker_residential_SeasoningBox_01\n'}
[0.997463] (aws_robomaker_small_house_world) StdoutLine: {'line': b'-- Up-to-date: /home/frankie/ros2_ws/install/aws_robomaker_small_house_world/share/aws_robomaker_small_house_world/models/aws_robomaker_residential_SeasoningBox_01/materials\n'}
[0.997570] (aws_robomaker_small_house_world) StdoutLine: {'line': b'-- Up-to-date: /home/frankie/ros2_ws/install/aws_robomaker_small_house_world/share/aws_robomaker_small_house_world/models/aws_robomaker_residential_SeasoningBox_01/materials/textures\n'}
[0.997676] (aws_robomaker_small_house_world) StdoutLine: {'line': b'-- Up-to-date: /home/frankie/ros2_ws/install/aws_robomaker_small_house_world/share/aws_robomaker_small_house_world/models/aws_robomaker_residential_SeasoningBox_01/materials/textures/aws_SeasoningBox_01.png\n'}
[0.998042] (aws_robomaker_small_house_world) StdoutLine: {'line': b'-- Up-to-date: /home/frankie/ros2_ws/install/aws_robomaker_small_house_world/share/aws_robomaker_small_house_world/models/aws_robomaker_residential_SeasoningBox_01/meshes\n'}
[0.998165] (aws_robomaker_small_house_world) StdoutLine: {'line': b'-- Up-to-date: /home/frankie/ros2_ws/install/aws_robomaker_small_house_world/share/aws_robomaker_small_house_world/models/aws_robomaker_residential_SeasoningBox_01/meshes/aws_SeasoningBox_01_visual.DAE\n'}
[0.998278] (aws_robomaker_small_house_world) StdoutLine: {'line': b'-- Up-to-date: /home/frankie/ros2_ws/install/aws_robomaker_small_house_world/share/aws_robomaker_small_house_world/models/aws_robomaker_residential_SeasoningBox_01/meshes/aws_SeasoningBox_01_collision.DAE\n'}
[0.998404] (aws_robomaker_small_house_world) StdoutLine: {'line': b'-- Up-to-date: /home/frankie/ros2_ws/install/aws_robomaker_small_house_world/share/aws_robomaker_small_house_world/models/aws_robomaker_residential_SeasoningBox_01/model.config\n'}
[0.998507] (aws_robomaker_small_house_world) StdoutLine: {'line': b'-- Up-to-date: /home/frankie/ros2_ws/install/aws_robomaker_small_house_world/share/aws_robomaker_small_house_world/models/aws_robomaker_residential_SeasoningBox_01/model.sdf\n'}
[0.998613] (aws_robomaker_small_house_world) StdoutLine: {'line': b'-- Up-to-date: /home/frankie/ros2_ws/install/aws_robomaker_small_house_world/share/aws_robomaker_small_house_world/models/aws_robomaker_residential_Chandelier_01\n'}
[0.998729] (aws_robomaker_small_house_world) StdoutLine: {'line': b'-- Up-to-date: /home/frankie/ros2_ws/install/aws_robomaker_small_house_world/share/aws_robomaker_small_house_world/models/aws_robomaker_residential_Chandelier_01/materials\n'}
[0.998852] (aws_robomaker_small_house_world) StdoutLine: {'line': b'-- Up-to-date: /home/frankie/ros2_ws/install/aws_robomaker_small_house_world/share/aws_robomaker_small_house_world/models/aws_robomaker_residential_Chandelier_01/materials/textures\n'}
[0.998958] (aws_robomaker_small_house_world) StdoutLine: {'line': b'-- Up-to-date: /home/frankie/ros2_ws/install/aws_robomaker_small_house_world/share/aws_robomaker_small_house_world/models/aws_robomaker_residential_Chandelier_01/materials/textures/aws_Chandelier_01.png\n'}
[0.999102] (aws_robomaker_small_house_world) StdoutLine: {'line': b'-- Up-to-date: /home/frankie/ros2_ws/install/aws_robomaker_small_house_world/share/aws_robomaker_small_house_world/models/aws_robomaker_residential_Chandelier_01/meshes\n'}
[0.999215] (aws_robomaker_small_house_world) StdoutLine: {'line': b'-- Up-to-date: /home/frankie/ros2_ws/install/aws_robomaker_small_house_world/share/aws_robomaker_small_house_world/models/aws_robomaker_residential_Chandelier_01/meshes/aws_Chandelier_01_collision.DAE\n'}
[0.999339] (aws_robomaker_small_house_world) StdoutLine: {'line': b'-- Up-to-date: /home/frankie/ros2_ws/install/aws_robomaker_small_house_world/share/aws_robomaker_small_house_world/models/aws_robomaker_residential_Chandelier_01/meshes/aws_Chandelier_01_visual.DAE\n'}
[0.999451] (aws_robomaker_small_house_world) StdoutLine: {'line': b'-- Up-to-date: /home/frankie/ros2_ws/install/aws_robomaker_small_house_world/share/aws_robomaker_small_house_world/models/aws_robomaker_residential_Chandelier_01/meshes/aws_Chandelier_01.DAE\n'}
[0.999558] (aws_robomaker_small_house_world) StdoutLine: {'line': b'-- Up-to-date: /home/frankie/ros2_ws/install/aws_robomaker_small_house_world/share/aws_robomaker_small_house_world/models/aws_robomaker_residential_Chandelier_01/model.config\n'}
[0.999661] (aws_robomaker_small_house_world) StdoutLine: {'line': b'-- Up-to-date: /home/frankie/ros2_ws/install/aws_robomaker_small_house_world/share/aws_robomaker_small_house_world/models/aws_robomaker_residential_Chandelier_01/model.sdf\n'}
[0.999785] (aws_robomaker_small_house_world) StdoutLine: {'line': b'-- Up-to-date: /home/frankie/ros2_ws/install/aws_robomaker_small_house_world/share/aws_robomaker_small_house_world/models/aws_robomaker_residential_PortraitD_01\n'}
[0.999931] (aws_robomaker_small_house_world) StdoutLine: {'line': b'-- Up-to-date: /home/frankie/ros2_ws/install/aws_robomaker_small_house_world/share/aws_robomaker_small_house_world/models/aws_robomaker_residential_PortraitD_01/materials\n'}
[1.000041] (aws_robomaker_small_house_world) StdoutLine: {'line': b'-- Up-to-date: /home/frankie/ros2_ws/install/aws_robomaker_small_house_world/share/aws_robomaker_small_house_world/models/aws_robomaker_residential_PortraitD_01/materials/textures\n'}
[1.000145] (aws_robomaker_small_house_world) StdoutLine: {'line': b'-- Up-to-date: /home/frankie/ros2_ws/install/aws_robomaker_small_house_world/share/aws_robomaker_small_house_world/models/aws_robomaker_residential_PortraitD_01/materials/textures/aws_PortraitD_01.png\n'}
[1.000262] (aws_robomaker_small_house_world) StdoutLine: {'line': b'-- Up-to-date: /home/frankie/ros2_ws/install/aws_robomaker_small_house_world/share/aws_robomaker_small_house_world/models/aws_robomaker_residential_PortraitD_01/materials/textures/aws_PortraitD_02.png\n'}
[1.000373] (aws_robomaker_small_house_world) StdoutLine: {'line': b'-- Up-to-date: /home/frankie/ros2_ws/install/aws_robomaker_small_house_world/share/aws_robomaker_small_house_world/models/aws_robomaker_residential_PortraitD_01/meshes\n'}
[1.000475] (aws_robomaker_small_house_world) StdoutLine: {'line': b'-- Up-to-date: /home/frankie/ros2_ws/install/aws_robomaker_small_house_world/share/aws_robomaker_small_house_world/models/aws_robomaker_residential_PortraitD_01/meshes/aws_PortraitD_01_visual.DAE\n'}
[1.000597] (aws_robomaker_small_house_world) StdoutLine: {'line': b'-- Up-to-date: /home/frankie/ros2_ws/install/aws_robomaker_small_house_world/share/aws_robomaker_small_house_world/models/aws_robomaker_residential_PortraitD_01/meshes/aws_PortraitD_01_collision.DAE\n'}
[1.000778] (aws_robomaker_small_house_world) StdoutLine: {'line': b'-- Up-to-date: /home/frankie/ros2_ws/install/aws_robomaker_small_house_world/share/aws_robomaker_small_house_world/models/aws_robomaker_residential_PortraitD_01/model.config\n'}
[1.000921] (aws_robomaker_small_house_world) StdoutLine: {'line': b'-- Up-to-date: /home/frankie/ros2_ws/install/aws_robomaker_small_house_world/share/aws_robomaker_small_house_world/models/aws_robomaker_residential_PortraitD_01/model.sdf\n'}
[1.001031] (aws_robomaker_small_house_world) StdoutLine: {'line': b'-- Up-to-date: /home/frankie/ros2_ws/install/aws_robomaker_small_house_world/share/aws_robomaker_small_house_world/models/aws_robomaker_residential_Handle_01\n'}
[1.001174] (aws_robomaker_small_house_world) StdoutLine: {'line': b'-- Up-to-date: /home/frankie/ros2_ws/install/aws_robomaker_small_house_world/share/aws_robomaker_small_house_world/models/aws_robomaker_residential_Handle_01/materials\n'}
[1.001290] (aws_robomaker_small_house_world) StdoutLine: {'line': b'-- Up-to-date: /home/frankie/ros2_ws/install/aws_robomaker_small_house_world/share/aws_robomaker_small_house_world/models/aws_robomaker_residential_Handle_01/materials/textures\n'}
[1.001402] (aws_robomaker_small_house_world) StdoutLine: {'line': b'-- Up-to-date: /home/frankie/ros2_ws/install/aws_robomaker_small_house_world/share/aws_robomaker_small_house_world/models/aws_robomaker_residential_Handle_01/materials/textures/aws_Handle_01.png\n'}
[1.001507] (aws_robomaker_small_house_world) StdoutLine: {'line': b'-- Up-to-date: /home/frankie/ros2_ws/install/aws_robomaker_small_house_world/share/aws_robomaker_small_house_world/models/aws_robomaker_residential_Handle_01/meshes\n'}
[1.001607] (aws_robomaker_small_house_world) StdoutLine: {'line': b'-- Up-to-date: /home/frankie/ros2_ws/install/aws_robomaker_small_house_world/share/aws_robomaker_small_house_world/models/aws_robomaker_residential_Handle_01/meshes/aws_Handle_01_visual.DAE\n'}
[1.003064] (aws_robomaker_small_house_world) StdoutLine: {'line': b'-- Up-to-date: /home/frankie/ros2_ws/install/aws_robomaker_small_house_world/share/aws_robomaker_small_house_world/models/aws_robomaker_residential_Handle_01/meshes/aws_ handle_01_collision.DAE\n'}
[1.003303] (aws_robomaker_small_house_world) StdoutLine: {'line': b'-- Up-to-date: /home/frankie/ros2_ws/install/aws_robomaker_small_house_world/share/aws_robomaker_small_house_world/models/aws_robomaker_residential_Handle_01/meshes/aws_Handle_01_collision.DAE\n'}
[1.003406] (aws_robomaker_small_house_world) StdoutLine: {'line': b'-- Up-to-date: /home/frankie/ros2_ws/install/aws_robomaker_small_house_world/share/aws_robomaker_small_house_world/models/aws_robomaker_residential_Handle_01/model.config\n'}
[1.003509] (aws_robomaker_small_house_world) StdoutLine: {'line': b'-- Up-to-date: /home/frankie/ros2_ws/install/aws_robomaker_small_house_world/share/aws_robomaker_small_house_world/models/aws_robomaker_residential_Handle_01/model.sdf\n'}
[1.003630] (aws_robomaker_small_house_world) StdoutLine: {'line': b'-- Up-to-date: /home/frankie/ros2_ws/install/aws_robomaker_small_house_world/share/aws_robomaker_small_house_world/models/aws_robomaker_residential_PortraitE_02\n'}
[1.003805] (aws_robomaker_small_house_world) StdoutLine: {'line': b'-- Up-to-date: /home/frankie/ros2_ws/install/aws_robomaker_small_house_world/share/aws_robomaker_small_house_world/models/aws_robomaker_residential_PortraitE_02/materials\n'}
[1.008892] (-) TimerEvent: {}
[1.009093] (aws_robomaker_small_house_world) StdoutLine: {'line': b'-- Up-to-date: /home/frankie/ros2_ws/install/aws_robomaker_small_house_world/share/aws_robomaker_small_house_world/models/aws_robomaker_residential_PortraitE_02/materials/textures\n'}
[1.009223] (aws_robomaker_small_house_world) StdoutLine: {'line': b'-- Up-to-date: /home/frankie/ros2_ws/install/aws_robomaker_small_house_world/share/aws_robomaker_small_house_world/models/aws_robomaker_residential_PortraitE_02/materials/textures/aws_PortraitE_01.png\n'}
[1.009333] (aws_robomaker_small_house_world) StdoutLine: {'line': b'-- Up-to-date: /home/frankie/ros2_ws/install/aws_robomaker_small_house_world/share/aws_robomaker_small_house_world/models/aws_robomaker_residential_PortraitE_02/materials/textures/aws_PortraitE_02.png\n'}
[1.009425] (aws_robomaker_small_house_world) StdoutLine: {'line': b'-- Up-to-date: /home/frankie/ros2_ws/install/aws_robomaker_small_house_world/share/aws_robomaker_small_house_world/models/aws_robomaker_residential_PortraitE_02/meshes\n'}
[1.009515] (aws_robomaker_small_house_world) StdoutLine: {'line': b'-- Up-to-date: /home/frankie/ros2_ws/install/aws_robomaker_small_house_world/share/aws_robomaker_small_house_world/models/aws_robomaker_residential_PortraitE_02/meshes/aws_PortraitE_01_collision.DAE\n'}
[1.009605] (aws_robomaker_small_house_world) StdoutLine: {'line': b'-- Up-to-date: /home/frankie/ros2_ws/install/aws_robomaker_small_house_world/share/aws_robomaker_small_house_world/models/aws_robomaker_residential_PortraitE_02/meshes/aws_PortraitE_01_visual.DAE\n'}
[1.009694] (aws_robomaker_small_house_world) StdoutLine: {'line': b'-- Up-to-date: /home/frankie/ros2_ws/install/aws_robomaker_small_house_world/share/aws_robomaker_small_house_world/models/aws_robomaker_residential_PortraitE_02/model.config\n'}
[1.009800] (aws_robomaker_small_house_world) StdoutLine: {'line': b'-- Up-to-date: /home/frankie/ros2_ws/install/aws_robomaker_small_house_world/share/aws_robomaker_small_house_world/models/aws_robomaker_residential_PortraitE_02/model.sdf\n'}
[1.009902] (aws_robomaker_small_house_world) StdoutLine: {'line': b'-- Up-to-date: /home/frankie/ros2_ws/install/aws_robomaker_small_house_world/share/aws_robomaker_small_house_world/models/aws_robomaker_residential_SofaC_01\n'}
[1.010435] (aws_robomaker_small_house_world) StdoutLine: {'line': b'-- Up-to-date: /home/frankie/ros2_ws/install/aws_robomaker_small_house_world/share/aws_robomaker_small_house_world/models/aws_robomaker_residential_SofaC_01/materials\n'}
[1.010672] (aws_robomaker_small_house_world) StdoutLine: {'line': b'-- Up-to-date: /home/frankie/ros2_ws/install/aws_robomaker_small_house_world/share/aws_robomaker_small_house_world/models/aws_robomaker_residential_SofaC_01/materials/textures\n'}
[1.018114] (aws_robomaker_small_house_world) StdoutLine: {'line': b'-- Up-to-date: /home/frankie/ros2_ws/install/aws_robomaker_small_house_world/share/aws_robomaker_small_house_world/models/aws_robomaker_residential_SofaC_01/materials/textures/aws_SofaC_01.png\n'}
[1.018329] (aws_robomaker_small_house_world) StdoutLine: {'line': b'-- Up-to-date: /home/frankie/ros2_ws/install/aws_robomaker_small_house_world/share/aws_robomaker_small_house_world/models/aws_robomaker_residential_SofaC_01/meshes\n'}
[1.018447] (aws_robomaker_small_house_world) StdoutLine: {'line': b'-- Up-to-date: /home/frankie/ros2_ws/install/aws_robomaker_small_house_world/share/aws_robomaker_small_house_world/models/aws_robomaker_residential_SofaC_01/meshes/aws_SofaC_01_collision.DAE\n'}
[1.018555] (aws_robomaker_small_house_world) StdoutLine: {'line': b'-- Up-to-date: /home/frankie/ros2_ws/install/aws_robomaker_small_house_world/share/aws_robomaker_small_house_world/models/aws_robomaker_residential_SofaC_01/meshes/aws_SofaC_01_visual.DAE\n'}
[1.018665] (aws_robomaker_small_house_world) StdoutLine: {'line': b'-- Up-to-date: /home/frankie/ros2_ws/install/aws_robomaker_small_house_world/share/aws_robomaker_small_house_world/models/aws_robomaker_residential_SofaC_01/model.config\n'}
[1.018779] (aws_robomaker_small_house_world) StdoutLine: {'line': b'-- Up-to-date: /home/frankie/ros2_ws/install/aws_robomaker_small_house_world/share/aws_robomaker_small_house_world/models/aws_robomaker_residential_SofaC_01/model.sdf\n'}
[1.018894] (aws_robomaker_small_house_world) StdoutLine: {'line': b'-- Up-to-date: /home/frankie/ros2_ws/install/aws_robomaker_small_house_world/share/aws_robomaker_small_house_world/models/aws_robomaker_residential_Door_01\n'}
[1.019003] (aws_robomaker_small_house_world) StdoutLine: {'line': b'-- Up-to-date: /home/frankie/ros2_ws/install/aws_robomaker_small_house_world/share/aws_robomaker_small_house_world/models/aws_robomaker_residential_Door_01/materials\n'}
[1.019107] (aws_robomaker_small_house_world) StdoutLine: {'line': b'-- Up-to-date: /home/frankie/ros2_ws/install/aws_robomaker_small_house_world/share/aws_robomaker_small_house_world/models/aws_robomaker_residential_Door_01/materials/textures\n'}
[1.019218] (aws_robomaker_small_house_world) StdoutLine: {'line': b'-- Up-to-date: /home/frankie/ros2_ws/install/aws_robomaker_small_house_world/share/aws_robomaker_small_house_world/models/aws_robomaker_residential_Door_01/materials/textures/aws_Door_01.png\n'}
[1.019330] (aws_robomaker_small_house_world) StdoutLine: {'line': b'-- Up-to-date: /home/frankie/ros2_ws/install/aws_robomaker_small_house_world/share/aws_robomaker_small_house_world/models/aws_robomaker_residential_Door_01/meshes\n'}
[1.019445] (aws_robomaker_small_house_world) StdoutLine: {'line': b'-- Up-to-date: /home/frankie/ros2_ws/install/aws_robomaker_small_house_world/share/aws_robomaker_small_house_world/models/aws_robomaker_residential_Door_01/meshes/aws_Door_01_visual.DAE\n'}
[1.019550] (aws_robomaker_small_house_world) StdoutLine: {'line': b'-- Up-to-date: /home/frankie/ros2_ws/install/aws_robomaker_small_house_world/share/aws_robomaker_small_house_world/models/aws_robomaker_residential_Door_01/meshes/aws_Door_01_collision.DAE\n'}
[1.019655] (aws_robomaker_small_house_world) StdoutLine: {'line': b'-- Up-to-date: /home/frankie/ros2_ws/install/aws_robomaker_small_house_world/share/aws_robomaker_small_house_world/models/aws_robomaker_residential_Door_01/model.config\n'}
[1.019770] (aws_robomaker_small_house_world) StdoutLine: {'line': b'-- Up-to-date: /home/frankie/ros2_ws/install/aws_robomaker_small_house_world/share/aws_robomaker_small_house_world/models/aws_robomaker_residential_Door_01/model.sdf\n'}
[1.019885] (aws_robomaker_small_house_world) StdoutLine: {'line': b'-- Up-to-date: /home/frankie/ros2_ws/install/aws_robomaker_small_house_world/share/aws_robomaker_small_house_world/models/aws_robomaker_residential_TVCabinet_01\n'}
[1.019978] (aws_robomaker_small_house_world) StdoutLine: {'line': b'-- Up-to-date: /home/frankie/ros2_ws/install/aws_robomaker_small_house_world/share/aws_robomaker_small_house_world/models/aws_robomaker_residential_TVCabinet_01/materials\n'}
[1.020071] (aws_robomaker_small_house_world) StdoutLine: {'line': b'-- Up-to-date: /home/frankie/ros2_ws/install/aws_robomaker_small_house_world/share/aws_robomaker_small_house_world/models/aws_robomaker_residential_TVCabinet_01/materials/textures\n'}
[1.020167] (aws_robomaker_small_house_world) StdoutLine: {'line': b'-- Up-to-date: /home/frankie/ros2_ws/install/aws_robomaker_small_house_world/share/aws_robomaker_small_house_world/models/aws_robomaker_residential_TVCabinet_01/materials/textures/aws_TVCabinet_01.png\n'}
[1.020259] (aws_robomaker_small_house_world) StdoutLine: {'line': b'-- Up-to-date: /home/frankie/ros2_ws/install/aws_robomaker_small_house_world/share/aws_robomaker_small_house_world/models/aws_robomaker_residential_TVCabinet_01/meshes\n'}
[1.020349] (aws_robomaker_small_house_world) StdoutLine: {'line': b'-- Up-to-date: /home/frankie/ros2_ws/install/aws_robomaker_small_house_world/share/aws_robomaker_small_house_world/models/aws_robomaker_residential_TVCabinet_01/meshes/aws_TVCabinet_01_collision.DAE\n'}
[1.020439] (aws_robomaker_small_house_world) StdoutLine: {'line': b'-- Up-to-date: /home/frankie/ros2_ws/install/aws_robomaker_small_house_world/share/aws_robomaker_small_house_world/models/aws_robomaker_residential_TVCabinet_01/meshes/aws_TVCabinet_01_visual.DAE\n'}
[1.020528] (aws_robomaker_small_house_world) StdoutLine: {'line': b'-- Up-to-date: /home/frankie/ros2_ws/install/aws_robomaker_small_house_world/share/aws_robomaker_small_house_world/models/aws_robomaker_residential_TVCabinet_01/model.config\n'}
[1.020628] (aws_robomaker_small_house_world) StdoutLine: {'line': b'-- Up-to-date: /home/frankie/ros2_ws/install/aws_robomaker_small_house_world/share/aws_robomaker_small_house_world/models/aws_robomaker_residential_TVCabinet_01/model.sdf\n'}
[1.020740] (aws_robomaker_small_house_world) StdoutLine: {'line': b'-- Up-to-date: /home/frankie/ros2_ws/install/aws_robomaker_small_house_world/share/aws_robomaker_small_house_world/models/aws_robomaker_residential_FoldingDoor_02\n'}
[1.022784] (aws_robomaker_small_house_world) StdoutLine: {'line': b'-- Up-to-date: /home/frankie/ros2_ws/install/aws_robomaker_small_house_world/share/aws_robomaker_small_house_world/models/aws_robomaker_residential_FoldingDoor_02/materials\n'}
[1.022918] (aws_robomaker_small_house_world) StdoutLine: {'line': b'-- Up-to-date: /home/frankie/ros2_ws/install/aws_robomaker_small_house_world/share/aws_robomaker_small_house_world/models/aws_robomaker_residential_FoldingDoor_02/materials/textures\n'}
[1.023013] (aws_robomaker_small_house_world) StdoutLine: {'line': b'-- Up-to-date: /home/frankie/ros2_ws/install/aws_robomaker_small_house_world/share/aws_robomaker_small_house_world/models/aws_robomaker_residential_FoldingDoor_02/materials/textures/aws_FoldingDoor_02.png\n'}
[1.023120] (aws_robomaker_small_house_world) StdoutLine: {'line': b'-- Up-to-date: /home/frankie/ros2_ws/install/aws_robomaker_small_house_world/share/aws_robomaker_small_house_world/models/aws_robomaker_residential_FoldingDoor_02/meshes\n'}
[1.023221] (aws_robomaker_small_house_world) StdoutLine: {'line': b'-- Up-to-date: /home/frankie/ros2_ws/install/aws_robomaker_small_house_world/share/aws_robomaker_small_house_world/models/aws_robomaker_residential_FoldingDoor_02/meshes/aws_FoldingDoor_02_visual.DAE\n'}
[1.023320] (aws_robomaker_small_house_world) StdoutLine: {'line': b'-- Up-to-date: /home/frankie/ros2_ws/install/aws_robomaker_small_house_world/share/aws_robomaker_small_house_world/models/aws_robomaker_residential_FoldingDoor_02/meshes/aws_FoldingDoor_02_collision.DAE\n'}
[1.023419] (aws_robomaker_small_house_world) StdoutLine: {'line': b'-- Up-to-date: /home/frankie/ros2_ws/install/aws_robomaker_small_house_world/share/aws_robomaker_small_house_world/models/aws_robomaker_residential_FoldingDoor_02/model.config\n'}
[1.023525] (aws_robomaker_small_house_world) StdoutLine: {'line': b'-- Up-to-date: /home/frankie/ros2_ws/install/aws_robomaker_small_house_world/share/aws_robomaker_small_house_world/models/aws_robomaker_residential_FoldingDoor_02/model.sdf\n'}
[1.023617] (aws_robomaker_small_house_world) StdoutLine: {'line': b'-- Up-to-date: /home/frankie/ros2_ws/install/aws_robomaker_small_house_world/share/aws_robomaker_small_house_world/models/aws_robomaker_residential_Tableware_01\n'}
[1.023716] (aws_robomaker_small_house_world) StdoutLine: {'line': b'-- Up-to-date: /home/frankie/ros2_ws/install/aws_robomaker_small_house_world/share/aws_robomaker_small_house_world/models/aws_robomaker_residential_Tableware_01/materials\n'}
[1.023856] (aws_robomaker_small_house_world) StdoutLine: {'line': b'-- Up-to-date: /home/frankie/ros2_ws/install/aws_robomaker_small_house_world/share/aws_robomaker_small_house_world/models/aws_robomaker_residential_Tableware_01/materials/textures\n'}
[1.023964] (aws_robomaker_small_house_world) StdoutLine: {'line': b'-- Up-to-date: /home/frankie/ros2_ws/install/aws_robomaker_small_house_world/share/aws_robomaker_small_house_world/models/aws_robomaker_residential_Tableware_01/materials/textures/aws_Tableware_01.png\n'}
[1.024074] (aws_robomaker_small_house_world) StdoutLine: {'line': b'-- Up-to-date: /home/frankie/ros2_ws/install/aws_robomaker_small_house_world/share/aws_robomaker_small_house_world/models/aws_robomaker_residential_Tableware_01/meshes\n'}
[1.024182] (aws_robomaker_small_house_world) StdoutLine: {'line': b'-- Up-to-date: /home/frankie/ros2_ws/install/aws_robomaker_small_house_world/share/aws_robomaker_small_house_world/models/aws_robomaker_residential_Tableware_01/meshes/aws_Tableware_01_visual.DAE\n'}
[1.024299] (aws_robomaker_small_house_world) StdoutLine: {'line': b'-- Up-to-date: /home/frankie/ros2_ws/install/aws_robomaker_small_house_world/share/aws_robomaker_small_house_world/models/aws_robomaker_residential_Tableware_01/meshes/aws_Tableware_01_collision.DAE\n'}
[1.024443] (aws_robomaker_small_house_world) StdoutLine: {'line': b'-- Up-to-date: /home/frankie/ros2_ws/install/aws_robomaker_small_house_world/share/aws_robomaker_small_house_world/models/aws_robomaker_residential_Tableware_01/model.config\n'}
[1.024553] (aws_robomaker_small_house_world) StdoutLine: {'line': b'-- Up-to-date: /home/frankie/ros2_ws/install/aws_robomaker_small_house_world/share/aws_robomaker_small_house_world/models/aws_robomaker_residential_Tableware_01/model.sdf\n'}
[1.024881] (aws_robomaker_small_house_world) StdoutLine: {'line': b'-- Up-to-date: /home/frankie/ros2_ws/install/aws_robomaker_small_house_world/share/aws_robomaker_small_house_world/models/aws_robomaker_residential_DeskPortraitA_02\n'}
[1.030002] (aws_robomaker_small_house_world) StdoutLine: {'line': b'-- Up-to-date: /home/frankie/ros2_ws/install/aws_robomaker_small_house_world/share/aws_robomaker_small_house_world/models/aws_robomaker_residential_DeskPortraitA_02/materials\n'}
[1.030122] (aws_robomaker_small_house_world) StdoutLine: {'line': b'-- Up-to-date: /home/frankie/ros2_ws/install/aws_robomaker_small_house_world/share/aws_robomaker_small_house_world/models/aws_robomaker_residential_DeskPortraitA_02/materials/textures\n'}
[1.030212] (aws_robomaker_small_house_world) StdoutLine: {'line': b'-- Up-to-date: /home/frankie/ros2_ws/install/aws_robomaker_small_house_world/share/aws_robomaker_small_house_world/models/aws_robomaker_residential_DeskPortraitA_02/materials/textures/aws_DeskPortraitA_02.png\n'}
[1.030313] (aws_robomaker_small_house_world) StdoutLine: {'line': b'-- Up-to-date: /home/frankie/ros2_ws/install/aws_robomaker_small_house_world/share/aws_robomaker_small_house_world/models/aws_robomaker_residential_DeskPortraitA_02/materials/textures/aws_DeskPortraitA_01.png\n'}
[1.030404] (aws_robomaker_small_house_world) StdoutLine: {'line': b'-- Up-to-date: /home/frankie/ros2_ws/install/aws_robomaker_small_house_world/share/aws_robomaker_small_house_world/models/aws_robomaker_residential_DeskPortraitA_02/meshes\n'}
[1.030499] (aws_robomaker_small_house_world) StdoutLine: {'line': b'-- Up-to-date: /home/frankie/ros2_ws/install/aws_robomaker_small_house_world/share/aws_robomaker_small_house_world/models/aws_robomaker_residential_DeskPortraitA_02/meshes/aws_DeskPortraitA_01_collision.DAE\n'}
[1.030599] (aws_robomaker_small_house_world) StdoutLine: {'line': b'-- Up-to-date: /home/frankie/ros2_ws/install/aws_robomaker_small_house_world/share/aws_robomaker_small_house_world/models/aws_robomaker_residential_DeskPortraitA_02/meshes/aws_DeskPortraitA_01_visual.DAE\n'}
[1.030691] (aws_robomaker_small_house_world) StdoutLine: {'line': b'-- Up-to-date: /home/frankie/ros2_ws/install/aws_robomaker_small_house_world/share/aws_robomaker_small_house_world/models/aws_robomaker_residential_DeskPortraitA_02/model.config\n'}
[1.030802] (aws_robomaker_small_house_world) StdoutLine: {'line': b'-- Up-to-date: /home/frankie/ros2_ws/install/aws_robomaker_small_house_world/share/aws_robomaker_small_house_world/models/aws_robomaker_residential_DeskPortraitA_02/model.sdf\n'}
[1.033095] (aws_robomaker_small_house_world) StdoutLine: {'line': b'-- Up-to-date: /home/frankie/ros2_ws/install/aws_robomaker_small_house_world/share/aws_robomaker_small_house_world/models/aws_robomaker_residential_CookingBench_01\n'}
[1.033221] (aws_robomaker_small_house_world) StdoutLine: {'line': b'-- Up-to-date: /home/frankie/ros2_ws/install/aws_robomaker_small_house_world/share/aws_robomaker_small_house_world/models/aws_robomaker_residential_CookingBench_01/materials\n'}
[1.033319] (aws_robomaker_small_house_world) StdoutLine: {'line': b'-- Up-to-date: /home/frankie/ros2_ws/install/aws_robomaker_small_house_world/share/aws_robomaker_small_house_world/models/aws_robomaker_residential_CookingBench_01/materials/textures\n'}
[1.033423] (aws_robomaker_small_house_world) StdoutLine: {'line': b'-- Up-to-date: /home/frankie/ros2_ws/install/aws_robomaker_small_house_world/share/aws_robomaker_small_house_world/models/aws_robomaker_residential_CookingBench_01/materials/textures/aws_CookingBench_01.png\n'}
[1.033546] (aws_robomaker_small_house_world) StdoutLine: {'line': b'-- Up-to-date: /home/frankie/ros2_ws/install/aws_robomaker_small_house_world/share/aws_robomaker_small_house_world/models/aws_robomaker_residential_CookingBench_01/meshes\n'}
[1.033642] (aws_robomaker_small_house_world) StdoutLine: {'line': b'-- Up-to-date: /home/frankie/ros2_ws/install/aws_robomaker_small_house_world/share/aws_robomaker_small_house_world/models/aws_robomaker_residential_CookingBench_01/meshes/aws_CookingBench_01_visual.DAE\n'}
[1.033735] (aws_robomaker_small_house_world) StdoutLine: {'line': b'-- Up-to-date: /home/frankie/ros2_ws/install/aws_robomaker_small_house_world/share/aws_robomaker_small_house_world/models/aws_robomaker_residential_CookingBench_01/meshes/aws_CookingBench_01_collision.DAE\n'}
[1.036446] (aws_robomaker_small_house_world) StdoutLine: {'line': b'-- Up-to-date: /home/frankie/ros2_ws/install/aws_robomaker_small_house_world/share/aws_robomaker_small_house_world/models/aws_robomaker_residential_CookingBench_01/meshes/aws_CookingBench_01.DAE\n'}
[1.036601] (aws_robomaker_small_house_world) StdoutLine: {'line': b'-- Up-to-date: /home/frankie/ros2_ws/install/aws_robomaker_small_house_world/share/aws_robomaker_small_house_world/models/aws_robomaker_residential_CookingBench_01/model.config\n'}
[1.036706] (aws_robomaker_small_house_world) StdoutLine: {'line': b'-- Up-to-date: /home/frankie/ros2_ws/install/aws_robomaker_small_house_world/share/aws_robomaker_small_house_world/models/aws_robomaker_residential_CookingBench_01/model.sdf\n'}
[1.036825] (aws_robomaker_small_house_world) StdoutLine: {'line': b'-- Up-to-date: /home/frankie/ros2_ws/install/aws_robomaker_small_house_world/share/aws_robomaker_small_house_world/models/aws_robomaker_residential_KitchenCabinet_01\n'}
[1.036923] (aws_robomaker_small_house_world) StdoutLine: {'line': b'-- Up-to-date: /home/frankie/ros2_ws/install/aws_robomaker_small_house_world/share/aws_robomaker_small_house_world/models/aws_robomaker_residential_KitchenCabinet_01/materials\n'}
[1.039227] (aws_robomaker_small_house_world) StdoutLine: {'line': b'-- Up-to-date: /home/frankie/ros2_ws/install/aws_robomaker_small_house_world/share/aws_robomaker_small_house_world/models/aws_robomaker_residential_KitchenCabinet_01/materials/textures\n'}
[1.039389] (aws_robomaker_small_house_world) StdoutLine: {'line': b'-- Up-to-date: /home/frankie/ros2_ws/install/aws_robomaker_small_house_world/share/aws_robomaker_small_house_world/models/aws_robomaker_residential_KitchenCabinet_01/materials/textures/aws_KitchenCabinet_01.png\n'}
[1.039495] (aws_robomaker_small_house_world) StdoutLine: {'line': b'-- Up-to-date: /home/frankie/ros2_ws/install/aws_robomaker_small_house_world/share/aws_robomaker_small_house_world/models/aws_robomaker_residential_KitchenCabinet_01/meshes\n'}
[1.039595] (aws_robomaker_small_house_world) StdoutLine: {'line': b'-- Up-to-date: /home/frankie/ros2_ws/install/aws_robomaker_small_house_world/share/aws_robomaker_small_house_world/models/aws_robomaker_residential_KitchenCabinet_01/meshes/aws_KitchenCabinet_01_visual.DAE\n'}
[1.039704] (aws_robomaker_small_house_world) StdoutLine: {'line': b'-- Up-to-date: /home/frankie/ros2_ws/install/aws_robomaker_small_house_world/share/aws_robomaker_small_house_world/models/aws_robomaker_residential_KitchenCabinet_01/meshes/aws_KitchenCabinet_01_collision.DAE\n'}
[1.043284] (aws_robomaker_small_house_world) StdoutLine: {'line': b'-- Up-to-date: /home/frankie/ros2_ws/install/aws_robomaker_small_house_world/share/aws_robomaker_small_house_world/models/aws_robomaker_residential_KitchenCabinet_01/model.config\n'}
[1.043434] (aws_robomaker_small_house_world) StdoutLine: {'line': b'-- Up-to-date: /home/frankie/ros2_ws/install/aws_robomaker_small_house_world/share/aws_robomaker_small_house_world/models/aws_robomaker_residential_KitchenCabinet_01/model.sdf\n'}
[1.043542] (aws_robomaker_small_house_world) StdoutLine: {'line': b'-- Up-to-date: /home/frankie/ros2_ws/install/aws_robomaker_small_house_world/share/aws_robomaker_small_house_world/models/aws_robomaker_residential_DeskPortraitB_02\n'}
[1.043634] (aws_robomaker_small_house_world) StdoutLine: {'line': b'-- Up-to-date: /home/frankie/ros2_ws/install/aws_robomaker_small_house_world/share/aws_robomaker_small_house_world/models/aws_robomaker_residential_DeskPortraitB_02/materials\n'}
[1.043723] (aws_robomaker_small_house_world) StdoutLine: {'line': b'-- Up-to-date: /home/frankie/ros2_ws/install/aws_robomaker_small_house_world/share/aws_robomaker_small_house_world/models/aws_robomaker_residential_DeskPortraitB_02/materials/textures\n'}
[1.051066] (aws_robomaker_small_house_world) StdoutLine: {'line': b'-- Up-to-date: /home/frankie/ros2_ws/install/aws_robomaker_small_house_world/share/aws_robomaker_small_house_world/models/aws_robomaker_residential_DeskPortraitB_02/materials/textures/aws_DeskPortraitB_01.png\n'}
[1.051217] (aws_robomaker_small_house_world) StdoutLine: {'line': b'-- Up-to-date: /home/frankie/ros2_ws/install/aws_robomaker_small_house_world/share/aws_robomaker_small_house_world/models/aws_robomaker_residential_DeskPortraitB_02/materials/textures/aws_DeskPortraitB_02.png\n'}
[1.051314] (aws_robomaker_small_house_world) StdoutLine: {'line': b'-- Up-to-date: /home/frankie/ros2_ws/install/aws_robomaker_small_house_world/share/aws_robomaker_small_house_world/models/aws_robomaker_residential_DeskPortraitB_02/meshes\n'}
[1.051408] (aws_robomaker_small_house_world) StdoutLine: {'line': b'-- Up-to-date: /home/frankie/ros2_ws/install/aws_robomaker_small_house_world/share/aws_robomaker_small_house_world/models/aws_robomaker_residential_DeskPortraitB_02/meshes/aws_DeskPortraitB_01_visual.DAE\n'}
[1.051499] (aws_robomaker_small_house_world) StdoutLine: {'line': b'-- Up-to-date: /home/frankie/ros2_ws/install/aws_robomaker_small_house_world/share/aws_robomaker_small_house_world/models/aws_robomaker_residential_DeskPortraitB_02/meshes/aws_DeskPortraitB_01_collision.DAE\n'}
[1.051596] (aws_robomaker_small_house_world) StdoutLine: {'line': b'-- Up-to-date: /home/frankie/ros2_ws/install/aws_robomaker_small_house_world/share/aws_robomaker_small_house_world/models/aws_robomaker_residential_DeskPortraitB_02/model.config\n'}
[1.051685] (aws_robomaker_small_house_world) StdoutLine: {'line': b'-- Up-to-date: /home/frankie/ros2_ws/install/aws_robomaker_small_house_world/share/aws_robomaker_small_house_world/models/aws_robomaker_residential_DeskPortraitB_02/model.sdf\n'}
[1.051993] (aws_robomaker_small_house_world) StdoutLine: {'line': b'-- Up-to-date: /home/frankie/ros2_ws/install/aws_robomaker_small_house_world/share/aws_robomaker_small_house_world/models/aws_robomaker_residential_Dumbbell_01\n'}
[1.052146] (aws_robomaker_small_house_world) StdoutLine: {'line': b'-- Up-to-date: /home/frankie/ros2_ws/install/aws_robomaker_small_house_world/share/aws_robomaker_small_house_world/models/aws_robomaker_residential_Dumbbell_01/materials\n'}
[1.052259] (aws_robomaker_small_house_world) StdoutLine: {'line': b'-- Up-to-date: /home/frankie/ros2_ws/install/aws_robomaker_small_house_world/share/aws_robomaker_small_house_world/models/aws_robomaker_residential_Dumbbell_01/materials/textures\n'}
[1.052421] (aws_robomaker_small_house_world) StdoutLine: {'line': b'-- Up-to-date: /home/frankie/ros2_ws/install/aws_robomaker_small_house_world/share/aws_robomaker_small_house_world/models/aws_robomaker_residential_Dumbbell_01/materials/textures/aws_Dumbbell_01.png\n'}
[1.052530] (aws_robomaker_small_house_world) StdoutLine: {'line': b'-- Up-to-date: /home/frankie/ros2_ws/install/aws_robomaker_small_house_world/share/aws_robomaker_small_house_world/models/aws_robomaker_residential_Dumbbell_01/meshes\n'}
[1.052674] (aws_robomaker_small_house_world) StdoutLine: {'line': b'-- Up-to-date: /home/frankie/ros2_ws/install/aws_robomaker_small_house_world/share/aws_robomaker_small_house_world/models/aws_robomaker_residential_Dumbbell_01/meshes/aws_Dumbbell_01_visual.DAE\n'}
[1.052828] (aws_robomaker_small_house_world) StdoutLine: {'line': b'-- Up-to-date: /home/frankie/ros2_ws/install/aws_robomaker_small_house_world/share/aws_robomaker_small_house_world/models/aws_robomaker_residential_Dumbbell_01/meshes/aws_Dumbbell_01_collision.DAE\n'}
[1.052933] (aws_robomaker_small_house_world) StdoutLine: {'line': b'-- Up-to-date: /home/frankie/ros2_ws/install/aws_robomaker_small_house_world/share/aws_robomaker_small_house_world/models/aws_robomaker_residential_Dumbbell_01/model.config\n'}
[1.053024] (aws_robomaker_small_house_world) StdoutLine: {'line': b'-- Up-to-date: /home/frankie/ros2_ws/install/aws_robomaker_small_house_world/share/aws_robomaker_small_house_world/models/aws_robomaker_residential_Dumbbell_01/model.sdf\n'}
[1.053133] (aws_robomaker_small_house_world) StdoutLine: {'line': b'-- Up-to-date: /home/frankie/ros2_ws/install/aws_robomaker_small_house_world/share/aws_robomaker_small_house_world/models/aws_robomaker_residential_FloorB_01\n'}
[1.053226] (aws_robomaker_small_house_world) StdoutLine: {'line': b'-- Up-to-date: /home/frankie/ros2_ws/install/aws_robomaker_small_house_world/share/aws_robomaker_small_house_world/models/aws_robomaker_residential_FloorB_01/materials\n'}
[1.053316] (aws_robomaker_small_house_world) StdoutLine: {'line': b'-- Up-to-date: /home/frankie/ros2_ws/install/aws_robomaker_small_house_world/share/aws_robomaker_small_house_world/models/aws_robomaker_residential_FloorB_01/materials/textures\n'}
[1.053409] (aws_robomaker_small_house_world) StdoutLine: {'line': b'-- Up-to-date: /home/frankie/ros2_ws/install/aws_robomaker_small_house_world/share/aws_robomaker_small_house_world/models/aws_robomaker_residential_FloorB_01/materials/textures/aws_FloorB_01.png\n'}
[1.053527] (aws_robomaker_small_house_world) StdoutLine: {'line': b'-- Up-to-date: /home/frankie/ros2_ws/install/aws_robomaker_small_house_world/share/aws_robomaker_small_house_world/models/aws_robomaker_residential_FloorB_01/meshes\n'}
[1.053647] (aws_robomaker_small_house_world) StdoutLine: {'line': b'-- Up-to-date: /home/frankie/ros2_ws/install/aws_robomaker_small_house_world/share/aws_robomaker_small_house_world/models/aws_robomaker_residential_FloorB_01/meshes/aws_FloorB_01_visual.DAE\n'}
[1.053754] (aws_robomaker_small_house_world) StdoutLine: {'line': b'-- Up-to-date: /home/frankie/ros2_ws/install/aws_robomaker_small_house_world/share/aws_robomaker_small_house_world/models/aws_robomaker_residential_FloorB_01/meshes/aws_FloorB_01_collision.DAE\n'}
[1.054667] (aws_robomaker_small_house_world) StdoutLine: {'line': b'-- Up-to-date: /home/frankie/ros2_ws/install/aws_robomaker_small_house_world/share/aws_robomaker_small_house_world/models/aws_robomaker_residential_FloorB_01/model.config\n'}
[1.054782] (aws_robomaker_small_house_world) StdoutLine: {'line': b'-- Up-to-date: /home/frankie/ros2_ws/install/aws_robomaker_small_house_world/share/aws_robomaker_small_house_world/models/aws_robomaker_residential_FloorB_01/model.sdf\n'}
[1.054872] (aws_robomaker_small_house_world) StdoutLine: {'line': b'-- Up-to-date: /home/frankie/ros2_ws/install/aws_robomaker_small_house_world/share/aws_robomaker_small_house_world/models/aws_robomaker_residential_PortraitA_02\n'}
[1.054958] (aws_robomaker_small_house_world) StdoutLine: {'line': b'-- Up-to-date: /home/frankie/ros2_ws/install/aws_robomaker_small_house_world/share/aws_robomaker_small_house_world/models/aws_robomaker_residential_PortraitA_02/materials\n'}
[1.055045] (aws_robomaker_small_house_world) StdoutLine: {'line': b'-- Up-to-date: /home/frankie/ros2_ws/install/aws_robomaker_small_house_world/share/aws_robomaker_small_house_world/models/aws_robomaker_residential_PortraitA_02/materials/textures\n'}
[1.055139] (aws_robomaker_small_house_world) StdoutLine: {'line': b'-- Up-to-date: /home/frankie/ros2_ws/install/aws_robomaker_small_house_world/share/aws_robomaker_small_house_world/models/aws_robomaker_residential_PortraitA_02/materials/textures/aws_PortraitA_01.png\n'}
[1.055241] (aws_robomaker_small_house_world) StdoutLine: {'line': b'-- Up-to-date: /home/frankie/ros2_ws/install/aws_robomaker_small_house_world/share/aws_robomaker_small_house_world/models/aws_robomaker_residential_PortraitA_02/materials/textures/aws_PortraitA_02.png\n'}
[1.055357] (aws_robomaker_small_house_world) StdoutLine: {'line': b'-- Up-to-date: /home/frankie/ros2_ws/install/aws_robomaker_small_house_world/share/aws_robomaker_small_house_world/models/aws_robomaker_residential_PortraitA_02/meshes\n'}
[1.055458] (aws_robomaker_small_house_world) StdoutLine: {'line': b'-- Up-to-date: /home/frankie/ros2_ws/install/aws_robomaker_small_house_world/share/aws_robomaker_small_house_world/models/aws_robomaker_residential_PortraitA_02/meshes/aws_PortraitA_01_collision.DAE\n'}
[1.055554] (aws_robomaker_small_house_world) StdoutLine: {'line': b'-- Up-to-date: /home/frankie/ros2_ws/install/aws_robomaker_small_house_world/share/aws_robomaker_small_house_world/models/aws_robomaker_residential_PortraitA_02/meshes/aws_PortraitA_01_visual.DAE\n'}
[1.055647] (aws_robomaker_small_house_world) StdoutLine: {'line': b'-- Up-to-date: /home/frankie/ros2_ws/install/aws_robomaker_small_house_world/share/aws_robomaker_small_house_world/models/aws_robomaker_residential_PortraitA_02/model.config\n'}
[1.055738] (aws_robomaker_small_house_world) StdoutLine: {'line': b'-- Up-to-date: /home/frankie/ros2_ws/install/aws_robomaker_small_house_world/share/aws_robomaker_small_house_world/models/aws_robomaker_residential_PortraitA_02/model.sdf\n'}
[1.055841] (aws_robomaker_small_house_world) StdoutLine: {'line': b'-- Up-to-date: /home/frankie/ros2_ws/install/aws_robomaker_small_house_world/share/aws_robomaker_small_house_world/models/aws_robomaker_residential_BalconyTable_01\n'}
[1.055931] (aws_robomaker_small_house_world) StdoutLine: {'line': b'-- Up-to-date: /home/frankie/ros2_ws/install/aws_robomaker_small_house_world/share/aws_robomaker_small_house_world/models/aws_robomaker_residential_BalconyTable_01/materials\n'}
[1.056026] (aws_robomaker_small_house_world) StdoutLine: {'line': b'-- Up-to-date: /home/frankie/ros2_ws/install/aws_robomaker_small_house_world/share/aws_robomaker_small_house_world/models/aws_robomaker_residential_BalconyTable_01/materials/textures\n'}
[1.056117] (aws_robomaker_small_house_world) StdoutLine: {'line': b'-- Up-to-date: /home/frankie/ros2_ws/install/aws_robomaker_small_house_world/share/aws_robomaker_small_house_world/models/aws_robomaker_residential_BalconyTable_01/materials/textures/aws_BalconyTable_01.png\n'}
[1.056220] (aws_robomaker_small_house_world) StdoutLine: {'line': b'-- Up-to-date: /home/frankie/ros2_ws/install/aws_robomaker_small_house_world/share/aws_robomaker_small_house_world/models/aws_robomaker_residential_BalconyTable_01/meshes\n'}
[1.056308] (aws_robomaker_small_house_world) StdoutLine: {'line': b'-- Up-to-date: /home/frankie/ros2_ws/install/aws_robomaker_small_house_world/share/aws_robomaker_small_house_world/models/aws_robomaker_residential_BalconyTable_01/meshes/aws_BalconyTable_01_visual.DAE\n'}
[1.056398] (aws_robomaker_small_house_world) StdoutLine: {'line': b'-- Up-to-date: /home/frankie/ros2_ws/install/aws_robomaker_small_house_world/share/aws_robomaker_small_house_world/models/aws_robomaker_residential_BalconyTable_01/meshes/aws_BalconyTable_01_collision.DAE\n'}
[1.056485] (aws_robomaker_small_house_world) StdoutLine: {'line': b'-- Up-to-date: /home/frankie/ros2_ws/install/aws_robomaker_small_house_world/share/aws_robomaker_small_house_world/models/aws_robomaker_residential_BalconyTable_01/model.config\n'}
[1.056577] (aws_robomaker_small_house_world) StdoutLine: {'line': b'-- Up-to-date: /home/frankie/ros2_ws/install/aws_robomaker_small_house_world/share/aws_robomaker_small_house_world/models/aws_robomaker_residential_BalconyTable_01/model.sdf\n'}
[1.056662] (aws_robomaker_small_house_world) StdoutLine: {'line': b'-- Up-to-date: /home/frankie/ros2_ws/install/aws_robomaker_small_house_world/share/aws_robomaker_small_house_world/models/aws_robomaker_residential_Bed_01\n'}
[1.056747] (aws_robomaker_small_house_world) StdoutLine: {'line': b'-- Up-to-date: /home/frankie/ros2_ws/install/aws_robomaker_small_house_world/share/aws_robomaker_small_house_world/models/aws_robomaker_residential_Bed_01/materials\n'}
[1.056860] (aws_robomaker_small_house_world) StdoutLine: {'line': b'-- Up-to-date: /home/frankie/ros2_ws/install/aws_robomaker_small_house_world/share/aws_robomaker_small_house_world/models/aws_robomaker_residential_Bed_01/materials/textures\n'}
[1.056951] (aws_robomaker_small_house_world) StdoutLine: {'line': b'-- Up-to-date: /home/frankie/ros2_ws/install/aws_robomaker_small_house_world/share/aws_robomaker_small_house_world/models/aws_robomaker_residential_Bed_01/materials/textures/aws_BedC_01.png\n'}
[1.057043] (aws_robomaker_small_house_world) StdoutLine: {'line': b'-- Up-to-date: /home/frankie/ros2_ws/install/aws_robomaker_small_house_world/share/aws_robomaker_small_house_world/models/aws_robomaker_residential_Bed_01/materials/textures/aws_Bed_01.png\n'}
[1.057137] (aws_robomaker_small_house_world) StdoutLine: {'line': b'-- Up-to-date: /home/frankie/ros2_ws/install/aws_robomaker_small_house_world/share/aws_robomaker_small_house_world/models/aws_robomaker_residential_Bed_01/materials/textures/aws_BedB_01.png\n'}
[1.057231] (aws_robomaker_small_house_world) StdoutLine: {'line': b'-- Up-to-date: /home/frankie/ros2_ws/install/aws_robomaker_small_house_world/share/aws_robomaker_small_house_world/models/aws_robomaker_residential_Bed_01/materials/textures/aws_BedA_01.png\n'}
[1.057329] (aws_robomaker_small_house_world) StdoutLine: {'line': b'-- Up-to-date: /home/frankie/ros2_ws/install/aws_robomaker_small_house_world/share/aws_robomaker_small_house_world/models/aws_robomaker_residential_Bed_01/meshes\n'}
[1.057420] (aws_robomaker_small_house_world) StdoutLine: {'line': b'-- Up-to-date: /home/frankie/ros2_ws/install/aws_robomaker_small_house_world/share/aws_robomaker_small_house_world/models/aws_robomaker_residential_Bed_01/meshes/aws_Bed_01_collision.DAE\n'}
[1.057517] (aws_robomaker_small_house_world) StdoutLine: {'line': b'-- Up-to-date: /home/frankie/ros2_ws/install/aws_robomaker_small_house_world/share/aws_robomaker_small_house_world/models/aws_robomaker_residential_Bed_01/meshes/aws_Bed_01_visual.DAE\n'}
[1.057608] (aws_robomaker_small_house_world) StdoutLine: {'line': b'-- Up-to-date: /home/frankie/ros2_ws/install/aws_robomaker_small_house_world/share/aws_robomaker_small_house_world/models/aws_robomaker_residential_Bed_01/model.config\n'}
[1.057713] (aws_robomaker_small_house_world) StdoutLine: {'line': b'-- Up-to-date: /home/frankie/ros2_ws/install/aws_robomaker_small_house_world/share/aws_robomaker_small_house_world/models/aws_robomaker_residential_Bed_01/model.sdf\n'}
[1.064914] (aws_robomaker_small_house_world) StdoutLine: {'line': b'-- Up-to-date: /home/frankie/ros2_ws/install/aws_robomaker_small_house_world/share/aws_robomaker_small_house_world/models/aws_robomaker_residential_Trash_01\n'}
[1.065058] (aws_robomaker_small_house_world) StdoutLine: {'line': b'-- Up-to-date: /home/frankie/ros2_ws/install/aws_robomaker_small_house_world/share/aws_robomaker_small_house_world/models/aws_robomaker_residential_Trash_01/materials\n'}
[1.065166] (aws_robomaker_small_house_world) StdoutLine: {'line': b'-- Up-to-date: /home/frankie/ros2_ws/install/aws_robomaker_small_house_world/share/aws_robomaker_small_house_world/models/aws_robomaker_residential_Trash_01/materials/textures\n'}
[1.065287] (aws_robomaker_small_house_world) StdoutLine: {'line': b'-- Up-to-date: /home/frankie/ros2_ws/install/aws_robomaker_small_house_world/share/aws_robomaker_small_house_world/models/aws_robomaker_residential_Trash_01/materials/textures/aws_Trash_01.png\n'}
[1.065398] (aws_robomaker_small_house_world) StdoutLine: {'line': b'-- Up-to-date: /home/frankie/ros2_ws/install/aws_robomaker_small_house_world/share/aws_robomaker_small_house_world/models/aws_robomaker_residential_Trash_01/meshes\n'}
[1.065495] (aws_robomaker_small_house_world) StdoutLine: {'line': b'-- Up-to-date: /home/frankie/ros2_ws/install/aws_robomaker_small_house_world/share/aws_robomaker_small_house_world/models/aws_robomaker_residential_Trash_01/meshes/aws_Trash_01_visual.DAE\n'}
[1.065616] (aws_robomaker_small_house_world) StdoutLine: {'line': b'-- Up-to-date: /home/frankie/ros2_ws/install/aws_robomaker_small_house_world/share/aws_robomaker_small_house_world/models/aws_robomaker_residential_Trash_01/meshes/aws_Trash_01_collision.DAE\n'}
[1.065714] (aws_robomaker_small_house_world) StdoutLine: {'line': b'-- Up-to-date: /home/frankie/ros2_ws/install/aws_robomaker_small_house_world/share/aws_robomaker_small_house_world/models/aws_robomaker_residential_Trash_01/model.config\n'}
[1.065841] (aws_robomaker_small_house_world) StdoutLine: {'line': b'-- Up-to-date: /home/frankie/ros2_ws/install/aws_robomaker_small_house_world/share/aws_robomaker_small_house_world/models/aws_robomaker_residential_Trash_01/model.sdf\n'}
[1.065930] (aws_robomaker_small_house_world) StdoutLine: {'line': b'-- Up-to-date: /home/frankie/ros2_ws/install/aws_robomaker_small_house_world/share/aws_robomaker_small_house_world/models/aws_robomaker_residential_FitnessEquipment_01\n'}
[1.067847] (aws_robomaker_small_house_world) StdoutLine: {'line': b'-- Up-to-date: /home/frankie/ros2_ws/install/aws_robomaker_small_house_world/share/aws_robomaker_small_house_world/models/aws_robomaker_residential_FitnessEquipment_01/materials\n'}
[1.071782] (aws_robomaker_small_house_world) StdoutLine: {'line': b'-- Up-to-date: /home/frankie/ros2_ws/install/aws_robomaker_small_house_world/share/aws_robomaker_small_house_world/models/aws_robomaker_residential_FitnessEquipment_01/materials/textures\n'}
[1.071915] (aws_robomaker_small_house_world) StdoutLine: {'line': b'-- Up-to-date: /home/frankie/ros2_ws/install/aws_robomaker_small_house_world/share/aws_robomaker_small_house_world/models/aws_robomaker_residential_FitnessEquipment_01/materials/textures/aws_FitnessEquipment_01.png\n'}
[1.072030] (aws_robomaker_small_house_world) StdoutLine: {'line': b'-- Up-to-date: /home/frankie/ros2_ws/install/aws_robomaker_small_house_world/share/aws_robomaker_small_house_world/models/aws_robomaker_residential_FitnessEquipment_01/meshes\n'}
[1.072130] (aws_robomaker_small_house_world) StdoutLine: {'line': b'-- Up-to-date: /home/frankie/ros2_ws/install/aws_robomaker_small_house_world/share/aws_robomaker_small_house_world/models/aws_robomaker_residential_FitnessEquipment_01/meshes/aws_FitnessEquipment_01_visual.DAE\n'}
[1.072237] (aws_robomaker_small_house_world) StdoutLine: {'line': b'-- Up-to-date: /home/frankie/ros2_ws/install/aws_robomaker_small_house_world/share/aws_robomaker_small_house_world/models/aws_robomaker_residential_FitnessEquipment_01/meshes/aws_FitnessEquipment_01_collision.DAE\n'}
[1.072374] (aws_robomaker_small_house_world) StdoutLine: {'line': b'-- Up-to-date: /home/frankie/ros2_ws/install/aws_robomaker_small_house_world/share/aws_robomaker_small_house_world/models/aws_robomaker_residential_FitnessEquipment_01/model.config\n'}
[1.072476] (aws_robomaker_small_house_world) StdoutLine: {'line': b'-- Up-to-date: /home/frankie/ros2_ws/install/aws_robomaker_small_house_world/share/aws_robomaker_small_house_world/models/aws_robomaker_residential_FitnessEquipment_01/model.sdf\n'}
[1.072583] (aws_robomaker_small_house_world) StdoutLine: {'line': b'-- Up-to-date: /home/frankie/ros2_ws/install/aws_robomaker_small_house_world/share/aws_robomaker_small_house_world/models/aws_robomaker_residential_Sofa_01\n'}
[1.072685] (aws_robomaker_small_house_world) StdoutLine: {'line': b'-- Up-to-date: /home/frankie/ros2_ws/install/aws_robomaker_small_house_world/share/aws_robomaker_small_house_world/models/aws_robomaker_residential_Sofa_01/materials\n'}
[1.072799] (aws_robomaker_small_house_world) StdoutLine: {'line': b'-- Up-to-date: /home/frankie/ros2_ws/install/aws_robomaker_small_house_world/share/aws_robomaker_small_house_world/models/aws_robomaker_residential_Sofa_01/materials/textures\n'}
[1.072934] (aws_robomaker_small_house_world) StdoutLine: {'line': b'-- Up-to-date: /home/frankie/ros2_ws/install/aws_robomaker_small_house_world/share/aws_robomaker_small_house_world/models/aws_robomaker_residential_Sofa_01/materials/textures/aws_Sofa_01.png\n'}
[1.073054] (aws_robomaker_small_house_world) StdoutLine: {'line': b'-- Up-to-date: /home/frankie/ros2_ws/install/aws_robomaker_small_house_world/share/aws_robomaker_small_house_world/models/aws_robomaker_residential_Sofa_01/meshes\n'}
[1.073151] (aws_robomaker_small_house_world) StdoutLine: {'line': b'-- Up-to-date: /home/frankie/ros2_ws/install/aws_robomaker_small_house_world/share/aws_robomaker_small_house_world/models/aws_robomaker_residential_Sofa_01/meshes/aws_Sofa_01.DAE\n'}
[1.074609] (aws_robomaker_small_house_world) StdoutLine: {'line': b'-- Up-to-date: /home/frankie/ros2_ws/install/aws_robomaker_small_house_world/share/aws_robomaker_small_house_world/models/aws_robomaker_residential_Sofa_01/meshes/aws_Sofa_01_collision.DAE\n'}
[1.074733] (aws_robomaker_small_house_world) StdoutLine: {'line': b'-- Up-to-date: /home/frankie/ros2_ws/install/aws_robomaker_small_house_world/share/aws_robomaker_small_house_world/models/aws_robomaker_residential_Sofa_01/meshes/aws_Sofa_01_visual.DAE\n'}
[1.074836] (aws_robomaker_small_house_world) StdoutLine: {'line': b'-- Up-to-date: /home/frankie/ros2_ws/install/aws_robomaker_small_house_world/share/aws_robomaker_small_house_world/models/aws_robomaker_residential_Sofa_01/model.config\n'}
[1.074935] (aws_robomaker_small_house_world) StdoutLine: {'line': b'-- Up-to-date: /home/frankie/ros2_ws/install/aws_robomaker_small_house_world/share/aws_robomaker_small_house_world/models/aws_robomaker_residential_Sofa_01/model.sdf\n'}
[1.075031] (aws_robomaker_small_house_world) StdoutLine: {'line': b'-- Up-to-date: /home/frankie/ros2_ws/install/aws_robomaker_small_house_world/share/aws_robomaker_small_house_world/models/aws_robomaker_residential_PortraitB_03\n'}
[1.075144] (aws_robomaker_small_house_world) StdoutLine: {'line': b'-- Up-to-date: /home/frankie/ros2_ws/install/aws_robomaker_small_house_world/share/aws_robomaker_small_house_world/models/aws_robomaker_residential_PortraitB_03/materials\n'}
[1.075943] (aws_robomaker_small_house_world) StdoutLine: {'line': b'-- Up-to-date: /home/frankie/ros2_ws/install/aws_robomaker_small_house_world/share/aws_robomaker_small_house_world/models/aws_robomaker_residential_PortraitB_03/materials/textures\n'}
[1.080197] (aws_robomaker_small_house_world) StdoutLine: {'line': b'-- Up-to-date: /home/frankie/ros2_ws/install/aws_robomaker_small_house_world/share/aws_robomaker_small_house_world/models/aws_robomaker_residential_PortraitB_03/materials/textures/aws_PortraitB_02.png\n'}
[1.080326] (aws_robomaker_small_house_world) StdoutLine: {'line': b'-- Up-to-date: /home/frankie/ros2_ws/install/aws_robomaker_small_house_world/share/aws_robomaker_small_house_world/models/aws_robomaker_residential_PortraitB_03/materials/textures/aws_PortraitB_01.png\n'}
[1.080557] (aws_robomaker_small_house_world) StdoutLine: {'line': b'-- Up-to-date: /home/frankie/ros2_ws/install/aws_robomaker_small_house_world/share/aws_robomaker_small_house_world/models/aws_robomaker_residential_PortraitB_03/meshes\n'}
[1.080660] (aws_robomaker_small_house_world) StdoutLine: {'line': b'-- Up-to-date: /home/frankie/ros2_ws/install/aws_robomaker_small_house_world/share/aws_robomaker_small_house_world/models/aws_robomaker_residential_PortraitB_03/meshes/aws_PortraitB_01_collision.DAE\n'}
[1.080757] (aws_robomaker_small_house_world) StdoutLine: {'line': b'-- Up-to-date: /home/frankie/ros2_ws/install/aws_robomaker_small_house_world/share/aws_robomaker_small_house_world/models/aws_robomaker_residential_PortraitB_03/meshes/aws_PortraitB_01_visual.DAE\n'}
[1.080867] (aws_robomaker_small_house_world) StdoutLine: {'line': b'-- Up-to-date: /home/frankie/ros2_ws/install/aws_robomaker_small_house_world/share/aws_robomaker_small_house_world/models/aws_robomaker_residential_PortraitB_03/model.config\n'}
[1.080957] (aws_robomaker_small_house_world) StdoutLine: {'line': b'-- Up-to-date: /home/frankie/ros2_ws/install/aws_robomaker_small_house_world/share/aws_robomaker_small_house_world/models/aws_robomaker_residential_PortraitB_03/model.sdf\n'}
[1.081050] (aws_robomaker_small_house_world) StdoutLine: {'line': b'-- Up-to-date: /home/frankie/ros2_ws/install/aws_robomaker_small_house_world/share/aws_robomaker_small_house_world/models/aws_robomaker_residential_Tablet_01\n'}
[1.081171] (aws_robomaker_small_house_world) StdoutLine: {'line': b'-- Up-to-date: /home/frankie/ros2_ws/install/aws_robomaker_small_house_world/share/aws_robomaker_small_house_world/models/aws_robomaker_residential_Tablet_01/materials\n'}
[1.081280] (aws_robomaker_small_house_world) StdoutLine: {'line': b'-- Up-to-date: /home/frankie/ros2_ws/install/aws_robomaker_small_house_world/share/aws_robomaker_small_house_world/models/aws_robomaker_residential_Tablet_01/materials/textures\n'}
[1.081382] (aws_robomaker_small_house_world) StdoutLine: {'line': b'-- Up-to-date: /home/frankie/ros2_ws/install/aws_robomaker_small_house_world/share/aws_robomaker_small_house_world/models/aws_robomaker_residential_Tablet_01/materials/textures/aws_Tablet_01_nologo.png\n'}
[1.081486] (aws_robomaker_small_house_world) StdoutLine: {'line': b'-- Up-to-date: /home/frankie/ros2_ws/install/aws_robomaker_small_house_world/share/aws_robomaker_small_house_world/models/aws_robomaker_residential_Tablet_01/meshes\n'}
[1.081591] (aws_robomaker_small_house_world) StdoutLine: {'line': b'-- Up-to-date: /home/frankie/ros2_ws/install/aws_robomaker_small_house_world/share/aws_robomaker_small_house_world/models/aws_robomaker_residential_Tablet_01/meshes/aws_Tablet_01_visual.DAE\n'}
[1.081696] (aws_robomaker_small_house_world) StdoutLine: {'line': b'-- Up-to-date: /home/frankie/ros2_ws/install/aws_robomaker_small_house_world/share/aws_robomaker_small_house_world/models/aws_robomaker_residential_Tablet_01/meshes/aws_Tablet_01_collision.DAE\n'}
[1.081811] (aws_robomaker_small_house_world) StdoutLine: {'line': b'-- Up-to-date: /home/frankie/ros2_ws/install/aws_robomaker_small_house_world/share/aws_robomaker_small_house_world/models/aws_robomaker_residential_Tablet_01/model.config\n'}
[1.081908] (aws_robomaker_small_house_world) StdoutLine: {'line': b'-- Up-to-date: /home/frankie/ros2_ws/install/aws_robomaker_small_house_world/share/aws_robomaker_small_house_world/models/aws_robomaker_residential_Tablet_01/model.sdf\n'}
[1.082005] (aws_robomaker_small_house_world) StdoutLine: {'line': b'-- Up-to-date: /home/frankie/ros2_ws/install/aws_robomaker_small_house_world/share/aws_robomaker_small_house_world/models/aws_robomaker_residential_PortraitA_01\n'}
[1.082108] (aws_robomaker_small_house_world) StdoutLine: {'line': b'-- Up-to-date: /home/frankie/ros2_ws/install/aws_robomaker_small_house_world/share/aws_robomaker_small_house_world/models/aws_robomaker_residential_PortraitA_01/materials\n'}
[1.082203] (aws_robomaker_small_house_world) StdoutLine: {'line': b'-- Up-to-date: /home/frankie/ros2_ws/install/aws_robomaker_small_house_world/share/aws_robomaker_small_house_world/models/aws_robomaker_residential_PortraitA_01/materials/textures\n'}
[1.082297] (aws_robomaker_small_house_world) StdoutLine: {'line': b'-- Up-to-date: /home/frankie/ros2_ws/install/aws_robomaker_small_house_world/share/aws_robomaker_small_house_world/models/aws_robomaker_residential_PortraitA_01/materials/textures/aws_PortraitA_01.png\n'}
[1.082393] (aws_robomaker_small_house_world) StdoutLine: {'line': b'-- Up-to-date: /home/frankie/ros2_ws/install/aws_robomaker_small_house_world/share/aws_robomaker_small_house_world/models/aws_robomaker_residential_PortraitA_01/materials/textures/aws_PortraitA_02.png\n'}
[1.082505] (aws_robomaker_small_house_world) StdoutLine: {'line': b'-- Up-to-date: /home/frankie/ros2_ws/install/aws_robomaker_small_house_world/share/aws_robomaker_small_house_world/models/aws_robomaker_residential_PortraitA_01/meshes\n'}
[1.082627] (aws_robomaker_small_house_world) StdoutLine: {'line': b'-- Up-to-date: /home/frankie/ros2_ws/install/aws_robomaker_small_house_world/share/aws_robomaker_small_house_world/models/aws_robomaker_residential_PortraitA_01/meshes/aws_PortraitA_01_collision.DAE\n'}
[1.082738] (aws_robomaker_small_house_world) StdoutLine: {'line': b'-- Up-to-date: /home/frankie/ros2_ws/install/aws_robomaker_small_house_world/share/aws_robomaker_small_house_world/models/aws_robomaker_residential_PortraitA_01/meshes/aws_PortraitA_01_visual.DAE\n'}
[1.082914] (aws_robomaker_small_house_world) StdoutLine: {'line': b'-- Up-to-date: /home/frankie/ros2_ws/install/aws_robomaker_small_house_world/share/aws_robomaker_small_house_world/models/aws_robomaker_residential_PortraitA_01/model.config\n'}
[1.083024] (aws_robomaker_small_house_world) StdoutLine: {'line': b'-- Up-to-date: /home/frankie/ros2_ws/install/aws_robomaker_small_house_world/share/aws_robomaker_small_house_world/models/aws_robomaker_residential_PortraitA_01/model.sdf\n'}
[1.083130] (aws_robomaker_small_house_world) StdoutLine: {'line': b'-- Up-to-date: /home/frankie/ros2_ws/install/aws_robomaker_small_house_world/share/aws_robomaker_small_house_world/models/aws_robomaker_residential_TV_02\n'}
[1.083237] (aws_robomaker_small_house_world) StdoutLine: {'line': b'-- Up-to-date: /home/frankie/ros2_ws/install/aws_robomaker_small_house_world/share/aws_robomaker_small_house_world/models/aws_robomaker_residential_TV_02/materials\n'}
[1.083334] (aws_robomaker_small_house_world) StdoutLine: {'line': b'-- Up-to-date: /home/frankie/ros2_ws/install/aws_robomaker_small_house_world/share/aws_robomaker_small_house_world/models/aws_robomaker_residential_TV_02/materials/textures\n'}
[1.083433] (aws_robomaker_small_house_world) StdoutLine: {'line': b'-- Up-to-date: /home/frankie/ros2_ws/install/aws_robomaker_small_house_world/share/aws_robomaker_small_house_world/models/aws_robomaker_residential_TV_02/materials/textures/aws_TV_01.png\n'}
[1.083532] (aws_robomaker_small_house_world) StdoutLine: {'line': b'-- Up-to-date: /home/frankie/ros2_ws/install/aws_robomaker_small_house_world/share/aws_robomaker_small_house_world/models/aws_robomaker_residential_TV_02/meshes\n'}
[1.083631] (aws_robomaker_small_house_world) StdoutLine: {'line': b'-- Up-to-date: /home/frankie/ros2_ws/install/aws_robomaker_small_house_world/share/aws_robomaker_small_house_world/models/aws_robomaker_residential_TV_02/meshes/aws_TV_01_collision.DAE\n'}
[1.083735] (aws_robomaker_small_house_world) StdoutLine: {'line': b'-- Up-to-date: /home/frankie/ros2_ws/install/aws_robomaker_small_house_world/share/aws_robomaker_small_house_world/models/aws_robomaker_residential_TV_02/meshes/aws_TV_01_visual.DAE\n'}
[1.089943] (aws_robomaker_small_house_world) StdoutLine: {'line': b'-- Up-to-date: /home/frankie/ros2_ws/install/aws_robomaker_small_house_world/share/aws_robomaker_small_house_world/models/aws_robomaker_residential_TV_02/model.config\n'}
[1.090100] (aws_robomaker_small_house_world) StdoutLine: {'line': b'-- Up-to-date: /home/frankie/ros2_ws/install/aws_robomaker_small_house_world/share/aws_robomaker_small_house_world/models/aws_robomaker_residential_TV_02/model.sdf\n'}
[1.090201] (aws_robomaker_small_house_world) StdoutLine: {'line': b'-- Up-to-date: /home/frankie/ros2_ws/install/aws_robomaker_small_house_world/share/aws_robomaker_small_house_world/models/aws_robomaker_residential_PortraitB_02\n'}
[1.090297] (aws_robomaker_small_house_world) StdoutLine: {'line': b'-- Up-to-date: /home/frankie/ros2_ws/install/aws_robomaker_small_house_world/share/aws_robomaker_small_house_world/models/aws_robomaker_residential_PortraitB_02/materials\n'}
[1.090391] (aws_robomaker_small_house_world) StdoutLine: {'line': b'-- Up-to-date: /home/frankie/ros2_ws/install/aws_robomaker_small_house_world/share/aws_robomaker_small_house_world/models/aws_robomaker_residential_PortraitB_02/materials/textures\n'}
[1.090484] (aws_robomaker_small_house_world) StdoutLine: {'line': b'-- Up-to-date: /home/frankie/ros2_ws/install/aws_robomaker_small_house_world/share/aws_robomaker_small_house_world/models/aws_robomaker_residential_PortraitB_02/materials/textures/aws_PortraitB_02.png\n'}
[1.090578] (aws_robomaker_small_house_world) StdoutLine: {'line': b'-- Up-to-date: /home/frankie/ros2_ws/install/aws_robomaker_small_house_world/share/aws_robomaker_small_house_world/models/aws_robomaker_residential_PortraitB_02/materials/textures/aws_PortraitB_01.png\n'}
[1.090669] (aws_robomaker_small_house_world) StdoutLine: {'line': b'-- Up-to-date: /home/frankie/ros2_ws/install/aws_robomaker_small_house_world/share/aws_robomaker_small_house_world/models/aws_robomaker_residential_PortraitB_02/meshes\n'}
[1.090775] (aws_robomaker_small_house_world) StdoutLine: {'line': b'-- Up-to-date: /home/frankie/ros2_ws/install/aws_robomaker_small_house_world/share/aws_robomaker_small_house_world/models/aws_robomaker_residential_PortraitB_02/meshes/aws_PortraitB_01_collision.DAE\n'}
[1.090874] (aws_robomaker_small_house_world) StdoutLine: {'line': b'-- Up-to-date: /home/frankie/ros2_ws/install/aws_robomaker_small_house_world/share/aws_robomaker_small_house_world/models/aws_robomaker_residential_PortraitB_02/meshes/aws_PortraitB_01_visual.DAE\n'}
[1.093132] (aws_robomaker_small_house_world) StdoutLine: {'line': b'-- Up-to-date: /home/frankie/ros2_ws/install/aws_robomaker_small_house_world/share/aws_robomaker_small_house_world/models/aws_robomaker_residential_PortraitB_02/model.config\n'}
[1.093290] (aws_robomaker_small_house_world) StdoutLine: {'line': b'-- Up-to-date: /home/frankie/ros2_ws/install/aws_robomaker_small_house_world/share/aws_robomaker_small_house_world/models/aws_robomaker_residential_PortraitB_02/model.sdf\n'}
[1.096805] (aws_robomaker_small_house_world) StdoutLine: {'line': b'-- Up-to-date: /home/frankie/ros2_ws/install/aws_robomaker_small_house_world/share/aws_robomaker_small_house_world/models/aws_robomaker_residential_HouseWallB_01\n'}
[1.097035] (aws_robomaker_small_house_world) StdoutLine: {'line': b'-- Up-to-date: /home/frankie/ros2_ws/install/aws_robomaker_small_house_world/share/aws_robomaker_small_house_world/models/aws_robomaker_residential_HouseWallB_01/materials\n'}
[1.097138] (aws_robomaker_small_house_world) StdoutLine: {'line': b'-- Up-to-date: /home/frankie/ros2_ws/install/aws_robomaker_small_house_world/share/aws_robomaker_small_house_world/models/aws_robomaker_residential_HouseWallB_01/materials/textures\n'}
[1.097235] (aws_robomaker_small_house_world) StdoutLine: {'line': b'-- Up-to-date: /home/frankie/ros2_ws/install/aws_robomaker_small_house_world/share/aws_robomaker_small_house_world/models/aws_robomaker_residential_HouseWallB_01/materials/textures/aws_HouseWallB_01.png\n'}
[1.097333] (aws_robomaker_small_house_world) StdoutLine: {'line': b'-- Up-to-date: /home/frankie/ros2_ws/install/aws_robomaker_small_house_world/share/aws_robomaker_small_house_world/models/aws_robomaker_residential_HouseWallB_01/meshes\n'}
[1.097425] (aws_robomaker_small_house_world) StdoutLine: {'line': b'-- Up-to-date: /home/frankie/ros2_ws/install/aws_robomaker_small_house_world/share/aws_robomaker_small_house_world/models/aws_robomaker_residential_HouseWallB_01/meshes/aws_HouseWallB_01_collision.DAE\n'}
[1.097527] (aws_robomaker_small_house_world) StdoutLine: {'line': b'-- Up-to-date: /home/frankie/ros2_ws/install/aws_robomaker_small_house_world/share/aws_robomaker_small_house_world/models/aws_robomaker_residential_HouseWallB_01/meshes/aws_HouseWallB_01_visual.DAE\n'}
[1.097627] (aws_robomaker_small_house_world) StdoutLine: {'line': b'-- Up-to-date: /home/frankie/ros2_ws/install/aws_robomaker_small_house_world/share/aws_robomaker_small_house_world/models/aws_robomaker_residential_HouseWallB_01/model.config\n'}
[1.097721] (aws_robomaker_small_house_world) StdoutLine: {'line': b'-- Up-to-date: /home/frankie/ros2_ws/install/aws_robomaker_small_house_world/share/aws_robomaker_small_house_world/models/aws_robomaker_residential_HouseWallB_01/model.sdf\n'}
[1.097829] (aws_robomaker_small_house_world) StdoutLine: {'line': b'-- Up-to-date: /home/frankie/ros2_ws/install/aws_robomaker_small_house_world/share/aws_robomaker_small_house_world/models/aws_robomaker_residential_DeskPortraitD_03\n'}
[1.097926] (aws_robomaker_small_house_world) StdoutLine: {'line': b'-- Up-to-date: /home/frankie/ros2_ws/install/aws_robomaker_small_house_world/share/aws_robomaker_small_house_world/models/aws_robomaker_residential_DeskPortraitD_03/materials\n'}
[1.098040] (aws_robomaker_small_house_world) StdoutLine: {'line': b'-- Up-to-date: /home/frankie/ros2_ws/install/aws_robomaker_small_house_world/share/aws_robomaker_small_house_world/models/aws_robomaker_residential_DeskPortraitD_03/materials/textures\n'}
[1.098143] (aws_robomaker_small_house_world) StdoutLine: {'line': b'-- Up-to-date: /home/frankie/ros2_ws/install/aws_robomaker_small_house_world/share/aws_robomaker_small_house_world/models/aws_robomaker_residential_DeskPortraitD_03/materials/textures/aws_DeskPortraitD_02.png\n'}
[1.098265] (aws_robomaker_small_house_world) StdoutLine: {'line': b'-- Up-to-date: /home/frankie/ros2_ws/install/aws_robomaker_small_house_world/share/aws_robomaker_small_house_world/models/aws_robomaker_residential_DeskPortraitD_03/materials/textures/aws_DeskPortraitD_01.png\n'}
[1.098392] (aws_robomaker_small_house_world) StdoutLine: {'line': b'-- Up-to-date: /home/frankie/ros2_ws/install/aws_robomaker_small_house_world/share/aws_robomaker_small_house_world/models/aws_robomaker_residential_DeskPortraitD_03/meshes\n'}
[1.098507] (aws_robomaker_small_house_world) StdoutLine: {'line': b'-- Up-to-date: /home/frankie/ros2_ws/install/aws_robomaker_small_house_world/share/aws_robomaker_small_house_world/models/aws_robomaker_residential_DeskPortraitD_03/meshes/aws_DeskPortraitD_01_collision.DAE\n'}
[1.098621] (aws_robomaker_small_house_world) StdoutLine: {'line': b'-- Up-to-date: /home/frankie/ros2_ws/install/aws_robomaker_small_house_world/share/aws_robomaker_small_house_world/models/aws_robomaker_residential_DeskPortraitD_03/meshes/aws_DeskPortraitD_01_visual.DAE\n'}
[1.098724] (aws_robomaker_small_house_world) StdoutLine: {'line': b'-- Up-to-date: /home/frankie/ros2_ws/install/aws_robomaker_small_house_world/share/aws_robomaker_small_house_world/models/aws_robomaker_residential_DeskPortraitD_03/model.config\n'}
[1.098845] (aws_robomaker_small_house_world) StdoutLine: {'line': b'-- Up-to-date: /home/frankie/ros2_ws/install/aws_robomaker_small_house_world/share/aws_robomaker_small_house_world/models/aws_robomaker_residential_DeskPortraitD_03/model.sdf\n'}
[1.098955] (aws_robomaker_small_house_world) StdoutLine: {'line': b'-- Up-to-date: /home/frankie/ros2_ws/install/aws_robomaker_small_house_world/share/aws_robomaker_small_house_world/models/aws_robomaker_residential_DeskPortraitA_01\n'}
[1.099061] (aws_robomaker_small_house_world) StdoutLine: {'line': b'-- Up-to-date: /home/frankie/ros2_ws/install/aws_robomaker_small_house_world/share/aws_robomaker_small_house_world/models/aws_robomaker_residential_DeskPortraitA_01/materials\n'}
[1.099167] (aws_robomaker_small_house_world) StdoutLine: {'line': b'-- Up-to-date: /home/frankie/ros2_ws/install/aws_robomaker_small_house_world/share/aws_robomaker_small_house_world/models/aws_robomaker_residential_DeskPortraitA_01/materials/textures\n'}
[1.099263] (aws_robomaker_small_house_world) StdoutLine: {'line': b'-- Up-to-date: /home/frankie/ros2_ws/install/aws_robomaker_small_house_world/share/aws_robomaker_small_house_world/models/aws_robomaker_residential_DeskPortraitA_01/materials/textures/aws_DeskPortraitA_02.png\n'}
[1.099366] (aws_robomaker_small_house_world) StdoutLine: {'line': b'-- Up-to-date: /home/frankie/ros2_ws/install/aws_robomaker_small_house_world/share/aws_robomaker_small_house_world/models/aws_robomaker_residential_DeskPortraitA_01/materials/textures/aws_DeskPortraitA_01.png\n'}
[1.099469] (aws_robomaker_small_house_world) StdoutLine: {'line': b'-- Up-to-date: /home/frankie/ros2_ws/install/aws_robomaker_small_house_world/share/aws_robomaker_small_house_world/models/aws_robomaker_residential_DeskPortraitA_01/meshes\n'}
[1.099570] (aws_robomaker_small_house_world) StdoutLine: {'line': b'-- Up-to-date: /home/frankie/ros2_ws/install/aws_robomaker_small_house_world/share/aws_robomaker_small_house_world/models/aws_robomaker_residential_DeskPortraitA_01/meshes/aws_DeskPortraitA_01_collision.DAE\n'}
[1.099664] (aws_robomaker_small_house_world) StdoutLine: {'line': b'-- Up-to-date: /home/frankie/ros2_ws/install/aws_robomaker_small_house_world/share/aws_robomaker_small_house_world/models/aws_robomaker_residential_DeskPortraitA_01/meshes/aws_DeskPortraitA_01_visual.DAE\n'}
[1.100147] (aws_robomaker_small_house_world) StdoutLine: {'line': b'-- Up-to-date: /home/frankie/ros2_ws/install/aws_robomaker_small_house_world/share/aws_robomaker_small_house_world/models/aws_robomaker_residential_DeskPortraitA_01/model.config\n'}
[1.100292] (aws_robomaker_small_house_world) StdoutLine: {'line': b'-- Up-to-date: /home/frankie/ros2_ws/install/aws_robomaker_small_house_world/share/aws_robomaker_small_house_world/models/aws_robomaker_residential_DeskPortraitA_01/model.sdf\n'}
[1.100413] (aws_robomaker_small_house_world) StdoutLine: {'line': b'-- Up-to-date: /home/frankie/ros2_ws/install/aws_robomaker_small_house_world/share/aws_robomaker_small_house_world/models/aws_robomaker_residential_Rangehood_01\n'}
[1.100509] (aws_robomaker_small_house_world) StdoutLine: {'line': b'-- Up-to-date: /home/frankie/ros2_ws/install/aws_robomaker_small_house_world/share/aws_robomaker_small_house_world/models/aws_robomaker_residential_Rangehood_01/materials\n'}
[1.100605] (aws_robomaker_small_house_world) StdoutLine: {'line': b'-- Up-to-date: /home/frankie/ros2_ws/install/aws_robomaker_small_house_world/share/aws_robomaker_small_house_world/models/aws_robomaker_residential_Rangehood_01/materials/textures\n'}
[1.100832] (aws_robomaker_small_house_world) StdoutLine: {'line': b'-- Up-to-date: /home/frankie/ros2_ws/install/aws_robomaker_small_house_world/share/aws_robomaker_small_house_world/models/aws_robomaker_residential_Rangehood_01/materials/textures/aws_Rangehood_01.png\n'}
[1.101210] (aws_robomaker_small_house_world) StdoutLine: {'line': b'-- Up-to-date: /home/frankie/ros2_ws/install/aws_robomaker_small_house_world/share/aws_robomaker_small_house_world/models/aws_robomaker_residential_Rangehood_01/meshes\n'}
[1.101327] (aws_robomaker_small_house_world) StdoutLine: {'line': b'-- Up-to-date: /home/frankie/ros2_ws/install/aws_robomaker_small_house_world/share/aws_robomaker_small_house_world/models/aws_robomaker_residential_Rangehood_01/meshes/aws_Rangehood_01_collision.DAE\n'}
[1.101459] (aws_robomaker_small_house_world) StdoutLine: {'line': b'-- Up-to-date: /home/frankie/ros2_ws/install/aws_robomaker_small_house_world/share/aws_robomaker_small_house_world/models/aws_robomaker_residential_Rangehood_01/meshes/aws_Rangehood_01_visual.DAE\n'}
[1.101553] (aws_robomaker_small_house_world) StdoutLine: {'line': b'-- Up-to-date: /home/frankie/ros2_ws/install/aws_robomaker_small_house_world/share/aws_robomaker_small_house_world/models/aws_robomaker_residential_Rangehood_01/model.config\n'}
[1.101647] (aws_robomaker_small_house_world) StdoutLine: {'line': b'-- Up-to-date: /home/frankie/ros2_ws/install/aws_robomaker_small_house_world/share/aws_robomaker_small_house_world/models/aws_robomaker_residential_Rangehood_01/model.sdf\n'}
[1.102901] (aws_robomaker_small_house_world) StdoutLine: {'line': b'-- Up-to-date: /home/frankie/ros2_ws/install/aws_robomaker_small_house_world/share/aws_robomaker_small_house_world/models/aws_robomaker_residential_ReadingDesk_01\n'}
[1.103009] (aws_robomaker_small_house_world) StdoutLine: {'line': b'-- Up-to-date: /home/frankie/ros2_ws/install/aws_robomaker_small_house_world/share/aws_robomaker_small_house_world/models/aws_robomaker_residential_ReadingDesk_01/materials\n'}
[1.103101] (aws_robomaker_small_house_world) StdoutLine: {'line': b'-- Up-to-date: /home/frankie/ros2_ws/install/aws_robomaker_small_house_world/share/aws_robomaker_small_house_world/models/aws_robomaker_residential_ReadingDesk_01/materials/textures\n'}
[1.103194] (aws_robomaker_small_house_world) StdoutLine: {'line': b'-- Up-to-date: /home/frankie/ros2_ws/install/aws_robomaker_small_house_world/share/aws_robomaker_small_house_world/models/aws_robomaker_residential_ReadingDesk_01/materials/textures/aws_ReadingDesk_01.png\n'}
[1.103288] (aws_robomaker_small_house_world) StdoutLine: {'line': b'-- Up-to-date: /home/frankie/ros2_ws/install/aws_robomaker_small_house_world/share/aws_robomaker_small_house_world/models/aws_robomaker_residential_ReadingDesk_01/meshes\n'}
[1.103412] (aws_robomaker_small_house_world) StdoutLine: {'line': b'-- Up-to-date: /home/frankie/ros2_ws/install/aws_robomaker_small_house_world/share/aws_robomaker_small_house_world/models/aws_robomaker_residential_ReadingDesk_01/meshes/aws_ReadingDesk_01_collision.DAE\n'}
[1.103524] (aws_robomaker_small_house_world) StdoutLine: {'line': b'-- Up-to-date: /home/frankie/ros2_ws/install/aws_robomaker_small_house_world/share/aws_robomaker_small_house_world/models/aws_robomaker_residential_ReadingDesk_01/meshes/aws_ReadingDesk_01_visual.DAE\n'}
[1.103619] (aws_robomaker_small_house_world) StdoutLine: {'line': b'-- Up-to-date: /home/frankie/ros2_ws/install/aws_robomaker_small_house_world/share/aws_robomaker_small_house_world/models/aws_robomaker_residential_ReadingDesk_01/model.config\n'}
[1.104095] (aws_robomaker_small_house_world) StdoutLine: {'line': b'-- Up-to-date: /home/frankie/ros2_ws/install/aws_robomaker_small_house_world/share/aws_robomaker_small_house_world/models/aws_robomaker_residential_ReadingDesk_01/model.sdf\n'}
[1.104215] (aws_robomaker_small_house_world) StdoutLine: {'line': b'-- Up-to-date: /home/frankie/ros2_ws/install/aws_robomaker_small_house_world/share/aws_robomaker_small_house_world/models/aws_robomaker_residential_Wardrobe_01\n'}
[1.104321] (aws_robomaker_small_house_world) StdoutLine: {'line': b'-- Up-to-date: /home/frankie/ros2_ws/install/aws_robomaker_small_house_world/share/aws_robomaker_small_house_world/models/aws_robomaker_residential_Wardrobe_01/materials\n'}
[1.104424] (aws_robomaker_small_house_world) StdoutLine: {'line': b'-- Up-to-date: /home/frankie/ros2_ws/install/aws_robomaker_small_house_world/share/aws_robomaker_small_house_world/models/aws_robomaker_residential_Wardrobe_01/materials/textures\n'}
[1.104520] (aws_robomaker_small_house_world) StdoutLine: {'line': b'-- Up-to-date: /home/frankie/ros2_ws/install/aws_robomaker_small_house_world/share/aws_robomaker_small_house_world/models/aws_robomaker_residential_Wardrobe_01/materials/textures/aws_Wardrobe_01.png\n'}
[1.104619] (aws_robomaker_small_house_world) StdoutLine: {'line': b'-- Up-to-date: /home/frankie/ros2_ws/install/aws_robomaker_small_house_world/share/aws_robomaker_small_house_world/models/aws_robomaker_residential_Wardrobe_01/meshes\n'}
[1.104711] (aws_robomaker_small_house_world) StdoutLine: {'line': b'-- Up-to-date: /home/frankie/ros2_ws/install/aws_robomaker_small_house_world/share/aws_robomaker_small_house_world/models/aws_robomaker_residential_Wardrobe_01/meshes/aws_Wardrobe_01_visual.DAE\n'}
[1.104831] (aws_robomaker_small_house_world) StdoutLine: {'line': b'-- Up-to-date: /home/frankie/ros2_ws/install/aws_robomaker_small_house_world/share/aws_robomaker_small_house_world/models/aws_robomaker_residential_Wardrobe_01/meshes/aws_Wardrobe_01_collision.DAE\n'}
[1.104933] (aws_robomaker_small_house_world) StdoutLine: {'line': b'-- Up-to-date: /home/frankie/ros2_ws/install/aws_robomaker_small_house_world/share/aws_robomaker_small_house_world/models/aws_robomaker_residential_Wardrobe_01/model.config\n'}
[1.105021] (aws_robomaker_small_house_world) StdoutLine: {'line': b'-- Up-to-date: /home/frankie/ros2_ws/install/aws_robomaker_small_house_world/share/aws_robomaker_small_house_world/models/aws_robomaker_residential_Wardrobe_01/model.sdf\n'}
[1.105120] (aws_robomaker_small_house_world) StdoutLine: {'line': b'-- Up-to-date: /home/frankie/ros2_ws/install/aws_robomaker_small_house_world/share/aws_robomaker_small_house_world/models/aws_robomaker_residential_KitchenUtensils_01\n'}
[1.105216] (aws_robomaker_small_house_world) StdoutLine: {'line': b'-- Up-to-date: /home/frankie/ros2_ws/install/aws_robomaker_small_house_world/share/aws_robomaker_small_house_world/models/aws_robomaker_residential_KitchenUtensils_01/materials\n'}
[1.105309] (aws_robomaker_small_house_world) StdoutLine: {'line': b'-- Up-to-date: /home/frankie/ros2_ws/install/aws_robomaker_small_house_world/share/aws_robomaker_small_house_world/models/aws_robomaker_residential_KitchenUtensils_01/materials/textures\n'}
[1.105401] (aws_robomaker_small_house_world) StdoutLine: {'line': b'-- Up-to-date: /home/frankie/ros2_ws/install/aws_robomaker_small_house_world/share/aws_robomaker_small_house_world/models/aws_robomaker_residential_KitchenUtensils_01/materials/textures/aws_KitchenUtensils_01.png\n'}
[1.105500] (aws_robomaker_small_house_world) StdoutLine: {'line': b'-- Up-to-date: /home/frankie/ros2_ws/install/aws_robomaker_small_house_world/share/aws_robomaker_small_house_world/models/aws_robomaker_residential_KitchenUtensils_01/meshes\n'}
[1.105594] (aws_robomaker_small_house_world) StdoutLine: {'line': b'-- Up-to-date: /home/frankie/ros2_ws/install/aws_robomaker_small_house_world/share/aws_robomaker_small_house_world/models/aws_robomaker_residential_KitchenUtensils_01/meshes/aws_KitchenUtensils_01_collision.DAE\n'}
[1.105689] (aws_robomaker_small_house_world) StdoutLine: {'line': b'-- Up-to-date: /home/frankie/ros2_ws/install/aws_robomaker_small_house_world/share/aws_robomaker_small_house_world/models/aws_robomaker_residential_KitchenUtensils_01/meshes/aws_KitchenUtensils_01_visual.DAE\n'}
[1.105809] (aws_robomaker_small_house_world) StdoutLine: {'line': b'-- Up-to-date: /home/frankie/ros2_ws/install/aws_robomaker_small_house_world/share/aws_robomaker_small_house_world/models/aws_robomaker_residential_KitchenUtensils_01/model.config\n'}
[1.105920] (aws_robomaker_small_house_world) StdoutLine: {'line': b'-- Up-to-date: /home/frankie/ros2_ws/install/aws_robomaker_small_house_world/share/aws_robomaker_small_house_world/models/aws_robomaker_residential_KitchenUtensils_01/model.sdf\n'}
[1.106025] (aws_robomaker_small_house_world) StdoutLine: {'line': b'-- Up-to-date: /home/frankie/ros2_ws/install/aws_robomaker_small_house_world/share/aws_robomaker_small_house_world/models/aws_robomaker_residential_RoomWindow_01\n'}
[1.106125] (aws_robomaker_small_house_world) StdoutLine: {'line': b'-- Up-to-date: /home/frankie/ros2_ws/install/aws_robomaker_small_house_world/share/aws_robomaker_small_house_world/models/aws_robomaker_residential_RoomWindow_01/materials\n'}
[1.106219] (aws_robomaker_small_house_world) StdoutLine: {'line': b'-- Up-to-date: /home/frankie/ros2_ws/install/aws_robomaker_small_house_world/share/aws_robomaker_small_house_world/models/aws_robomaker_residential_RoomWindow_01/materials/textures\n'}
[1.106314] (aws_robomaker_small_house_world) StdoutLine: {'line': b'-- Up-to-date: /home/frankie/ros2_ws/install/aws_robomaker_small_house_world/share/aws_robomaker_small_house_world/models/aws_robomaker_residential_RoomWindow_01/materials/textures/aws_RoomWindow_01.png\n'}
[1.106407] (aws_robomaker_small_house_world) StdoutLine: {'line': b'-- Up-to-date: /home/frankie/ros2_ws/install/aws_robomaker_small_house_world/share/aws_robomaker_small_house_world/models/aws_robomaker_residential_RoomWindow_01/meshes\n'}
[1.106501] (aws_robomaker_small_house_world) StdoutLine: {'line': b'-- Up-to-date: /home/frankie/ros2_ws/install/aws_robomaker_small_house_world/share/aws_robomaker_small_house_world/models/aws_robomaker_residential_RoomWindow_01/meshes/aws_RoomWindow_01_visual.DAE\n'}
[1.108023] (aws_robomaker_small_house_world) StdoutLine: {'line': b'-- Up-to-date: /home/frankie/ros2_ws/install/aws_robomaker_small_house_world/share/aws_robomaker_small_house_world/models/aws_robomaker_residential_RoomWindow_01/meshes/aws_RoomWindow_01_collision.DAE\n'}
[1.108174] (aws_robomaker_small_house_world) StdoutLine: {'line': b'-- Up-to-date: /home/frankie/ros2_ws/install/aws_robomaker_small_house_world/share/aws_robomaker_small_house_world/models/aws_robomaker_residential_RoomWindow_01/model.config\n'}
[1.108266] (aws_robomaker_small_house_world) StdoutLine: {'line': b'-- Up-to-date: /home/frankie/ros2_ws/install/aws_robomaker_small_house_world/share/aws_robomaker_small_house_world/models/aws_robomaker_residential_RoomWindow_01/model.sdf\n'}
[1.108383] (aws_robomaker_small_house_world) StdoutLine: {'line': b'-- Up-to-date: /home/frankie/ros2_ws/install/aws_robomaker_small_house_world/share/aws_robomaker_small_house_world/models/aws_robomaker_residential_Carpet_01\n'}
[1.108488] (aws_robomaker_small_house_world) StdoutLine: {'line': b'-- Up-to-date: /home/frankie/ros2_ws/install/aws_robomaker_small_house_world/share/aws_robomaker_small_house_world/models/aws_robomaker_residential_Carpet_01/materials\n'}
[1.108603] (aws_robomaker_small_house_world) StdoutLine: {'line': b'-- Up-to-date: /home/frankie/ros2_ws/install/aws_robomaker_small_house_world/share/aws_robomaker_small_house_world/models/aws_robomaker_residential_Carpet_01/materials/textures\n'}
[1.108708] (aws_robomaker_small_house_world) StdoutLine: {'line': b'-- Up-to-date: /home/frankie/ros2_ws/install/aws_robomaker_small_house_world/share/aws_robomaker_small_house_world/models/aws_robomaker_residential_Carpet_01/materials/textures/aws_Carpet_01.png\n'}
[1.108825] (aws_robomaker_small_house_world) StdoutLine: {'line': b'-- Up-to-date: /home/frankie/ros2_ws/install/aws_robomaker_small_house_world/share/aws_robomaker_small_house_world/models/aws_robomaker_residential_Carpet_01/meshes\n'}
[1.108918] (-) TimerEvent: {}
[1.109221] (aws_robomaker_small_house_world) StdoutLine: {'line': b'-- Up-to-date: /home/frankie/ros2_ws/install/aws_robomaker_small_house_world/share/aws_robomaker_small_house_world/models/aws_robomaker_residential_Carpet_01/meshes/aws_Carpet_01_collision.DAE\n'}
[1.109340] (aws_robomaker_small_house_world) StdoutLine: {'line': b'-- Up-to-date: /home/frankie/ros2_ws/install/aws_robomaker_small_house_world/share/aws_robomaker_small_house_world/models/aws_robomaker_residential_Carpet_01/meshes/aws_Carpet_01_visual.DAE\n'}
[1.109439] (aws_robomaker_small_house_world) StdoutLine: {'line': b'-- Up-to-date: /home/frankie/ros2_ws/install/aws_robomaker_small_house_world/share/aws_robomaker_small_house_world/models/aws_robomaker_residential_Carpet_01/model.config\n'}
[1.109528] (aws_robomaker_small_house_world) StdoutLine: {'line': b'-- Up-to-date: /home/frankie/ros2_ws/install/aws_robomaker_small_house_world/share/aws_robomaker_small_house_world/models/aws_robomaker_residential_Carpet_01/model.sdf\n'}
[1.109618] (aws_robomaker_small_house_world) StdoutLine: {'line': b'-- Up-to-date: /home/frankie/ros2_ws/install/aws_robomaker_small_house_world/share/aws_robomaker_small_house_world/models/aws_robomaker_residential_DeskPortraitC_02\n'}
[1.109717] (aws_robomaker_small_house_world) StdoutLine: {'line': b'-- Up-to-date: /home/frankie/ros2_ws/install/aws_robomaker_small_house_world/share/aws_robomaker_small_house_world/models/aws_robomaker_residential_DeskPortraitC_02/materials\n'}
[1.109824] (aws_robomaker_small_house_world) StdoutLine: {'line': b'-- Up-to-date: /home/frankie/ros2_ws/install/aws_robomaker_small_house_world/share/aws_robomaker_small_house_world/models/aws_robomaker_residential_DeskPortraitC_02/materials/textures\n'}
[1.109920] (aws_robomaker_small_house_world) StdoutLine: {'line': b'-- Up-to-date: /home/frankie/ros2_ws/install/aws_robomaker_small_house_world/share/aws_robomaker_small_house_world/models/aws_robomaker_residential_DeskPortraitC_02/materials/textures/aws_DeskPortraitC_02.png\n'}
[1.110863] (aws_robomaker_small_house_world) StdoutLine: {'line': b'-- Up-to-date: /home/frankie/ros2_ws/install/aws_robomaker_small_house_world/share/aws_robomaker_small_house_world/models/aws_robomaker_residential_DeskPortraitC_02/materials/textures/aws_DeskPortraitC_01.png\n'}
[1.111041] (aws_robomaker_small_house_world) StdoutLine: {'line': b'-- Up-to-date: /home/frankie/ros2_ws/install/aws_robomaker_small_house_world/share/aws_robomaker_small_house_world/models/aws_robomaker_residential_DeskPortraitC_02/meshes\n'}
[1.111130] (aws_robomaker_small_house_world) StdoutLine: {'line': b'-- Up-to-date: /home/frankie/ros2_ws/install/aws_robomaker_small_house_world/share/aws_robomaker_small_house_world/models/aws_robomaker_residential_DeskPortraitC_02/meshes/aws_DeskPortraitC_01_collision.DAE\n'}
[1.111217] (aws_robomaker_small_house_world) StdoutLine: {'line': b'-- Up-to-date: /home/frankie/ros2_ws/install/aws_robomaker_small_house_world/share/aws_robomaker_small_house_world/models/aws_robomaker_residential_DeskPortraitC_02/meshes/aws_DeskPortraitC_01_visual.DAE\n'}
[1.111321] (aws_robomaker_small_house_world) StdoutLine: {'line': b'-- Up-to-date: /home/frankie/ros2_ws/install/aws_robomaker_small_house_world/share/aws_robomaker_small_house_world/models/aws_robomaker_residential_DeskPortraitC_02/model.config\n'}
[1.111424] (aws_robomaker_small_house_world) StdoutLine: {'line': b'-- Up-to-date: /home/frankie/ros2_ws/install/aws_robomaker_small_house_world/share/aws_robomaker_small_house_world/models/aws_robomaker_residential_DeskPortraitC_02/model.sdf\n'}
[1.111522] (aws_robomaker_small_house_world) StdoutLine: {'line': b'-- Up-to-date: /home/frankie/ros2_ws/install/aws_robomaker_small_house_world/share/aws_robomaker_small_house_world/models/aws_robomaker_residential_LightC_01\n'}
[1.111619] (aws_robomaker_small_house_world) StdoutLine: {'line': b'-- Up-to-date: /home/frankie/ros2_ws/install/aws_robomaker_small_house_world/share/aws_robomaker_small_house_world/models/aws_robomaker_residential_LightC_01/materials\n'}
[1.111729] (aws_robomaker_small_house_world) StdoutLine: {'line': b'-- Up-to-date: /home/frankie/ros2_ws/install/aws_robomaker_small_house_world/share/aws_robomaker_small_house_world/models/aws_robomaker_residential_LightC_01/materials/textures\n'}
[1.111856] (aws_robomaker_small_house_world) StdoutLine: {'line': b'-- Up-to-date: /home/frankie/ros2_ws/install/aws_robomaker_small_house_world/share/aws_robomaker_small_house_world/models/aws_robomaker_residential_LightC_01/materials/textures/aws_LightC_01.png\n'}
[1.111954] (aws_robomaker_small_house_world) StdoutLine: {'line': b'-- Up-to-date: /home/frankie/ros2_ws/install/aws_robomaker_small_house_world/share/aws_robomaker_small_house_world/models/aws_robomaker_residential_LightC_01/meshes\n'}
[1.112062] (aws_robomaker_small_house_world) StdoutLine: {'line': b'-- Up-to-date: /home/frankie/ros2_ws/install/aws_robomaker_small_house_world/share/aws_robomaker_small_house_world/models/aws_robomaker_residential_LightC_01/meshes/aws_LightC_01_collision.DAE\n'}
[1.112176] (aws_robomaker_small_house_world) StdoutLine: {'line': b'-- Up-to-date: /home/frankie/ros2_ws/install/aws_robomaker_small_house_world/share/aws_robomaker_small_house_world/models/aws_robomaker_residential_LightC_01/meshes/aws_LightC_01_visual.DAE\n'}
[1.112286] (aws_robomaker_small_house_world) StdoutLine: {'line': b'-- Up-to-date: /home/frankie/ros2_ws/install/aws_robomaker_small_house_world/share/aws_robomaker_small_house_world/models/aws_robomaker_residential_LightC_01/model.config\n'}
[1.112396] (aws_robomaker_small_house_world) StdoutLine: {'line': b'-- Up-to-date: /home/frankie/ros2_ws/install/aws_robomaker_small_house_world/share/aws_robomaker_small_house_world/models/aws_robomaker_residential_LightC_01/model.sdf\n'}
[1.112501] (aws_robomaker_small_house_world) StdoutLine: {'line': b'-- Up-to-date: /home/frankie/ros2_ws/install/aws_robomaker_small_house_world/share/aws_robomaker_small_house_world/worlds\n'}
[1.112604] (aws_robomaker_small_house_world) StdoutLine: {'line': b'-- Up-to-date: /home/frankie/ros2_ws/install/aws_robomaker_small_house_world/share/aws_robomaker_small_house_world/worlds/kitchen_table.world\n'}
[1.112692] (aws_robomaker_small_house_world) StdoutLine: {'line': b'-- Up-to-date: /home/frankie/ros2_ws/install/aws_robomaker_small_house_world/share/aws_robomaker_small_house_world/worlds/empty.world\n'}
[1.112804] (aws_robomaker_small_house_world) StdoutLine: {'line': b'-- Up-to-date: /home/frankie/ros2_ws/install/aws_robomaker_small_house_world/share/aws_robomaker_small_house_world/worlds/small_house.world\n'}
[1.112907] (aws_robomaker_small_house_world) StdoutLine: {'line': b'-- Up-to-date: /home/frankie/ros2_ws/install/aws_robomaker_small_house_world/share/aws_robomaker_small_house_world/maps\n'}
[1.113000] (aws_robomaker_small_house_world) StdoutLine: {'line': b'-- Up-to-date: /home/frankie/ros2_ws/install/aws_robomaker_small_house_world/share/aws_robomaker_small_house_world/maps/turtlebot3_waffle_pi\n'}
[1.113092] (aws_robomaker_small_house_world) StdoutLine: {'line': b'-- Up-to-date: /home/frankie/ros2_ws/install/aws_robomaker_small_house_world/share/aws_robomaker_small_house_world/maps/turtlebot3_waffle_pi/map.pgm\n'}
[1.113210] (aws_robomaker_small_house_world) StdoutLine: {'line': b'-- Up-to-date: /home/frankie/ros2_ws/install/aws_robomaker_small_house_world/share/aws_robomaker_small_house_world/maps/turtlebot3_waffle_pi/map.yaml\n'}
[1.113311] (aws_robomaker_small_house_world) StdoutLine: {'line': b'-- Up-to-date: /home/frankie/ros2_ws/install/aws_robomaker_small_house_world/share/aws_robomaker_small_house_world/photos\n'}
[1.113411] (aws_robomaker_small_house_world) StdoutLine: {'line': b'-- Up-to-date: /home/frankie/ros2_ws/install/aws_robomaker_small_house_world/share/aws_robomaker_small_house_world/photos/PortraitB_01.jpg\n'}
[1.113511] (aws_robomaker_small_house_world) StdoutLine: {'line': b'-- Up-to-date: /home/frankie/ros2_ws/install/aws_robomaker_small_house_world/share/aws_robomaker_small_house_world/photos/PortraitB_02.jpg\n'}
[1.113609] (aws_robomaker_small_house_world) StdoutLine: {'line': b'-- Up-to-date: /home/frankie/ros2_ws/install/aws_robomaker_small_house_world/share/aws_robomaker_small_house_world/photos/PortraitA_01.jpg\n'}
[1.113709] (aws_robomaker_small_house_world) StdoutLine: {'line': b'-- Up-to-date: /home/frankie/ros2_ws/install/aws_robomaker_small_house_world/share/aws_robomaker_small_house_world/photos/PortraitB_03.jpg\n'}
[1.115900] (aws_robomaker_small_house_world) StdoutLine: {'line': b'-- Up-to-date: /home/frankie/ros2_ws/install/aws_robomaker_small_house_world/share/aws_robomaker_small_house_world/photos/PortraitD_02.jpg\n'}
[1.116031] (aws_robomaker_small_house_world) StdoutLine: {'line': b'-- Up-to-date: /home/frankie/ros2_ws/install/aws_robomaker_small_house_world/share/aws_robomaker_small_house_world/photos/DeskPortraitD_04.jpg\n'}
[1.116125] (aws_robomaker_small_house_world) StdoutLine: {'line': b'-- Up-to-date: /home/frankie/ros2_ws/install/aws_robomaker_small_house_world/share/aws_robomaker_small_house_world/photos/DeskPortraitB_02.jpg\n'}
[1.116216] (aws_robomaker_small_house_world) StdoutLine: {'line': b'-- Up-to-date: /home/frankie/ros2_ws/install/aws_robomaker_small_house_world/share/aws_robomaker_small_house_world/photos/PortraitE_02.jpg\n'}
[1.116317] (aws_robomaker_small_house_world) StdoutLine: {'line': b'-- Up-to-date: /home/frankie/ros2_ws/install/aws_robomaker_small_house_world/share/aws_robomaker_small_house_world/photos/DeskPortraitB_01.jpg\n'}
[1.116440] (aws_robomaker_small_house_world) StdoutLine: {'line': b'-- Up-to-date: /home/frankie/ros2_ws/install/aws_robomaker_small_house_world/share/aws_robomaker_small_house_world/photos/DeskPortraitD_01.jpg\n'}
[1.116543] (aws_robomaker_small_house_world) StdoutLine: {'line': b'-- Up-to-date: /home/frankie/ros2_ws/install/aws_robomaker_small_house_world/share/aws_robomaker_small_house_world/photos/DeskPortraitA_02.jpg\n'}
[1.116665] (aws_robomaker_small_house_world) StdoutLine: {'line': b'-- Up-to-date: /home/frankie/ros2_ws/install/aws_robomaker_small_house_world/share/aws_robomaker_small_house_world/photos/PortraitE_01.jpg\n'}
[1.116777] (aws_robomaker_small_house_world) StdoutLine: {'line': b'-- Up-to-date: /home/frankie/ros2_ws/install/aws_robomaker_small_house_world/share/aws_robomaker_small_house_world/photos/PortraitA_02.jpg\n'}
[1.116891] (aws_robomaker_small_house_world) StdoutLine: {'line': b'-- Up-to-date: /home/frankie/ros2_ws/install/aws_robomaker_small_house_world/share/aws_robomaker_small_house_world/photos/PortraitD_01.jpg\n'}
[1.117002] (aws_robomaker_small_house_world) StdoutLine: {'line': b'-- Up-to-date: /home/frankie/ros2_ws/install/aws_robomaker_small_house_world/share/aws_robomaker_small_house_world/photos/DeskPortraitC_01.jpg\n'}
[1.117106] (aws_robomaker_small_house_world) StdoutLine: {'line': b'-- Up-to-date: /home/frankie/ros2_ws/install/aws_robomaker_small_house_world/share/aws_robomaker_small_house_world/photos/PortraitC_01.jpg\n'}
[1.117210] (aws_robomaker_small_house_world) StdoutLine: {'line': b'-- Up-to-date: /home/frankie/ros2_ws/install/aws_robomaker_small_house_world/share/aws_robomaker_small_house_world/photos/DeskPortraitD_03.jpg\n'}
[1.117311] (aws_robomaker_small_house_world) StdoutLine: {'line': b'-- Up-to-date: /home/frankie/ros2_ws/install/aws_robomaker_small_house_world/share/aws_robomaker_small_house_world/photos/DeskPortraitD_02.jpg\n'}
[1.117427] (aws_robomaker_small_house_world) StdoutLine: {'line': b'-- Up-to-date: /home/frankie/ros2_ws/install/aws_robomaker_small_house_world/share/aws_robomaker_small_house_world/photos/DeskPortraitC_02.jpg\n'}
[1.117539] (aws_robomaker_small_house_world) StdoutLine: {'line': b'-- Up-to-date: /home/frankie/ros2_ws/install/aws_robomaker_small_house_world/share/aws_robomaker_small_house_world/photos/DeskPortraitA_01.jpg\n'}
[1.117646] (aws_robomaker_small_house_world) StdoutLine: {'line': b'-- Up-to-date: /home/frankie/ros2_ws/install/aws_robomaker_small_house_world/share/aws_robomaker_small_house_world/param\n'}
[1.117749] (aws_robomaker_small_house_world) StdoutLine: {'line': b'-- Up-to-date: /home/frankie/ros2_ws/install/aws_robomaker_small_house_world/share/aws_robomaker_small_house_world/param/waffle_pi.yaml\n'}
[1.117883] (aws_robomaker_small_house_world) StdoutLine: {'line': b'-- Up-to-date: /home/frankie/ros2_ws/install/aws_robomaker_small_house_world/share/aws_robomaker_small_house_world/routes\n'}
[1.118004] (aws_robomaker_small_house_world) StdoutLine: {'line': b'-- Up-to-date: /home/frankie/ros2_ws/install/aws_robomaker_small_house_world/share/aws_robomaker_small_house_world/routes/route.yaml\n'}
[1.118107] (aws_robomaker_small_house_world) StdoutLine: {'line': b'-- Up-to-date: /home/frankie/ros2_ws/install/aws_robomaker_small_house_world/share/ament_index/resource_index/package_run_dependencies/aws_robomaker_small_house_world\n'}
[1.118215] (aws_robomaker_small_house_world) StdoutLine: {'line': b'-- Up-to-date: /home/frankie/ros2_ws/install/aws_robomaker_small_house_world/share/ament_index/resource_index/parent_prefix_path/aws_robomaker_small_house_world\n'}
[1.118319] (aws_robomaker_small_house_world) StdoutLine: {'line': b'-- Up-to-date: /home/frankie/ros2_ws/install/aws_robomaker_small_house_world/share/aws_robomaker_small_house_world/environment/ament_prefix_path.sh\n'}
[1.118417] (aws_robomaker_small_house_world) StdoutLine: {'line': b'-- Up-to-date: /home/frankie/ros2_ws/install/aws_robomaker_small_house_world/share/aws_robomaker_small_house_world/environment/ament_prefix_path.dsv\n'}
[1.118518] (aws_robomaker_small_house_world) StdoutLine: {'line': b'-- Up-to-date: /home/frankie/ros2_ws/install/aws_robomaker_small_house_world/share/aws_robomaker_small_house_world/environment/path.sh\n'}
[1.118627] (aws_robomaker_small_house_world) StdoutLine: {'line': b'-- Up-to-date: /home/frankie/ros2_ws/install/aws_robomaker_small_house_world/share/aws_robomaker_small_house_world/environment/path.dsv\n'}
[1.118727] (aws_robomaker_small_house_world) StdoutLine: {'line': b'-- Up-to-date: /home/frankie/ros2_ws/install/aws_robomaker_small_house_world/share/aws_robomaker_small_house_world/local_setup.bash\n'}
[1.119149] (aws_robomaker_small_house_world) StdoutLine: {'line': b'-- Up-to-date: /home/frankie/ros2_ws/install/aws_robomaker_small_house_world/share/aws_robomaker_small_house_world/local_setup.sh\n'}
[1.119278] (aws_robomaker_small_house_world) StdoutLine: {'line': b'-- Up-to-date: /home/frankie/ros2_ws/install/aws_robomaker_small_house_world/share/aws_robomaker_small_house_world/local_setup.zsh\n'}
[1.119372] (aws_robomaker_small_house_world) StdoutLine: {'line': b'-- Up-to-date: /home/frankie/ros2_ws/install/aws_robomaker_small_house_world/share/aws_robomaker_small_house_world/local_setup.dsv\n'}
[1.119470] (aws_robomaker_small_house_world) StdoutLine: {'line': b'-- Installing: /home/frankie/ros2_ws/install/aws_robomaker_small_house_world/share/aws_robomaker_small_house_world/package.dsv\n'}
[1.119568] (aws_robomaker_small_house_world) StdoutLine: {'line': b'-- Up-to-date: /home/frankie/ros2_ws/install/aws_robomaker_small_house_world/share/ament_index/resource_index/packages/aws_robomaker_small_house_world\n'}
[1.119669] (aws_robomaker_small_house_world) StdoutLine: {'line': b'-- Up-to-date: /home/frankie/ros2_ws/install/aws_robomaker_small_house_world/share/aws_robomaker_small_house_world/cmake/ament_cmake_export_dependencies-extras.cmake\n'}
[1.119784] (aws_robomaker_small_house_world) StdoutLine: {'line': b'-- Up-to-date: /home/frankie/ros2_ws/install/aws_robomaker_small_house_world/share/aws_robomaker_small_house_world/cmake/aws_robomaker_small_house_worldConfig.cmake\n'}
[1.119906] (aws_robomaker_small_house_world) StdoutLine: {'line': b'-- Up-to-date: /home/frankie/ros2_ws/install/aws_robomaker_small_house_world/share/aws_robomaker_small_house_world/cmake/aws_robomaker_small_house_worldConfig-version.cmake\n'}
[1.120011] (aws_robomaker_small_house_world) StdoutLine: {'line': b'-- Up-to-date: /home/frankie/ros2_ws/install/aws_robomaker_small_house_world/share/aws_robomaker_small_house_world/package.xml\n'}
[1.120105] (aws_robomaker_small_house_world) CommandEnded: {'returncode': 0}
[1.121338] (aws_robomaker_small_house_world) JobEnded: {'identifier': 'aws_robomaker_small_house_world', 'rc': 0}
[1.209052] (-) TimerEvent: {}
[1.309421] (-) TimerEvent: {}
[1.409850] (-) TimerEvent: {}
[1.510319] (-) TimerEvent: {}
[1.610652] (-) TimerEvent: {}
[1.619530] (growbot_bringup) Command: {'cmd': ['/usr/bin/python3', '-W', 'ignore:setup.py install is deprecated', '-W', 'ignore:easy_install command is deprecated', 'setup.py', 'egg_info', '--egg-base', '../../build/growbot_bringup', 'build', '--build-base', '/home/frankie/ros2_ws/build/growbot_bringup/build', 'install', '--record', '/home/frankie/ros2_ws/build/growbot_bringup/install.log', '--single-version-externally-managed', 'install_data'], 'cwd': '/home/frankie/ros2_ws/src/growbot_bringup', 'env': {'LESSOPEN': '| /usr/bin/lesspipe %s', 'USER': 'frankie', 'XDG_SESSION_TYPE': 'wayland', 'SHLVL': '1', 'LD_LIBRARY_PATH': '/usr/lib/x86_64-linux-gnu/gazebo-11/plugins:/opt/ros/humble/opt/rviz_ogre_vendor/lib:/opt/ros/humble/lib/x86_64-linux-gnu:/opt/ros/humble/lib', 'HOME': '/home/frankie', 'DESKTOP_SESSION': 'ubuntu', 'ROS_PYTHON_VERSION': '3', 'GNOME_SHELL_SESSION_MODE': 'ubuntu', 'GTK_MODULES': 'gail:atk-bridge', 'SYSTEMD_EXEC_PID': '6622', 'DBUS_SESSION_BUS_ADDRESS': 'unix:path=/run/user/1000/bus', 'COLORTERM': 'truecolor', 'IM_CONFIG_PHASE': '1', 'WAYLAND_DISPLAY': 'wayland-0', 'COLCON_PREFIX_PATH': '/home/frankie/ros2_ws/install', 'ROS_DISTRO': 'humble', 'LOGNAME': 'frankie', '_': '/usr/bin/colcon', 'ROS_VERSION': '2', 'XDG_SESSION_CLASS': 'user', 'USERNAME': 'frankie', 'TERM': 'xterm-256color', 'GNOME_DESKTOP_SESSION_ID': 'this-is-deprecated', 'ROS_LOCALHOST_ONLY': '0', 'PATH': '/opt/ros/humble/bin:/usr/local/sbin:/usr/local/bin:/usr/sbin:/usr/bin:/sbin:/bin:/usr/games:/usr/local/games:/snap/bin:/snap/bin', 'SESSION_MANAGER': 'local/frankie-VivoBook-ASUSLaptop-X513EAN-K513EA:@/tmp/.ICE-unix/1035,unix/frankie-VivoBook-ASUSLaptop-X513EAN-K513EA:/tmp/.ICE-unix/1035', 'XDG_MENU_PREFIX': 'gnome-', 'GNOME_TERMINAL_SCREEN': '/org/gnome/Terminal/screen/14380e2f_39bd_48c8_b0ec_557326c5744d', 'GNOME_SETUP_DISPLAY': ':1', 'XDG_RUNTIME_DIR': '/run/user/1000', 'DISPLAY': ':0', 'LANG': 'en_US.UTF-8', 'XDG_CURRENT_DESKTOP': 'ubuntu:GNOME', 'XMODIFIERS': '@im=ibus', 'XDG_SESSION_DESKTOP': 'ubuntu', 'XAUTHORITY': '/run/user/1000/.mutter-Xwaylandauth.AN7UO3', 'LS_COLORS': 'rs=0:di=01;34:ln=01;36:mh=00:pi=40;33:so=01;35:do=01;35:bd=40;33;01:cd=40;33;01:or=40;31;01:mi=00:su=37;41:sg=30;43:ca=30;41:tw=30;42:ow=34;42:st=37;44:ex=01;32:*.tar=01;31:*.tgz=01;31:*.arc=01;31:*.arj=01;31:*.taz=01;31:*.lha=01;31:*.lz4=01;31:*.lzh=01;31:*.lzma=01;31:*.tlz=01;31:*.txz=01;31:*.tzo=01;31:*.t7z=01;31:*.zip=01;31:*.z=01;31:*.dz=01;31:*.gz=01;31:*.lrz=01;31:*.lz=01;31:*.lzo=01;31:*.xz=01;31:*.zst=01;31:*.tzst=01;31:*.bz2=01;31:*.bz=01;31:*.tbz=01;31:*.tbz2=01;31:*.tz=01;31:*.deb=01;31:*.rpm=01;31:*.jar=01;31:*.war=01;31:*.ear=01;31:*.sar=01;31:*.rar=01;31:*.alz=01;31:*.ace=01;31:*.zoo=01;31:*.cpio=01;31:*.7z=01;31:*.rz=01;31:*.cab=01;31:*.wim=01;31:*.swm=01;31:*.dwm=01;31:*.esd=01;31:*.jpg=01;35:*.jpeg=01;35:*.mjpg=01;35:*.mjpeg=01;35:*.gif=01;35:*.bmp=01;35:*.pbm=01;35:*.pgm=01;35:*.ppm=01;35:*.tga=01;35:*.xbm=01;35:*.xpm=01;35:*.tif=01;35:*.tiff=01;35:*.png=01;35:*.svg=01;35:*.svgz=01;35:*.mng=01;35:*.pcx=01;35:*.mov=01;35:*.mpg=01;35:*.mpeg=01;35:*.m2v=01;35:*.mkv=01;35:*.webm=01;35:*.webp=01;35:*.ogm=01;35:*.mp4=01;35:*.m4v=01;35:*.mp4v=01;35:*.vob=01;35:*.qt=01;35:*.nuv=01;35:*.wmv=01;35:*.asf=01;35:*.rm=01;35:*.rmvb=01;35:*.flc=01;35:*.avi=01;35:*.fli=01;35:*.flv=01;35:*.gl=01;35:*.dl=01;35:*.xcf=01;35:*.xwd=01;35:*.yuv=01;35:*.cgm=01;35:*.emf=01;35:*.ogv=01;35:*.ogx=01;35:*.aac=00;36:*.au=00;36:*.flac=00;36:*.m4a=00;36:*.mid=00;36:*.midi=00;36:*.mka=00;36:*.mp3=00;36:*.mpc=00;36:*.ogg=00;36:*.ra=00;36:*.wav=00;36:*.oga=00;36:*.opus=00;36:*.spx=00;36:*.xspf=00;36:', 'GNOME_TERMINAL_SERVICE': ':1.146', 'SSH_AGENT_LAUNCHER': 'gnome-keyring', 'SSH_AUTH_SOCK': '/run/user/1000/keyring/ssh', 'AMENT_PREFIX_PATH': '/home/frankie/ros2_ws/install/nav2_wfd:/home/frankie/ros2_ws/install/growbot_bringup:/home/frankie/ros2_ws/install/aws_robomaker_small_house_world:/opt/ros/humble', 'SHELL': '/bin/bash', 'QT_ACCESSIBILITY': '1', 'GDMSESSION': 'ubuntu', 'LESSCLOSE': '/usr/bin/lesspipe %s %s', 'QT_IM_MODULE': 'ibus', 'PWD': '/home/frankie/ros2_ws/build/growbot_bringup', 'TURTLEBOT3_MODEL': 'waffle_pi', 'XDG_CONFIG_DIRS': '/etc/xdg/xdg-ubuntu:/etc/xdg', 'XDG_DATA_DIRS': '/usr/share/ubuntu:/usr/local/share/:/usr/share/:/var/lib/snapd/desktop', 'PYTHONPATH': '/home/frankie/ros2_ws/build/growbot_bringup/prefix_override:/usr/lib/python3/dist-packages/colcon_core/task/python/colcon_distutils_commands:/home/frankie/ros2_ws/install/growbot_bringup/lib/python3.10/site-packages:/home/frankie/ros2_ws/install/nav2_wfd/lib/python3.10/site-packages:/home/frankie/ros2_ws/install/growbot_bringup/lib/python3.10/site-packages:/opt/ros/humble/lib/python3.10/site-packages:/opt/ros/humble/local/lib/python3.10/dist-packages', 'COLCON': '1', 'VTE_VERSION': '6800', 'CMAKE_PREFIX_PATH': '/home/frankie/ros2_ws/install/aws_robomaker_small_house_world'}, 'shell': False}
[1.633982] (nav2_wfd) Command: {'cmd': ['/usr/bin/python3', '-W', 'ignore:setup.py install is deprecated', '-W', 'ignore:easy_install command is deprecated', 'setup.py', 'egg_info', '--egg-base', '../../build/nav2_wfd', 'build', '--build-base', '/home/frankie/ros2_ws/build/nav2_wfd/build', 'install', '--record', '/home/frankie/ros2_ws/build/nav2_wfd/install.log', '--install-scripts', '$base/lib/nav2_wfd', '--single-version-externally-managed', 'install_data'], 'cwd': '/home/frankie/ros2_ws/src/nav2_wavefront_frontier_exploration', 'env': {'LESSOPEN': '| /usr/bin/lesspipe %s', 'USER': 'frankie', 'XDG_SESSION_TYPE': 'wayland', 'SHLVL': '1', 'LD_LIBRARY_PATH': '/usr/lib/x86_64-linux-gnu/gazebo-11/plugins:/opt/ros/humble/opt/rviz_ogre_vendor/lib:/opt/ros/humble/lib/x86_64-linux-gnu:/opt/ros/humble/lib', 'HOME': '/home/frankie', 'DESKTOP_SESSION': 'ubuntu', 'ROS_PYTHON_VERSION': '3', 'GNOME_SHELL_SESSION_MODE': 'ubuntu', 'GTK_MODULES': 'gail:atk-bridge', 'SYSTEMD_EXEC_PID': '6622', 'DBUS_SESSION_BUS_ADDRESS': 'unix:path=/run/user/1000/bus', 'COLORTERM': 'truecolor', 'IM_CONFIG_PHASE': '1', 'WAYLAND_DISPLAY': 'wayland-0', 'COLCON_PREFIX_PATH': '/home/frankie/ros2_ws/install', 'ROS_DISTRO': 'humble', 'LOGNAME': 'frankie', '_': '/usr/bin/colcon', 'ROS_VERSION': '2', 'XDG_SESSION_CLASS': 'user', 'USERNAME': 'frankie', 'TERM': 'xterm-256color', 'GNOME_DESKTOP_SESSION_ID': 'this-is-deprecated', 'ROS_LOCALHOST_ONLY': '0', 'PATH': '/opt/ros/humble/bin:/usr/local/sbin:/usr/local/bin:/usr/sbin:/usr/bin:/sbin:/bin:/usr/games:/usr/local/games:/snap/bin:/snap/bin', 'SESSION_MANAGER': 'local/frankie-VivoBook-ASUSLaptop-X513EAN-K513EA:@/tmp/.ICE-unix/1035,unix/frankie-VivoBook-ASUSLaptop-X513EAN-K513EA:/tmp/.ICE-unix/1035', 'XDG_MENU_PREFIX': 'gnome-', 'GNOME_TERMINAL_SCREEN': '/org/gnome/Terminal/screen/14380e2f_39bd_48c8_b0ec_557326c5744d', 'GNOME_SETUP_DISPLAY': ':1', 'XDG_RUNTIME_DIR': '/run/user/1000', 'DISPLAY': ':0', 'LANG': 'en_US.UTF-8', 'XDG_CURRENT_DESKTOP': 'ubuntu:GNOME', 'XMODIFIERS': '@im=ibus', 'XDG_SESSION_DESKTOP': 'ubuntu', 'XAUTHORITY': '/run/user/1000/.mutter-Xwaylandauth.AN7UO3', 'LS_COLORS': 'rs=0:di=01;34:ln=01;36:mh=00:pi=40;33:so=01;35:do=01;35:bd=40;33;01:cd=40;33;01:or=40;31;01:mi=00:su=37;41:sg=30;43:ca=30;41:tw=30;42:ow=34;42:st=37;44:ex=01;32:*.tar=01;31:*.tgz=01;31:*.arc=01;31:*.arj=01;31:*.taz=01;31:*.lha=01;31:*.lz4=01;31:*.lzh=01;31:*.lzma=01;31:*.tlz=01;31:*.txz=01;31:*.tzo=01;31:*.t7z=01;31:*.zip=01;31:*.z=01;31:*.dz=01;31:*.gz=01;31:*.lrz=01;31:*.lz=01;31:*.lzo=01;31:*.xz=01;31:*.zst=01;31:*.tzst=01;31:*.bz2=01;31:*.bz=01;31:*.tbz=01;31:*.tbz2=01;31:*.tz=01;31:*.deb=01;31:*.rpm=01;31:*.jar=01;31:*.war=01;31:*.ear=01;31:*.sar=01;31:*.rar=01;31:*.alz=01;31:*.ace=01;31:*.zoo=01;31:*.cpio=01;31:*.7z=01;31:*.rz=01;31:*.cab=01;31:*.wim=01;31:*.swm=01;31:*.dwm=01;31:*.esd=01;31:*.jpg=01;35:*.jpeg=01;35:*.mjpg=01;35:*.mjpeg=01;35:*.gif=01;35:*.bmp=01;35:*.pbm=01;35:*.pgm=01;35:*.ppm=01;35:*.tga=01;35:*.xbm=01;35:*.xpm=01;35:*.tif=01;35:*.tiff=01;35:*.png=01;35:*.svg=01;35:*.svgz=01;35:*.mng=01;35:*.pcx=01;35:*.mov=01;35:*.mpg=01;35:*.mpeg=01;35:*.m2v=01;35:*.mkv=01;35:*.webm=01;35:*.webp=01;35:*.ogm=01;35:*.mp4=01;35:*.m4v=01;35:*.mp4v=01;35:*.vob=01;35:*.qt=01;35:*.nuv=01;35:*.wmv=01;35:*.asf=01;35:*.rm=01;35:*.rmvb=01;35:*.flc=01;35:*.avi=01;35:*.fli=01;35:*.flv=01;35:*.gl=01;35:*.dl=01;35:*.xcf=01;35:*.xwd=01;35:*.yuv=01;35:*.cgm=01;35:*.emf=01;35:*.ogv=01;35:*.ogx=01;35:*.aac=00;36:*.au=00;36:*.flac=00;36:*.m4a=00;36:*.mid=00;36:*.midi=00;36:*.mka=00;36:*.mp3=00;36:*.mpc=00;36:*.ogg=00;36:*.ra=00;36:*.wav=00;36:*.oga=00;36:*.opus=00;36:*.spx=00;36:*.xspf=00;36:', 'GNOME_TERMINAL_SERVICE': ':1.146', 'SSH_AGENT_LAUNCHER': 'gnome-keyring', 'SSH_AUTH_SOCK': '/run/user/1000/keyring/ssh', 'AMENT_PREFIX_PATH': '/home/frankie/ros2_ws/install/nav2_wfd:/home/frankie/ros2_ws/install/growbot_bringup:/home/frankie/ros2_ws/install/aws_robomaker_small_house_world:/opt/ros/humble', 'SHELL': '/bin/bash', 'QT_ACCESSIBILITY': '1', 'GDMSESSION': 'ubuntu', 'LESSCLOSE': '/usr/bin/lesspipe %s %s', 'QT_IM_MODULE': 'ibus', 'PWD': '/home/frankie/ros2_ws/build/nav2_wfd', 'TURTLEBOT3_MODEL': 'waffle_pi', 'XDG_CONFIG_DIRS': '/etc/xdg/xdg-ubuntu:/etc/xdg', 'XDG_DATA_DIRS': '/usr/share/ubuntu:/usr/local/share/:/usr/share/:/var/lib/snapd/desktop', 'PYTHONPATH': '/home/frankie/ros2_ws/build/nav2_wfd/prefix_override:/usr/lib/python3/dist-packages/colcon_core/task/python/colcon_distutils_commands:/home/frankie/ros2_ws/install/nav2_wfd/lib/python3.10/site-packages:/home/frankie/ros2_ws/install/nav2_wfd/lib/python3.10/site-packages:/home/frankie/ros2_ws/install/growbot_bringup/lib/python3.10/site-packages:/opt/ros/humble/lib/python3.10/site-packages:/opt/ros/humble/local/lib/python3.10/dist-packages', 'COLCON': '1', 'VTE_VERSION': '6800', 'CMAKE_PREFIX_PATH': '/home/frankie/ros2_ws/install/aws_robomaker_small_house_world'}, 'shell': False}
[1.710748] (-) TimerEvent: {}
[1.811069] (-) TimerEvent: {}
[1.911389] (-) TimerEvent: {}
[2.011753] (-) TimerEvent: {}
[2.013138] (nav2_wfd) StderrLine: {'line': b"/usr/lib/python3/dist-packages/setuptools/dist.py:723: UserWarning: Usage of dash-separated 'script-dir' will not be supported in future versions. Please use the underscore name 'script_dir' instead\n"}
[2.013553] (nav2_wfd) StderrLine: {'line': b'  warnings.warn(\n'}
[2.032271] (nav2_wfd) StdoutLine: {'line': b'running egg_info\n'}
[2.032690] (nav2_wfd) StdoutLine: {'line': b'writing ../../build/nav2_wfd/nav2_wfd.egg-info/PKG-INFO\n'}
[2.033286] (nav2_wfd) StdoutLine: {'line': b'writing dependency_links to ../../build/nav2_wfd/nav2_wfd.egg-info/dependency_links.txt\n'}
[2.034709] (nav2_wfd) StdoutLine: {'line': b'writing entry points to ../../build/nav2_wfd/nav2_wfd.egg-info/entry_points.txt\n'}
[2.034879] (nav2_wfd) StdoutLine: {'line': b'writing requirements to ../../build/nav2_wfd/nav2_wfd.egg-info/requires.txt\n'}
[2.035003] (nav2_wfd) StdoutLine: {'line': b'writing top-level names to ../../build/nav2_wfd/nav2_wfd.egg-info/top_level.txt\n'}
[2.035117] (growbot_bringup) StdoutLine: {'line': b'running egg_info\n'}
[2.035267] (growbot_bringup) StdoutLine: {'line': b'writing ../../build/growbot_bringup/growbot_bringup.egg-info/PKG-INFO\n'}
[2.035380] (growbot_bringup) StdoutLine: {'line': b'writing dependency_links to ../../build/growbot_bringup/growbot_bringup.egg-info/dependency_links.txt\n'}
[2.035493] (growbot_bringup) StdoutLine: {'line': b'writing entry points to ../../build/growbot_bringup/growbot_bringup.egg-info/entry_points.txt\n'}
[2.035601] (growbot_bringup) StdoutLine: {'line': b'writing requirements to ../../build/growbot_bringup/growbot_bringup.egg-info/requires.txt\n'}
[2.035741] (growbot_bringup) StdoutLine: {'line': b'writing top-level names to ../../build/growbot_bringup/growbot_bringup.egg-info/top_level.txt\n'}
[2.037788] (nav2_wfd) StdoutLine: {'line': b"reading manifest file '../../build/nav2_wfd/nav2_wfd.egg-info/SOURCES.txt'\n"}
[2.037999] (nav2_wfd) StdoutLine: {'line': b"adding license file 'LICENSE'\n"}
[2.039143] (growbot_bringup) StdoutLine: {'line': b"reading manifest file '../../build/growbot_bringup/growbot_bringup.egg-info/SOURCES.txt'\n"}
[2.039492] (nav2_wfd) StdoutLine: {'line': b"writing manifest file '../../build/nav2_wfd/nav2_wfd.egg-info/SOURCES.txt'\n"}
[2.039957] (nav2_wfd) StdoutLine: {'line': b'running build\n'}
[2.040262] (nav2_wfd) StdoutLine: {'line': b'running build_py\n'}
[2.040528] (nav2_wfd) StdoutLine: {'line': b'running install\n'}
[2.040644] (growbot_bringup) StdoutLine: {'line': b"writing manifest file '../../build/growbot_bringup/growbot_bringup.egg-info/SOURCES.txt'\n"}
[2.040765] (growbot_bringup) StdoutLine: {'line': b'running build\n'}
[2.040944] (growbot_bringup) StdoutLine: {'line': b'running build_py\n'}
[2.041060] (growbot_bringup) StdoutLine: {'line': b'running install\n'}
[2.041336] (nav2_wfd) StdoutLine: {'line': b'running install_lib\n'}
[2.042430] (growbot_bringup) StdoutLine: {'line': b'running install_lib\n'}
[2.043573] (nav2_wfd) StdoutLine: {'line': b'running install_data\n'}
[2.043834] (nav2_wfd) StdoutLine: {'line': b'running install_egg_info\n'}
[2.044410] (growbot_bringup) StdoutLine: {'line': b'running install_data\n'}
[2.044661] (growbot_bringup) StdoutLine: {'line': b'running install_egg_info\n'}
[2.047509] (nav2_wfd) StdoutLine: {'line': b"removing '/home/frankie/ros2_ws/install/nav2_wfd/lib/python3.10/site-packages/nav2_wfd-0.0.0-py3.10.egg-info' (and everything under it)\n"}
[2.047972] (nav2_wfd) StdoutLine: {'line': b'Copying ../../build/nav2_wfd/nav2_wfd.egg-info to /home/frankie/ros2_ws/install/nav2_wfd/lib/python3.10/site-packages/nav2_wfd-0.0.0-py3.10.egg-info\n'}
[2.048650] (growbot_bringup) StdoutLine: {'line': b"removing '/home/frankie/ros2_ws/install/growbot_bringup/lib/python3.10/site-packages/growbot_bringup-0.0.0-py3.10.egg-info' (and everything under it)\n"}
[2.049045] (growbot_bringup) StdoutLine: {'line': b'Copying ../../build/growbot_bringup/growbot_bringup.egg-info to /home/frankie/ros2_ws/install/growbot_bringup/lib/python3.10/site-packages/growbot_bringup-0.0.0-py3.10.egg-info\n'}
[2.049441] (nav2_wfd) StdoutLine: {'line': b'running install_scripts\n'}
[2.051238] (growbot_bringup) StdoutLine: {'line': b'running install_scripts\n'}
[2.092213] (growbot_bringup) StdoutLine: {'line': b'Installing random_explorer script to /home/frankie/ros2_ws/install/growbot_bringup/lib/growbot_bringup\n'}
[2.092700] (nav2_wfd) StdoutLine: {'line': b'Installing explore script to /home/frankie/ros2_ws/install/nav2_wfd/lib/nav2_wfd\n'}
[2.092951] (growbot_bringup) StdoutLine: {'line': b"writing list of installed files to '/home/frankie/ros2_ws/build/growbot_bringup/install.log'\n"}
[2.093260] (nav2_wfd) StdoutLine: {'line': b"writing list of installed files to '/home/frankie/ros2_ws/build/nav2_wfd/install.log'\n"}
[2.111903] (-) TimerEvent: {}
[2.152482] (growbot_bringup) CommandEnded: {'returncode': 0}
[2.166031] (growbot_bringup) JobEnded: {'identifier': 'growbot_bringup', 'rc': 0}
[2.167647] (nav2_wfd) CommandEnded: {'returncode': 0}
[2.181535] (nav2_wfd) JobEnded: {'identifier': 'nav2_wfd', 'rc': 0}
[2.182368] (-) EventReactorShutdown: {}
