[0.000000] (-) TimerEvent: {}
[0.000325] (aws_robomaker_small_house_world) JobQueued: {'identifier': 'aws_robomaker_small_house_world', 'dependencies': OrderedDict()}
[0.000488] (growbot_bringup) JobQueued: {'identifier': 'growbot_bringup', 'dependencies': OrderedDict()}
[0.000500] (nav2_wfd) JobQueued: {'identifier': 'nav2_wfd', 'dependencies': OrderedDict()}
[0.000510] (aws_robomaker_small_house_world) JobStarted: {'identifier': 'aws_robomaker_small_house_world'}
[0.007785] (growbot_bringup) JobStarted: {'identifier': 'growbot_bringup'}
[0.012310] (nav2_wfd) JobStarted: {'identifier': 'nav2_wfd'}
[0.016609] (aws_robomaker_small_house_world) JobProgress: {'identifier': 'aws_robomaker_small_house_world', 'progress': 'cmake'}
[0.017205] (aws_robomaker_small_house_world) JobProgress: {'identifier': 'aws_robomaker_small_house_world', 'progress': 'build'}
[0.017693] (aws_robomaker_small_house_world) Command: {'cmd': ['/usr/bin/cmake', '--build', '/home/frankie/ros2_ws/build/aws_robomaker_small_house_world', '--', '-j8', '-l8'], 'cwd': '/home/frankie/ros2_ws/build/aws_robomaker_small_house_world', 'env': OrderedDict([('LESSOPEN', '| /usr/bin/lesspipe %s'), ('USER', 'frankie'), ('XDG_SESSION_TYPE', 'wayland'), ('SHLVL', '1'), ('LD_LIBRARY_PATH', '/usr/lib/x86_64-linux-gnu/gazebo-11/plugins:/opt/ros/humble/opt/rviz_ogre_vendor/lib:/opt/ros/humble/lib/x86_64-linux-gnu:/opt/ros/humble/lib'), ('HOME', '/home/frankie'), ('OLDPWD', '/home/frankie/ros2_ws/src'), ('DESKTOP_SESSION', 'ubuntu'), ('ROS_PYTHON_VERSION', '3'), ('GNOME_SHELL_SESSION_MODE', 'ubuntu'), ('GTK_MODULES', 'gail:atk-bridge'), ('SYSTEMD_EXEC_PID', '6622'), ('DBUS_SESSION_BUS_ADDRESS', 'unix:path=/run/user/1000/bus'), ('COLORTERM', 'truecolor'), ('IM_CONFIG_PHASE', '1'), ('WAYLAND_DISPLAY', 'wayland-0'), ('ROS_DISTRO', 'humble'), ('LOGNAME', 'frankie'), ('_', '/usr/bin/colcon'), ('ROS_VERSION', '2'), ('XDG_SESSION_CLASS', 'user'), ('USERNAME', 'frankie'), ('TERM', 'xterm-256color'), ('GNOME_DESKTOP_SESSION_ID', 'this-is-deprecated'), ('ROS_LOCALHOST_ONLY', '0'), ('PATH', '/opt/ros/humble/bin:/usr/local/sbin:/usr/local/bin:/usr/sbin:/usr/bin:/sbin:/bin:/usr/games:/usr/local/games:/snap/bin:/snap/bin'), ('SESSION_MANAGER', 'local/frankie-VivoBook-ASUSLaptop-X513EAN-K513EA:@/tmp/.ICE-unix/1035,unix/frankie-VivoBook-ASUSLaptop-X513EAN-K513EA:/tmp/.ICE-unix/1035'), ('XDG_MENU_PREFIX', 'gnome-'), ('GNOME_TERMINAL_SCREEN', '/org/gnome/Terminal/screen/c05c6ef0_2ca5_4379_aca2_c67600f0651d'), ('GNOME_SETUP_DISPLAY', ':1'), ('XDG_RUNTIME_DIR', '/run/user/1000'), ('DISPLAY', ':0'), ('LANG', 'en_US.UTF-8'), ('XDG_CURRENT_DESKTOP', 'ubuntu:GNOME'), ('XMODIFIERS', '@im=ibus'), ('XDG_SESSION_DESKTOP', 'ubuntu'), ('XAUTHORITY', '/run/user/1000/.mutter-Xwaylandauth.AN7UO3'), ('LS_COLORS', 'rs=0:di=01;34:ln=01;36:mh=00:pi=40;33:so=01;35:do=01;35:bd=40;33;01:cd=40;33;01:or=40;31;01:mi=00:su=37;41:sg=30;43:ca=30;41:tw=30;42:ow=34;42:st=37;44:ex=01;32:*.tar=01;31:*.tgz=01;31:*.arc=01;31:*.arj=01;31:*.taz=01;31:*.lha=01;31:*.lz4=01;31:*.lzh=01;31:*.lzma=01;31:*.tlz=01;31:*.txz=01;31:*.tzo=01;31:*.t7z=01;31:*.zip=01;31:*.z=01;31:*.dz=01;31:*.gz=01;31:*.lrz=01;31:*.lz=01;31:*.lzo=01;31:*.xz=01;31:*.zst=01;31:*.tzst=01;31:*.bz2=01;31:*.bz=01;31:*.tbz=01;31:*.tbz2=01;31:*.tz=01;31:*.deb=01;31:*.rpm=01;31:*.jar=01;31:*.war=01;31:*.ear=01;31:*.sar=01;31:*.rar=01;31:*.alz=01;31:*.ace=01;31:*.zoo=01;31:*.cpio=01;31:*.7z=01;31:*.rz=01;31:*.cab=01;31:*.wim=01;31:*.swm=01;31:*.dwm=01;31:*.esd=01;31:*.jpg=01;35:*.jpeg=01;35:*.mjpg=01;35:*.mjpeg=01;35:*.gif=01;35:*.bmp=01;35:*.pbm=01;35:*.pgm=01;35:*.ppm=01;35:*.tga=01;35:*.xbm=01;35:*.xpm=01;35:*.tif=01;35:*.tiff=01;35:*.png=01;35:*.svg=01;35:*.svgz=01;35:*.mng=01;35:*.pcx=01;35:*.mov=01;35:*.mpg=01;35:*.mpeg=01;35:*.m2v=01;35:*.mkv=01;35:*.webm=01;35:*.webp=01;35:*.ogm=01;35:*.mp4=01;35:*.m4v=01;35:*.mp4v=01;35:*.vob=01;35:*.qt=01;35:*.nuv=01;35:*.wmv=01;35:*.asf=01;35:*.rm=01;35:*.rmvb=01;35:*.flc=01;35:*.avi=01;35:*.fli=01;35:*.flv=01;35:*.gl=01;35:*.dl=01;35:*.xcf=01;35:*.xwd=01;35:*.yuv=01;35:*.cgm=01;35:*.emf=01;35:*.ogv=01;35:*.ogx=01;35:*.aac=00;36:*.au=00;36:*.flac=00;36:*.m4a=00;36:*.mid=00;36:*.midi=00;36:*.mka=00;36:*.mp3=00;36:*.mpc=00;36:*.ogg=00;36:*.ra=00;36:*.wav=00;36:*.oga=00;36:*.opus=00;36:*.spx=00;36:*.xspf=00;36:'), ('GNOME_TERMINAL_SERVICE', ':1.146'), ('SSH_AGENT_LAUNCHER', 'gnome-keyring'), ('SSH_AUTH_SOCK', '/run/user/1000/keyring/ssh'), ('AMENT_PREFIX_PATH', '/opt/ros/humble'), ('SHELL', '/bin/bash'), ('QT_ACCESSIBILITY', '1'), ('GDMSESSION', 'ubuntu'), ('LESSCLOSE', '/usr/bin/lesspipe %s %s'), ('QT_IM_MODULE', 'ibus'), ('PWD', '/home/frankie/ros2_ws/build/aws_robomaker_small_house_world'), ('TURTLEBOT3_MODEL', 'waffle_pi'), ('XDG_CONFIG_DIRS', '/etc/xdg/xdg-ubuntu:/etc/xdg'), ('XDG_DATA_DIRS', '/usr/share/ubuntu:/usr/local/share/:/usr/share/:/var/lib/snapd/desktop'), ('PYTHONPATH', '/opt/ros/humble/lib/python3.10/site-packages:/opt/ros/humble/local/lib/python3.10/dist-packages'), ('COLCON', '1'), ('VTE_VERSION', '6800'), ('CMAKE_PREFIX_PATH', '/opt/ros/humble')]), 'shell': False}
[0.099862] (-) TimerEvent: {}
[0.200100] (-) TimerEvent: {}
[0.300411] (-) TimerEvent: {}
[0.371631] (aws_robomaker_small_house_world) CommandEnded: {'returncode': 0}
[0.373115] (aws_robomaker_small_house_world) JobProgress: {'identifier': 'aws_robomaker_small_house_world', 'progress': 'install'}
[0.379094] (aws_robomaker_small_house_world) Command: {'cmd': ['/usr/bin/cmake', '--install', '/home/frankie/ros2_ws/build/aws_robomaker_small_house_world'], 'cwd': '/home/frankie/ros2_ws/build/aws_robomaker_small_house_world', 'env': OrderedDict([('LESSOPEN', '| /usr/bin/lesspipe %s'), ('USER', 'frankie'), ('XDG_SESSION_TYPE', 'wayland'), ('SHLVL', '1'), ('LD_LIBRARY_PATH', '/usr/lib/x86_64-linux-gnu/gazebo-11/plugins:/opt/ros/humble/opt/rviz_ogre_vendor/lib:/opt/ros/humble/lib/x86_64-linux-gnu:/opt/ros/humble/lib'), ('HOME', '/home/frankie'), ('OLDPWD', '/home/frankie/ros2_ws/src'), ('DESKTOP_SESSION', 'ubuntu'), ('ROS_PYTHON_VERSION', '3'), ('GNOME_SHELL_SESSION_MODE', 'ubuntu'), ('GTK_MODULES', 'gail:atk-bridge'), ('SYSTEMD_EXEC_PID', '6622'), ('DBUS_SESSION_BUS_ADDRESS', 'unix:path=/run/user/1000/bus'), ('COLORTERM', 'truecolor'), ('IM_CONFIG_PHASE', '1'), ('WAYLAND_DISPLAY', 'wayland-0'), ('ROS_DISTRO', 'humble'), ('LOGNAME', 'frankie'), ('_', '/usr/bin/colcon'), ('ROS_VERSION', '2'), ('XDG_SESSION_CLASS', 'user'), ('USERNAME', 'frankie'), ('TERM', 'xterm-256color'), ('GNOME_DESKTOP_SESSION_ID', 'this-is-deprecated'), ('ROS_LOCALHOST_ONLY', '0'), ('PATH', '/opt/ros/humble/bin:/usr/local/sbin:/usr/local/bin:/usr/sbin:/usr/bin:/sbin:/bin:/usr/games:/usr/local/games:/snap/bin:/snap/bin'), ('SESSION_MANAGER', 'local/frankie-VivoBook-ASUSLaptop-X513EAN-K513EA:@/tmp/.ICE-unix/1035,unix/frankie-VivoBook-ASUSLaptop-X513EAN-K513EA:/tmp/.ICE-unix/1035'), ('XDG_MENU_PREFIX', 'gnome-'), ('GNOME_TERMINAL_SCREEN', '/org/gnome/Terminal/screen/c05c6ef0_2ca5_4379_aca2_c67600f0651d'), ('GNOME_SETUP_DISPLAY', ':1'), ('XDG_RUNTIME_DIR', '/run/user/1000'), ('DISPLAY', ':0'), ('LANG', 'en_US.UTF-8'), ('XDG_CURRENT_DESKTOP', 'ubuntu:GNOME'), ('XMODIFIERS', '@im=ibus'), ('XDG_SESSION_DESKTOP', 'ubuntu'), ('XAUTHORITY', '/run/user/1000/.mutter-Xwaylandauth.AN7UO3'), ('LS_COLORS', 'rs=0:di=01;34:ln=01;36:mh=00:pi=40;33:so=01;35:do=01;35:bd=40;33;01:cd=40;33;01:or=40;31;01:mi=00:su=37;41:sg=30;43:ca=30;41:tw=30;42:ow=34;42:st=37;44:ex=01;32:*.tar=01;31:*.tgz=01;31:*.arc=01;31:*.arj=01;31:*.taz=01;31:*.lha=01;31:*.lz4=01;31:*.lzh=01;31:*.lzma=01;31:*.tlz=01;31:*.txz=01;31:*.tzo=01;31:*.t7z=01;31:*.zip=01;31:*.z=01;31:*.dz=01;31:*.gz=01;31:*.lrz=01;31:*.lz=01;31:*.lzo=01;31:*.xz=01;31:*.zst=01;31:*.tzst=01;31:*.bz2=01;31:*.bz=01;31:*.tbz=01;31:*.tbz2=01;31:*.tz=01;31:*.deb=01;31:*.rpm=01;31:*.jar=01;31:*.war=01;31:*.ear=01;31:*.sar=01;31:*.rar=01;31:*.alz=01;31:*.ace=01;31:*.zoo=01;31:*.cpio=01;31:*.7z=01;31:*.rz=01;31:*.cab=01;31:*.wim=01;31:*.swm=01;31:*.dwm=01;31:*.esd=01;31:*.jpg=01;35:*.jpeg=01;35:*.mjpg=01;35:*.mjpeg=01;35:*.gif=01;35:*.bmp=01;35:*.pbm=01;35:*.pgm=01;35:*.ppm=01;35:*.tga=01;35:*.xbm=01;35:*.xpm=01;35:*.tif=01;35:*.tiff=01;35:*.png=01;35:*.svg=01;35:*.svgz=01;35:*.mng=01;35:*.pcx=01;35:*.mov=01;35:*.mpg=01;35:*.mpeg=01;35:*.m2v=01;35:*.mkv=01;35:*.webm=01;35:*.webp=01;35:*.ogm=01;35:*.mp4=01;35:*.m4v=01;35:*.mp4v=01;35:*.vob=01;35:*.qt=01;35:*.nuv=01;35:*.wmv=01;35:*.asf=01;35:*.rm=01;35:*.rmvb=01;35:*.flc=01;35:*.avi=01;35:*.fli=01;35:*.flv=01;35:*.gl=01;35:*.dl=01;35:*.xcf=01;35:*.xwd=01;35:*.yuv=01;35:*.cgm=01;35:*.emf=01;35:*.ogv=01;35:*.ogx=01;35:*.aac=00;36:*.au=00;36:*.flac=00;36:*.m4a=00;36:*.mid=00;36:*.midi=00;36:*.mka=00;36:*.mp3=00;36:*.mpc=00;36:*.ogg=00;36:*.ra=00;36:*.wav=00;36:*.oga=00;36:*.opus=00;36:*.spx=00;36:*.xspf=00;36:'), ('GNOME_TERMINAL_SERVICE', ':1.146'), ('SSH_AGENT_LAUNCHER', 'gnome-keyring'), ('SSH_AUTH_SOCK', '/run/user/1000/keyring/ssh'), ('AMENT_PREFIX_PATH', '/opt/ros/humble'), ('SHELL', '/bin/bash'), ('QT_ACCESSIBILITY', '1'), ('GDMSESSION', 'ubuntu'), ('LESSCLOSE', '/usr/bin/lesspipe %s %s'), ('QT_IM_MODULE', 'ibus'), ('PWD', '/home/frankie/ros2_ws/build/aws_robomaker_small_house_world'), ('TURTLEBOT3_MODEL', 'waffle_pi'), ('XDG_CONFIG_DIRS', '/etc/xdg/xdg-ubuntu:/etc/xdg'), ('XDG_DATA_DIRS', '/usr/share/ubuntu:/usr/local/share/:/usr/share/:/var/lib/snapd/desktop'), ('PYTHONPATH', '/opt/ros/humble/lib/python3.10/site-packages:/opt/ros/humble/local/lib/python3.10/dist-packages'), ('COLCON', '1'), ('VTE_VERSION', '6800'), ('CMAKE_PREFIX_PATH', '/opt/ros/humble')]), 'shell': False}
[0.385257] (aws_robomaker_small_house_world) StdoutLine: {'line': b'-- Install configuration: ""\n'}
[0.385641] (aws_robomaker_small_house_world) StdoutLine: {'line': b'-- Up-to-date: /home/frankie/ros2_ws/install/aws_robomaker_small_house_world/share/aws_robomaker_small_house_world/launch\n'}
[0.386146] (aws_robomaker_small_house_world) StdoutLine: {'line': b'-- Up-to-date: /home/frankie/ros2_ws/install/aws_robomaker_small_house_world/share/aws_robomaker_small_house_world/launch/small_house.launch.py\n'}
[0.386289] (aws_robomaker_small_house_world) StdoutLine: {'line': b'-- Up-to-date: /home/frankie/ros2_ws/install/aws_robomaker_small_house_world/share/aws_robomaker_small_house_world/models\n'}
[0.386797] (aws_robomaker_small_house_world) StdoutLine: {'line': b'-- Up-to-date: /home/frankie/ros2_ws/install/aws_robomaker_small_house_world/share/aws_robomaker_small_house_world/models/aws_robomaker_residential_KitchenTable_01\n'}
[0.387075] (aws_robomaker_small_house_world) StdoutLine: {'line': b'-- Up-to-date: /home/frankie/ros2_ws/install/aws_robomaker_small_house_world/share/aws_robomaker_small_house_world/models/aws_robomaker_residential_KitchenTable_01/materials\n'}
[0.387334] (aws_robomaker_small_house_world) StdoutLine: {'line': b'-- Up-to-date: /home/frankie/ros2_ws/install/aws_robomaker_small_house_world/share/aws_robomaker_small_house_world/models/aws_robomaker_residential_KitchenTable_01/materials/textures\n'}
[0.387603] (aws_robomaker_small_house_world) StdoutLine: {'line': b'-- Up-to-date: /home/frankie/ros2_ws/install/aws_robomaker_small_house_world/share/aws_robomaker_small_house_world/models/aws_robomaker_residential_KitchenTable_01/materials/textures/aws_KitchenTable_01.png\n'}
[0.387725] (aws_robomaker_small_house_world) StdoutLine: {'line': b'-- Up-to-date: /home/frankie/ros2_ws/install/aws_robomaker_small_house_world/share/aws_robomaker_small_house_world/models/aws_robomaker_residential_KitchenTable_01/meshes\n'}
[0.387911] (aws_robomaker_small_house_world) StdoutLine: {'line': b'-- Up-to-date: /home/frankie/ros2_ws/install/aws_robomaker_small_house_world/share/aws_robomaker_small_house_world/models/aws_robomaker_residential_KitchenTable_01/meshes/aws_KitchenTable_01_collision.DAE\n'}
[0.387991] (aws_robomaker_small_house_world) StdoutLine: {'line': b'-- Up-to-date: /home/frankie/ros2_ws/install/aws_robomaker_small_house_world/share/aws_robomaker_small_house_world/models/aws_robomaker_residential_KitchenTable_01/meshes/aws_KitchenTable_01_visual.DAE\n'}
[0.388038] (aws_robomaker_small_house_world) StdoutLine: {'line': b'-- Up-to-date: /home/frankie/ros2_ws/install/aws_robomaker_small_house_world/share/aws_robomaker_small_house_world/models/aws_robomaker_residential_KitchenTable_01/model.config\n'}
[0.388105] (aws_robomaker_small_house_world) StdoutLine: {'line': b'-- Up-to-date: /home/frankie/ros2_ws/install/aws_robomaker_small_house_world/share/aws_robomaker_small_house_world/models/aws_robomaker_residential_KitchenTable_01/model.sdf\n'}
[0.388144] (aws_robomaker_small_house_world) StdoutLine: {'line': b'-- Up-to-date: /home/frankie/ros2_ws/install/aws_robomaker_small_house_world/share/aws_robomaker_small_house_world/models/aws_robomaker_residential_RoomCeiling_01\n'}
[0.388433] (aws_robomaker_small_house_world) StdoutLine: {'line': b'-- Up-to-date: /home/frankie/ros2_ws/install/aws_robomaker_small_house_world/share/aws_robomaker_small_house_world/models/aws_robomaker_residential_RoomCeiling_01/materials\n'}
[0.388716] (aws_robomaker_small_house_world) StdoutLine: {'line': b'-- Up-to-date: /home/frankie/ros2_ws/install/aws_robomaker_small_house_world/share/aws_robomaker_small_house_world/models/aws_robomaker_residential_RoomCeiling_01/materials/textures\n'}
[0.389002] (aws_robomaker_small_house_world) StdoutLine: {'line': b'-- Up-to-date: /home/frankie/ros2_ws/install/aws_robomaker_small_house_world/share/aws_robomaker_small_house_world/models/aws_robomaker_residential_RoomCeiling_01/materials/textures/aws_RoomCeiling_01.png\n'}
[0.389064] (aws_robomaker_small_house_world) StdoutLine: {'line': b'-- Up-to-date: /home/frankie/ros2_ws/install/aws_robomaker_small_house_world/share/aws_robomaker_small_house_world/models/aws_robomaker_residential_RoomCeiling_01/meshes\n'}
[0.389307] (aws_robomaker_small_house_world) StdoutLine: {'line': b'-- Up-to-date: /home/frankie/ros2_ws/install/aws_robomaker_small_house_world/share/aws_robomaker_small_house_world/models/aws_robomaker_residential_RoomCeiling_01/meshes/aws_RoomCeiling_01_collision.DAE\n'}
[0.389390] (aws_robomaker_small_house_world) StdoutLine: {'line': b'-- Up-to-date: /home/frankie/ros2_ws/install/aws_robomaker_small_house_world/share/aws_robomaker_small_house_world/models/aws_robomaker_residential_RoomCeiling_01/meshes/aws_RoomCeiling_01_visual.DAE\n'}
[0.389434] (aws_robomaker_small_house_world) StdoutLine: {'line': b'-- Up-to-date: /home/frankie/ros2_ws/install/aws_robomaker_small_house_world/share/aws_robomaker_small_house_world/models/aws_robomaker_residential_RoomCeiling_01/model.config\n'}
[0.389470] (aws_robomaker_small_house_world) StdoutLine: {'line': b'-- Up-to-date: /home/frankie/ros2_ws/install/aws_robomaker_small_house_world/share/aws_robomaker_small_house_world/models/aws_robomaker_residential_RoomCeiling_01/model.sdf\n'}
[0.389505] (aws_robomaker_small_house_world) StdoutLine: {'line': b'-- Up-to-date: /home/frankie/ros2_ws/install/aws_robomaker_small_house_world/share/aws_robomaker_small_house_world/models/aws_robomaker_residential_SofaB_01\n'}
[0.389645] (aws_robomaker_small_house_world) StdoutLine: {'line': b'-- Up-to-date: /home/frankie/ros2_ws/install/aws_robomaker_small_house_world/share/aws_robomaker_small_house_world/models/aws_robomaker_residential_SofaB_01/materials\n'}
[0.389929] (aws_robomaker_small_house_world) StdoutLine: {'line': b'-- Up-to-date: /home/frankie/ros2_ws/install/aws_robomaker_small_house_world/share/aws_robomaker_small_house_world/models/aws_robomaker_residential_SofaB_01/materials/textures\n'}
[0.390223] (aws_robomaker_small_house_world) StdoutLine: {'line': b'-- Up-to-date: /home/frankie/ros2_ws/install/aws_robomaker_small_house_world/share/aws_robomaker_small_house_world/models/aws_robomaker_residential_SofaB_01/materials/textures/aws_SofaB_01.png\n'}
[0.390294] (aws_robomaker_small_house_world) StdoutLine: {'line': b'-- Up-to-date: /home/frankie/ros2_ws/install/aws_robomaker_small_house_world/share/aws_robomaker_small_house_world/models/aws_robomaker_residential_SofaB_01/meshes\n'}
[0.390523] (aws_robomaker_small_house_world) StdoutLine: {'line': b'-- Up-to-date: /home/frankie/ros2_ws/install/aws_robomaker_small_house_world/share/aws_robomaker_small_house_world/models/aws_robomaker_residential_SofaB_01/meshes/aws_SofaB_01_visual.DAE\n'}
[0.390590] (aws_robomaker_small_house_world) StdoutLine: {'line': b'-- Up-to-date: /home/frankie/ros2_ws/install/aws_robomaker_small_house_world/share/aws_robomaker_small_house_world/models/aws_robomaker_residential_SofaB_01/meshes/aws_SofaB_01_collision.DAE\n'}
[0.390653] (aws_robomaker_small_house_world) StdoutLine: {'line': b'-- Up-to-date: /home/frankie/ros2_ws/install/aws_robomaker_small_house_world/share/aws_robomaker_small_house_world/models/aws_robomaker_residential_SofaB_01/model.config\n'}
[0.390690] (aws_robomaker_small_house_world) StdoutLine: {'line': b'-- Up-to-date: /home/frankie/ros2_ws/install/aws_robomaker_small_house_world/share/aws_robomaker_small_house_world/models/aws_robomaker_residential_SofaB_01/model.sdf\n'}
[0.390727] (aws_robomaker_small_house_world) StdoutLine: {'line': b'-- Up-to-date: /home/frankie/ros2_ws/install/aws_robomaker_small_house_world/share/aws_robomaker_small_house_world/models/aws_robomaker_residential_Board_01\n'}
[0.390976] (aws_robomaker_small_house_world) StdoutLine: {'line': b'-- Up-to-date: /home/frankie/ros2_ws/install/aws_robomaker_small_house_world/share/aws_robomaker_small_house_world/models/aws_robomaker_residential_Board_01/materials\n'}
[0.391382] (aws_robomaker_small_house_world) StdoutLine: {'line': b'-- Up-to-date: /home/frankie/ros2_ws/install/aws_robomaker_small_house_world/share/aws_robomaker_small_house_world/models/aws_robomaker_residential_Board_01/materials/textures\n'}
[0.391801] (aws_robomaker_small_house_world) StdoutLine: {'line': b'-- Up-to-date: /home/frankie/ros2_ws/install/aws_robomaker_small_house_world/share/aws_robomaker_small_house_world/models/aws_robomaker_residential_Board_01/materials/textures/aws_Board_01.png\n'}
[0.391844] (aws_robomaker_small_house_world) StdoutLine: {'line': b'-- Up-to-date: /home/frankie/ros2_ws/install/aws_robomaker_small_house_world/share/aws_robomaker_small_house_world/models/aws_robomaker_residential_Board_01/meshes\n'}
[0.392224] (aws_robomaker_small_house_world) StdoutLine: {'line': b'-- Up-to-date: /home/frankie/ros2_ws/install/aws_robomaker_small_house_world/share/aws_robomaker_small_house_world/models/aws_robomaker_residential_Board_01/meshes/aws_Board_01_visual.DAE\n'}
[0.392299] (aws_robomaker_small_house_world) StdoutLine: {'line': b'-- Up-to-date: /home/frankie/ros2_ws/install/aws_robomaker_small_house_world/share/aws_robomaker_small_house_world/models/aws_robomaker_residential_Board_01/meshes/aws_Board_01_collision.DAE\n'}
[0.392376] (aws_robomaker_small_house_world) StdoutLine: {'line': b'-- Up-to-date: /home/frankie/ros2_ws/install/aws_robomaker_small_house_world/share/aws_robomaker_small_house_world/models/aws_robomaker_residential_Board_01/model.config\n'}
[0.392416] (aws_robomaker_small_house_world) StdoutLine: {'line': b'-- Up-to-date: /home/frankie/ros2_ws/install/aws_robomaker_small_house_world/share/aws_robomaker_small_house_world/models/aws_robomaker_residential_Board_01/model.sdf\n'}
[0.392453] (aws_robomaker_small_house_world) StdoutLine: {'line': b'-- Up-to-date: /home/frankie/ros2_ws/install/aws_robomaker_small_house_world/share/aws_robomaker_small_house_world/models/aws_robomaker_residential_FoldingDoor_01\n'}
[0.392598] (aws_robomaker_small_house_world) StdoutLine: {'line': b'-- Up-to-date: /home/frankie/ros2_ws/install/aws_robomaker_small_house_world/share/aws_robomaker_small_house_world/models/aws_robomaker_residential_FoldingDoor_01/materials\n'}
[0.392865] (aws_robomaker_small_house_world) StdoutLine: {'line': b'-- Up-to-date: /home/frankie/ros2_ws/install/aws_robomaker_small_house_world/share/aws_robomaker_small_house_world/models/aws_robomaker_residential_FoldingDoor_01/materials/textures\n'}
[0.393145] (aws_robomaker_small_house_world) StdoutLine: {'line': b'-- Up-to-date: /home/frankie/ros2_ws/install/aws_robomaker_small_house_world/share/aws_robomaker_small_house_world/models/aws_robomaker_residential_FoldingDoor_01/materials/textures/aws_FoldingDoor_01.png\n'}
[0.393194] (aws_robomaker_small_house_world) StdoutLine: {'line': b'-- Up-to-date: /home/frankie/ros2_ws/install/aws_robomaker_small_house_world/share/aws_robomaker_small_house_world/models/aws_robomaker_residential_FoldingDoor_01/meshes\n'}
[0.393429] (aws_robomaker_small_house_world) StdoutLine: {'line': b'-- Up-to-date: /home/frankie/ros2_ws/install/aws_robomaker_small_house_world/share/aws_robomaker_small_house_world/models/aws_robomaker_residential_FoldingDoor_01/meshes/aws_FoldingDoor_01_collision.DAE\n'}
[0.393491] (aws_robomaker_small_house_world) StdoutLine: {'line': b'-- Up-to-date: /home/frankie/ros2_ws/install/aws_robomaker_small_house_world/share/aws_robomaker_small_house_world/models/aws_robomaker_residential_FoldingDoor_01/meshes/aws_FoldingDoor_01_visual.DAE\n'}
[0.393564] (aws_robomaker_small_house_world) StdoutLine: {'line': b'-- Up-to-date: /home/frankie/ros2_ws/install/aws_robomaker_small_house_world/share/aws_robomaker_small_house_world/models/aws_robomaker_residential_FoldingDoor_01/model.config\n'}
[0.393607] (aws_robomaker_small_house_world) StdoutLine: {'line': b'-- Up-to-date: /home/frankie/ros2_ws/install/aws_robomaker_small_house_world/share/aws_robomaker_small_house_world/models/aws_robomaker_residential_FoldingDoor_01/model.sdf\n'}
[0.393643] (aws_robomaker_small_house_world) StdoutLine: {'line': b'-- Up-to-date: /home/frankie/ros2_ws/install/aws_robomaker_small_house_world/share/aws_robomaker_small_house_world/models/aws_robomaker_residential_DeskPortraitC_01\n'}
[0.393748] (aws_robomaker_small_house_world) StdoutLine: {'line': b'-- Up-to-date: /home/frankie/ros2_ws/install/aws_robomaker_small_house_world/share/aws_robomaker_small_house_world/models/aws_robomaker_residential_DeskPortraitC_01/materials\n'}
[0.394016] (aws_robomaker_small_house_world) StdoutLine: {'line': b'-- Up-to-date: /home/frankie/ros2_ws/install/aws_robomaker_small_house_world/share/aws_robomaker_small_house_world/models/aws_robomaker_residential_DeskPortraitC_01/materials/textures\n'}
[0.394299] (aws_robomaker_small_house_world) StdoutLine: {'line': b'-- Up-to-date: /home/frankie/ros2_ws/install/aws_robomaker_small_house_world/share/aws_robomaker_small_house_world/models/aws_robomaker_residential_DeskPortraitC_01/materials/textures/aws_DeskPortraitC_02.png\n'}
[0.394378] (aws_robomaker_small_house_world) StdoutLine: {'line': b'-- Up-to-date: /home/frankie/ros2_ws/install/aws_robomaker_small_house_world/share/aws_robomaker_small_house_world/models/aws_robomaker_residential_DeskPortraitC_01/materials/textures/aws_DeskPortraitC_01.png\n'}
[0.394417] (aws_robomaker_small_house_world) StdoutLine: {'line': b'-- Up-to-date: /home/frankie/ros2_ws/install/aws_robomaker_small_house_world/share/aws_robomaker_small_house_world/models/aws_robomaker_residential_DeskPortraitC_01/meshes\n'}
[0.394603] (aws_robomaker_small_house_world) StdoutLine: {'line': b'-- Up-to-date: /home/frankie/ros2_ws/install/aws_robomaker_small_house_world/share/aws_robomaker_small_house_world/models/aws_robomaker_residential_DeskPortraitC_01/meshes/aws_DeskPortraitC_01_collision.DAE\n'}
[0.394645] (aws_robomaker_small_house_world) StdoutLine: {'line': b'-- Up-to-date: /home/frankie/ros2_ws/install/aws_robomaker_small_house_world/share/aws_robomaker_small_house_world/models/aws_robomaker_residential_DeskPortraitC_01/meshes/aws_DeskPortraitC_01_visual.DAE\n'}
[0.394702] (aws_robomaker_small_house_world) StdoutLine: {'line': b'-- Up-to-date: /home/frankie/ros2_ws/install/aws_robomaker_small_house_world/share/aws_robomaker_small_house_world/models/aws_robomaker_residential_DeskPortraitC_01/model.config\n'}
[0.394767] (aws_robomaker_small_house_world) StdoutLine: {'line': b'-- Up-to-date: /home/frankie/ros2_ws/install/aws_robomaker_small_house_world/share/aws_robomaker_small_house_world/models/aws_robomaker_residential_DeskPortraitC_01/model.sdf\n'}
[0.394805] (aws_robomaker_small_house_world) StdoutLine: {'line': b'-- Up-to-date: /home/frankie/ros2_ws/install/aws_robomaker_small_house_world/share/aws_robomaker_small_house_world/models/aws_robomaker_residential_TV_01\n'}
[0.394936] (aws_robomaker_small_house_world) StdoutLine: {'line': b'-- Up-to-date: /home/frankie/ros2_ws/install/aws_robomaker_small_house_world/share/aws_robomaker_small_house_world/models/aws_robomaker_residential_TV_01/materials\n'}
[0.395223] (aws_robomaker_small_house_world) StdoutLine: {'line': b'-- Up-to-date: /home/frankie/ros2_ws/install/aws_robomaker_small_house_world/share/aws_robomaker_small_house_world/models/aws_robomaker_residential_TV_01/materials/textures\n'}
[0.395515] (aws_robomaker_small_house_world) StdoutLine: {'line': b'-- Up-to-date: /home/frankie/ros2_ws/install/aws_robomaker_small_house_world/share/aws_robomaker_small_house_world/models/aws_robomaker_residential_TV_01/materials/textures/aws_TV_01.png\n'}
[0.395559] (aws_robomaker_small_house_world) StdoutLine: {'line': b'-- Up-to-date: /home/frankie/ros2_ws/install/aws_robomaker_small_house_world/share/aws_robomaker_small_house_world/models/aws_robomaker_residential_TV_01/meshes\n'}
[0.395815] (aws_robomaker_small_house_world) StdoutLine: {'line': b'-- Up-to-date: /home/frankie/ros2_ws/install/aws_robomaker_small_house_world/share/aws_robomaker_small_house_world/models/aws_robomaker_residential_TV_01/meshes/aws_TV_01_collision.DAE\n'}
[0.395858] (aws_robomaker_small_house_world) StdoutLine: {'line': b'-- Up-to-date: /home/frankie/ros2_ws/install/aws_robomaker_small_house_world/share/aws_robomaker_small_house_world/models/aws_robomaker_residential_TV_01/meshes/aws_TV_01_visual.DAE\n'}
[0.395918] (aws_robomaker_small_house_world) StdoutLine: {'line': b'-- Up-to-date: /home/frankie/ros2_ws/install/aws_robomaker_small_house_world/share/aws_robomaker_small_house_world/models/aws_robomaker_residential_TV_01/model.config\n'}
[0.395989] (aws_robomaker_small_house_world) StdoutLine: {'line': b'-- Up-to-date: /home/frankie/ros2_ws/install/aws_robomaker_small_house_world/share/aws_robomaker_small_house_world/models/aws_robomaker_residential_TV_01/model.sdf\n'}
[0.396027] (aws_robomaker_small_house_world) StdoutLine: {'line': b'-- Up-to-date: /home/frankie/ros2_ws/install/aws_robomaker_small_house_world/share/aws_robomaker_small_house_world/models/aws_robomaker_residential_Quilt_01\n'}
[0.396142] (aws_robomaker_small_house_world) StdoutLine: {'line': b'-- Up-to-date: /home/frankie/ros2_ws/install/aws_robomaker_small_house_world/share/aws_robomaker_small_house_world/models/aws_robomaker_residential_Quilt_01/materials\n'}
[0.396506] (aws_robomaker_small_house_world) StdoutLine: {'line': b'-- Up-to-date: /home/frankie/ros2_ws/install/aws_robomaker_small_house_world/share/aws_robomaker_small_house_world/models/aws_robomaker_residential_Quilt_01/materials/textures\n'}
[0.396795] (aws_robomaker_small_house_world) StdoutLine: {'line': b'-- Up-to-date: /home/frankie/ros2_ws/install/aws_robomaker_small_house_world/share/aws_robomaker_small_house_world/models/aws_robomaker_residential_Quilt_01/materials/textures/aws_Quilt_01.png\n'}
[0.396854] (aws_robomaker_small_house_world) StdoutLine: {'line': b'-- Up-to-date: /home/frankie/ros2_ws/install/aws_robomaker_small_house_world/share/aws_robomaker_small_house_world/models/aws_robomaker_residential_Quilt_01/meshes\n'}
[0.397103] (aws_robomaker_small_house_world) StdoutLine: {'line': b'-- Up-to-date: /home/frankie/ros2_ws/install/aws_robomaker_small_house_world/share/aws_robomaker_small_house_world/models/aws_robomaker_residential_Quilt_01/meshes/aws_Quilt_01_collision.DAE\n'}
[0.397147] (aws_robomaker_small_house_world) StdoutLine: {'line': b'-- Up-to-date: /home/frankie/ros2_ws/install/aws_robomaker_small_house_world/share/aws_robomaker_small_house_world/models/aws_robomaker_residential_Quilt_01/meshes/aws_Quilt_01_visual.DAE\n'}
[0.397216] (aws_robomaker_small_house_world) StdoutLine: {'line': b'-- Up-to-date: /home/frankie/ros2_ws/install/aws_robomaker_small_house_world/share/aws_robomaker_small_house_world/models/aws_robomaker_residential_Quilt_01/model.config\n'}
[0.397285] (aws_robomaker_small_house_world) StdoutLine: {'line': b'-- Up-to-date: /home/frankie/ros2_ws/install/aws_robomaker_small_house_world/share/aws_robomaker_small_house_world/models/aws_robomaker_residential_Quilt_01/model.sdf\n'}
[0.397324] (aws_robomaker_small_house_world) StdoutLine: {'line': b'-- Up-to-date: /home/frankie/ros2_ws/install/aws_robomaker_small_house_world/share/aws_robomaker_small_house_world/models/aws_robomaker_residential_CoffeeTable_01\n'}
[0.397563] (aws_robomaker_small_house_world) StdoutLine: {'line': b'-- Up-to-date: /home/frankie/ros2_ws/install/aws_robomaker_small_house_world/share/aws_robomaker_small_house_world/models/aws_robomaker_residential_CoffeeTable_01/materials\n'}
[0.397983] (aws_robomaker_small_house_world) StdoutLine: {'line': b'-- Up-to-date: /home/frankie/ros2_ws/install/aws_robomaker_small_house_world/share/aws_robomaker_small_house_world/models/aws_robomaker_residential_CoffeeTable_01/materials/textures\n'}
[0.398366] (aws_robomaker_small_house_world) StdoutLine: {'line': b'-- Up-to-date: /home/frankie/ros2_ws/install/aws_robomaker_small_house_world/share/aws_robomaker_small_house_world/models/aws_robomaker_residential_CoffeeTable_01/materials/textures/aws_CoffeeTable_01.png\n'}
[0.398430] (aws_robomaker_small_house_world) StdoutLine: {'line': b'-- Up-to-date: /home/frankie/ros2_ws/install/aws_robomaker_small_house_world/share/aws_robomaker_small_house_world/models/aws_robomaker_residential_CoffeeTable_01/meshes\n'}
[0.398659] (aws_robomaker_small_house_world) StdoutLine: {'line': b'-- Up-to-date: /home/frankie/ros2_ws/install/aws_robomaker_small_house_world/share/aws_robomaker_small_house_world/models/aws_robomaker_residential_CoffeeTable_01/meshes/aws_CoffeeTable_01_visual.DAE\n'}
[0.398717] (aws_robomaker_small_house_world) StdoutLine: {'line': b'-- Up-to-date: /home/frankie/ros2_ws/install/aws_robomaker_small_house_world/share/aws_robomaker_small_house_world/models/aws_robomaker_residential_CoffeeTable_01/meshes/aws_CoffeeTable_01_collision.DAE\n'}
[0.398754] (aws_robomaker_small_house_world) StdoutLine: {'line': b'-- Up-to-date: /home/frankie/ros2_ws/install/aws_robomaker_small_house_world/share/aws_robomaker_small_house_world/models/aws_robomaker_residential_CoffeeTable_01/model.config\n'}
[0.398792] (aws_robomaker_small_house_world) StdoutLine: {'line': b'-- Up-to-date: /home/frankie/ros2_ws/install/aws_robomaker_small_house_world/share/aws_robomaker_small_house_world/models/aws_robomaker_residential_CoffeeTable_01/model.sdf\n'}
[0.398828] (aws_robomaker_small_house_world) StdoutLine: {'line': b'-- Up-to-date: /home/frankie/ros2_ws/install/aws_robomaker_small_house_world/share/aws_robomaker_small_house_world/models/aws_robomaker_residential_RoomWall_01\n'}
[0.398982] (aws_robomaker_small_house_world) StdoutLine: {'line': b'-- Up-to-date: /home/frankie/ros2_ws/install/aws_robomaker_small_house_world/share/aws_robomaker_small_house_world/models/aws_robomaker_residential_RoomWall_01/materials\n'}
[0.399271] (aws_robomaker_small_house_world) StdoutLine: {'line': b'-- Up-to-date: /home/frankie/ros2_ws/install/aws_robomaker_small_house_world/share/aws_robomaker_small_house_world/models/aws_robomaker_residential_RoomWall_01/materials/textures\n'}
[0.399560] (aws_robomaker_small_house_world) StdoutLine: {'line': b'-- Up-to-date: /home/frankie/ros2_ws/install/aws_robomaker_small_house_world/share/aws_robomaker_small_house_world/models/aws_robomaker_residential_RoomWall_01/materials/textures/aws_RoomWall_01.png\n'}
[0.399621] (aws_robomaker_small_house_world) StdoutLine: {'line': b'-- Up-to-date: /home/frankie/ros2_ws/install/aws_robomaker_small_house_world/share/aws_robomaker_small_house_world/models/aws_robomaker_residential_RoomWall_01/meshes\n'}
[0.399861] (aws_robomaker_small_house_world) StdoutLine: {'line': b'-- Up-to-date: /home/frankie/ros2_ws/install/aws_robomaker_small_house_world/share/aws_robomaker_small_house_world/models/aws_robomaker_residential_RoomWall_01/meshes/aws_RoomWall_01_visual.DAE\n'}
[0.399937] (aws_robomaker_small_house_world) StdoutLine: {'line': b'-- Up-to-date: /home/frankie/ros2_ws/install/aws_robomaker_small_house_world/share/aws_robomaker_small_house_world/models/aws_robomaker_residential_RoomWall_01/meshes/aws_RoomWall_01_collision.DAE\n'}
[0.399981] (aws_robomaker_small_house_world) StdoutLine: {'line': b'-- Up-to-date: /home/frankie/ros2_ws/install/aws_robomaker_small_house_world/share/aws_robomaker_small_house_world/models/aws_robomaker_residential_RoomWall_01/model.config\n'}
[0.400018] (aws_robomaker_small_house_world) StdoutLine: {'line': b'-- Up-to-date: /home/frankie/ros2_ws/install/aws_robomaker_small_house_world/share/aws_robomaker_small_house_world/models/aws_robomaker_residential_RoomWall_01/model.sdf\n'}
[0.400054] (aws_robomaker_small_house_world) StdoutLine: {'line': b'-- Up-to-date: /home/frankie/ros2_ws/install/aws_robomaker_small_house_world/share/aws_robomaker_small_house_world/models/aws_robomaker_residential_DeskPortraitD_04\n'}
[0.400195] (aws_robomaker_small_house_world) StdoutLine: {'line': b'-- Up-to-date: /home/frankie/ros2_ws/install/aws_robomaker_small_house_world/share/aws_robomaker_small_house_world/models/aws_robomaker_residential_DeskPortraitD_04/materials\n'}
[0.400463] (aws_robomaker_small_house_world) StdoutLine: {'line': b'-- Up-to-date: /home/frankie/ros2_ws/install/aws_robomaker_small_house_world/share/aws_robomaker_small_house_world/models/aws_robomaker_residential_DeskPortraitD_04/materials/textures\n'}
[0.400500] (-) TimerEvent: {}
[0.400737] (aws_robomaker_small_house_world) StdoutLine: {'line': b'-- Up-to-date: /home/frankie/ros2_ws/install/aws_robomaker_small_house_world/share/aws_robomaker_small_house_world/models/aws_robomaker_residential_DeskPortraitD_04/materials/textures/aws_DeskPortraitD_02.png\n'}
[0.400809] (aws_robomaker_small_house_world) StdoutLine: {'line': b'-- Up-to-date: /home/frankie/ros2_ws/install/aws_robomaker_small_house_world/share/aws_robomaker_small_house_world/models/aws_robomaker_residential_DeskPortraitD_04/materials/textures/aws_DeskPortraitD_01.png\n'}
[0.400871] (aws_robomaker_small_house_world) StdoutLine: {'line': b'-- Up-to-date: /home/frankie/ros2_ws/install/aws_robomaker_small_house_world/share/aws_robomaker_small_house_world/models/aws_robomaker_residential_DeskPortraitD_04/meshes\n'}
[0.401053] (aws_robomaker_small_house_world) StdoutLine: {'line': b'-- Up-to-date: /home/frankie/ros2_ws/install/aws_robomaker_small_house_world/share/aws_robomaker_small_house_world/models/aws_robomaker_residential_DeskPortraitD_04/meshes/aws_DeskPortraitD_01_collision.DAE\n'}
[0.401100] (aws_robomaker_small_house_world) StdoutLine: {'line': b'-- Up-to-date: /home/frankie/ros2_ws/install/aws_robomaker_small_house_world/share/aws_robomaker_small_house_world/models/aws_robomaker_residential_DeskPortraitD_04/meshes/aws_DeskPortraitD_01_visual.DAE\n'}
[0.401160] (aws_robomaker_small_house_world) StdoutLine: {'line': b'-- Up-to-date: /home/frankie/ros2_ws/install/aws_robomaker_small_house_world/share/aws_robomaker_small_house_world/models/aws_robomaker_residential_DeskPortraitD_04/model.config\n'}
[0.401236] (aws_robomaker_small_house_world) StdoutLine: {'line': b'-- Up-to-date: /home/frankie/ros2_ws/install/aws_robomaker_small_house_world/share/aws_robomaker_small_house_world/models/aws_robomaker_residential_DeskPortraitD_04/model.sdf\n'}
[0.401276] (aws_robomaker_small_house_world) StdoutLine: {'line': b'-- Up-to-date: /home/frankie/ros2_ws/install/aws_robomaker_small_house_world/share/aws_robomaker_small_house_world/models/aws_robomaker_residential_SecurityCamera_01\n'}
[0.401391] (aws_robomaker_small_house_world) StdoutLine: {'line': b'-- Up-to-date: /home/frankie/ros2_ws/install/aws_robomaker_small_house_world/share/aws_robomaker_small_house_world/models/aws_robomaker_residential_SecurityCamera_01/materials\n'}
[0.401681] (aws_robomaker_small_house_world) StdoutLine: {'line': b'-- Up-to-date: /home/frankie/ros2_ws/install/aws_robomaker_small_house_world/share/aws_robomaker_small_house_world/models/aws_robomaker_residential_SecurityCamera_01/materials/textures\n'}
[0.402011] (aws_robomaker_small_house_world) StdoutLine: {'line': b'-- Up-to-date: /home/frankie/ros2_ws/install/aws_robomaker_small_house_world/share/aws_robomaker_small_house_world/models/aws_robomaker_residential_SecurityCamera_01/materials/textures/aws_SecurityCamera_01.png\n'}
[0.402158] (aws_robomaker_small_house_world) StdoutLine: {'line': b'-- Up-to-date: /home/frankie/ros2_ws/install/aws_robomaker_small_house_world/share/aws_robomaker_small_house_world/models/aws_robomaker_residential_SecurityCamera_01/meshes\n'}
[0.402364] (aws_robomaker_small_house_world) StdoutLine: {'line': b'-- Up-to-date: /home/frankie/ros2_ws/install/aws_robomaker_small_house_world/share/aws_robomaker_small_house_world/models/aws_robomaker_residential_SecurityCamera_01/meshes/aws_SecurityCamera_01_visual.DAE\n'}
[0.402470] (aws_robomaker_small_house_world) StdoutLine: {'line': b'-- Up-to-date: /home/frankie/ros2_ws/install/aws_robomaker_small_house_world/share/aws_robomaker_small_house_world/models/aws_robomaker_residential_SecurityCamera_01/meshes/aws_SecurityCamera_01_collision.DAE\n'}
[0.402546] (aws_robomaker_small_house_world) StdoutLine: {'line': b'-- Up-to-date: /home/frankie/ros2_ws/install/aws_robomaker_small_house_world/share/aws_robomaker_small_house_world/models/aws_robomaker_residential_SecurityCamera_01/model.config\n'}
[0.402617] (aws_robomaker_small_house_world) StdoutLine: {'line': b'-- Up-to-date: /home/frankie/ros2_ws/install/aws_robomaker_small_house_world/share/aws_robomaker_small_house_world/models/aws_robomaker_residential_SecurityCamera_01/model.sdf\n'}
[0.402704] (aws_robomaker_small_house_world) StdoutLine: {'line': b'-- Up-to-date: /home/frankie/ros2_ws/install/aws_robomaker_small_house_world/share/aws_robomaker_small_house_world/models/aws_robomaker_residential_AirconditionerA_01\n'}
[0.402817] (aws_robomaker_small_house_world) StdoutLine: {'line': b'-- Up-to-date: /home/frankie/ros2_ws/install/aws_robomaker_small_house_world/share/aws_robomaker_small_house_world/models/aws_robomaker_residential_AirconditionerA_01/materials\n'}
[0.403225] (aws_robomaker_small_house_world) StdoutLine: {'line': b'-- Up-to-date: /home/frankie/ros2_ws/install/aws_robomaker_small_house_world/share/aws_robomaker_small_house_world/models/aws_robomaker_residential_AirconditionerA_01/materials/textures\n'}
[0.403660] (aws_robomaker_small_house_world) StdoutLine: {'line': b'-- Up-to-date: /home/frankie/ros2_ws/install/aws_robomaker_small_house_world/share/aws_robomaker_small_house_world/models/aws_robomaker_residential_AirconditionerA_01/materials/textures/aws_AirconditionerA_01.png\n'}
[0.403756] (aws_robomaker_small_house_world) StdoutLine: {'line': b'-- Up-to-date: /home/frankie/ros2_ws/install/aws_robomaker_small_house_world/share/aws_robomaker_small_house_world/models/aws_robomaker_residential_AirconditionerA_01/meshes\n'}
[0.404095] (aws_robomaker_small_house_world) StdoutLine: {'line': b'-- Up-to-date: /home/frankie/ros2_ws/install/aws_robomaker_small_house_world/share/aws_robomaker_small_house_world/models/aws_robomaker_residential_AirconditionerA_01/meshes/aws_AirconditionerA_01_visual.DAE\n'}
[0.404213] (aws_robomaker_small_house_world) StdoutLine: {'line': b'-- Up-to-date: /home/frankie/ros2_ws/install/aws_robomaker_small_house_world/share/aws_robomaker_small_house_world/models/aws_robomaker_residential_AirconditionerA_01/meshes/aws__Air conditioner_01.DAE\n'}
[0.404290] (aws_robomaker_small_house_world) StdoutLine: {'line': b'-- Up-to-date: /home/frankie/ros2_ws/install/aws_robomaker_small_house_world/share/aws_robomaker_small_house_world/models/aws_robomaker_residential_AirconditionerA_01/meshes/aws_AirconditionerA_01_collision.DAE\n'}
[0.404356] (aws_robomaker_small_house_world) StdoutLine: {'line': b'-- Up-to-date: /home/frankie/ros2_ws/install/aws_robomaker_small_house_world/share/aws_robomaker_small_house_world/models/aws_robomaker_residential_AirconditionerA_01/model.config\n'}
[0.404420] (aws_robomaker_small_house_world) StdoutLine: {'line': b'-- Up-to-date: /home/frankie/ros2_ws/install/aws_robomaker_small_house_world/share/aws_robomaker_small_house_world/models/aws_robomaker_residential_AirconditionerA_01/model.sdf\n'}
[0.404495] (aws_robomaker_small_house_world) StdoutLine: {'line': b'-- Up-to-date: /home/frankie/ros2_ws/install/aws_robomaker_small_house_world/share/aws_robomaker_small_house_world/models/box_bot\n'}
[0.404582] (aws_robomaker_small_house_world) StdoutLine: {'line': b'-- Up-to-date: /home/frankie/ros2_ws/install/aws_robomaker_small_house_world/share/aws_robomaker_small_house_world/models/box_bot/urdf\n'}
[0.404733] (aws_robomaker_small_house_world) StdoutLine: {'line': b'-- Up-to-date: /home/frankie/ros2_ws/install/aws_robomaker_small_house_world/share/aws_robomaker_small_house_world/models/box_bot/urdf/box_bot_description.urdf\n'}
[0.404821] (aws_robomaker_small_house_world) StdoutLine: {'line': b'-- Up-to-date: /home/frankie/ros2_ws/install/aws_robomaker_small_house_world/share/aws_robomaker_small_house_world/models/aws_robomaker_residential_Refrigerator_01\n'}
[0.405068] (aws_robomaker_small_house_world) StdoutLine: {'line': b'-- Up-to-date: /home/frankie/ros2_ws/install/aws_robomaker_small_house_world/share/aws_robomaker_small_house_world/models/aws_robomaker_residential_Refrigerator_01/materials\n'}
[0.405354] (aws_robomaker_small_house_world) StdoutLine: {'line': b'-- Up-to-date: /home/frankie/ros2_ws/install/aws_robomaker_small_house_world/share/aws_robomaker_small_house_world/models/aws_robomaker_residential_Refrigerator_01/materials/textures\n'}
[0.405675] (aws_robomaker_small_house_world) StdoutLine: {'line': b'-- Up-to-date: /home/frankie/ros2_ws/install/aws_robomaker_small_house_world/share/aws_robomaker_small_house_world/models/aws_robomaker_residential_Refrigerator_01/materials/textures/aws_Refrigerator_02.png\n'}
[0.405757] (aws_robomaker_small_house_world) StdoutLine: {'line': b'-- Up-to-date: /home/frankie/ros2_ws/install/aws_robomaker_small_house_world/share/aws_robomaker_small_house_world/models/aws_robomaker_residential_Refrigerator_01/materials/textures/aws_Refrigerator_01.png\n'}
[0.405826] (aws_robomaker_small_house_world) StdoutLine: {'line': b'-- Up-to-date: /home/frankie/ros2_ws/install/aws_robomaker_small_house_world/share/aws_robomaker_small_house_world/models/aws_robomaker_residential_Refrigerator_01/meshes\n'}
[0.405994] (aws_robomaker_small_house_world) StdoutLine: {'line': b'-- Up-to-date: /home/frankie/ros2_ws/install/aws_robomaker_small_house_world/share/aws_robomaker_small_house_world/models/aws_robomaker_residential_Refrigerator_01/meshes/aws_Refrigerator_01_visual.DAE\n'}
[0.406092] (aws_robomaker_small_house_world) StdoutLine: {'line': b'-- Up-to-date: /home/frankie/ros2_ws/install/aws_robomaker_small_house_world/share/aws_robomaker_small_house_world/models/aws_robomaker_residential_Refrigerator_01/meshes/aws_Refrigerator_01.DAE\n'}
[0.406162] (aws_robomaker_small_house_world) StdoutLine: {'line': b'-- Up-to-date: /home/frankie/ros2_ws/install/aws_robomaker_small_house_world/share/aws_robomaker_small_house_world/models/aws_robomaker_residential_Refrigerator_01/meshes/aws_Refrigerator_01_collision.DAE\n'}
[0.406258] (aws_robomaker_small_house_world) StdoutLine: {'line': b'-- Up-to-date: /home/frankie/ros2_ws/install/aws_robomaker_small_house_world/share/aws_robomaker_small_house_world/models/aws_robomaker_residential_Refrigerator_01/model.config\n'}
[0.406327] (aws_robomaker_small_house_world) StdoutLine: {'line': b'-- Up-to-date: /home/frankie/ros2_ws/install/aws_robomaker_small_house_world/share/aws_robomaker_small_house_world/models/aws_robomaker_residential_Refrigerator_01/model.sdf\n'}
[0.406406] (aws_robomaker_small_house_world) StdoutLine: {'line': b'-- Up-to-date: /home/frankie/ros2_ws/install/aws_robomaker_small_house_world/share/aws_robomaker_small_house_world/models/aws_robomaker_residential_AirconditionerB_01\n'}
[0.406526] (aws_robomaker_small_house_world) StdoutLine: {'line': b'-- Up-to-date: /home/frankie/ros2_ws/install/aws_robomaker_small_house_world/share/aws_robomaker_small_house_world/models/aws_robomaker_residential_AirconditionerB_01/materials\n'}
[0.406903] (aws_robomaker_small_house_world) StdoutLine: {'line': b'-- Up-to-date: /home/frankie/ros2_ws/install/aws_robomaker_small_house_world/share/aws_robomaker_small_house_world/models/aws_robomaker_residential_AirconditionerB_01/materials/textures\n'}
[0.407293] (aws_robomaker_small_house_world) StdoutLine: {'line': b'-- Up-to-date: /home/frankie/ros2_ws/install/aws_robomaker_small_house_world/share/aws_robomaker_small_house_world/models/aws_robomaker_residential_AirconditionerB_01/materials/textures/aws_AirconditionerB_01.png\n'}
[0.407403] (aws_robomaker_small_house_world) StdoutLine: {'line': b'-- Up-to-date: /home/frankie/ros2_ws/install/aws_robomaker_small_house_world/share/aws_robomaker_small_house_world/models/aws_robomaker_residential_AirconditionerB_01/meshes\n'}
[0.407737] (aws_robomaker_small_house_world) StdoutLine: {'line': b'-- Up-to-date: /home/frankie/ros2_ws/install/aws_robomaker_small_house_world/share/aws_robomaker_small_house_world/models/aws_robomaker_residential_AirconditionerB_01/meshes/aws_AirconditionerB_01_visual.DAE\n'}
[0.407849] (aws_robomaker_small_house_world) StdoutLine: {'line': b'-- Up-to-date: /home/frankie/ros2_ws/install/aws_robomaker_small_house_world/share/aws_robomaker_small_house_world/models/aws_robomaker_residential_AirconditionerB_01/meshes/aws_AirconditionerB_01_collision.DAE\n'}
[0.407928] (aws_robomaker_small_house_world) StdoutLine: {'line': b'-- Up-to-date: /home/frankie/ros2_ws/install/aws_robomaker_small_house_world/share/aws_robomaker_small_house_world/models/aws_robomaker_residential_AirconditionerB_01/model.config\n'}
[0.408005] (aws_robomaker_small_house_world) StdoutLine: {'line': b'-- Up-to-date: /home/frankie/ros2_ws/install/aws_robomaker_small_house_world/share/aws_robomaker_small_house_world/models/aws_robomaker_residential_AirconditionerB_01/model.sdf\n'}
[0.408099] (aws_robomaker_small_house_world) StdoutLine: {'line': b'-- Up-to-date: /home/frankie/ros2_ws/install/aws_robomaker_small_house_world/share/aws_robomaker_small_house_world/models/aws_robomaker_residential_ChairD_01\n'}
[0.408197] (aws_robomaker_small_house_world) StdoutLine: {'line': b'-- Up-to-date: /home/frankie/ros2_ws/install/aws_robomaker_small_house_world/share/aws_robomaker_small_house_world/models/aws_robomaker_residential_ChairD_01/materials\n'}
[0.408629] (aws_robomaker_small_house_world) StdoutLine: {'line': b'-- Up-to-date: /home/frankie/ros2_ws/install/aws_robomaker_small_house_world/share/aws_robomaker_small_house_world/models/aws_robomaker_residential_ChairD_01/materials/textures\n'}
[0.409027] (aws_robomaker_small_house_world) StdoutLine: {'line': b'-- Up-to-date: /home/frankie/ros2_ws/install/aws_robomaker_small_house_world/share/aws_robomaker_small_house_world/models/aws_robomaker_residential_ChairD_01/materials/textures/aws_ChairD_01.png\n'}
[0.409107] (aws_robomaker_small_house_world) StdoutLine: {'line': b'-- Up-to-date: /home/frankie/ros2_ws/install/aws_robomaker_small_house_world/share/aws_robomaker_small_house_world/models/aws_robomaker_residential_ChairD_01/meshes\n'}
[0.409432] (aws_robomaker_small_house_world) StdoutLine: {'line': b'-- Up-to-date: /home/frankie/ros2_ws/install/aws_robomaker_small_house_world/share/aws_robomaker_small_house_world/models/aws_robomaker_residential_ChairD_01/meshes/aws_ChairD_01_visual.DAE\n'}
[0.409551] (aws_robomaker_small_house_world) StdoutLine: {'line': b'-- Up-to-date: /home/frankie/ros2_ws/install/aws_robomaker_small_house_world/share/aws_robomaker_small_house_world/models/aws_robomaker_residential_ChairD_01/meshes/aws_ChairD_01_collision.DAE\n'}
[0.409620] (aws_robomaker_small_house_world) StdoutLine: {'line': b'-- Up-to-date: /home/frankie/ros2_ws/install/aws_robomaker_small_house_world/share/aws_robomaker_small_house_world/models/aws_robomaker_residential_ChairD_01/model.config\n'}
[0.409686] (aws_robomaker_small_house_world) StdoutLine: {'line': b'-- Up-to-date: /home/frankie/ros2_ws/install/aws_robomaker_small_house_world/share/aws_robomaker_small_house_world/models/aws_robomaker_residential_ChairD_01/model.sdf\n'}
[0.409752] (aws_robomaker_small_house_world) StdoutLine: {'line': b'-- Up-to-date: /home/frankie/ros2_ws/install/aws_robomaker_small_house_world/share/aws_robomaker_small_house_world/models/aws_robomaker_residential_PortraitD_02\n'}
[0.409845] (aws_robomaker_small_house_world) StdoutLine: {'line': b'-- Up-to-date: /home/frankie/ros2_ws/install/aws_robomaker_small_house_world/share/aws_robomaker_small_house_world/models/aws_robomaker_residential_PortraitD_02/materials\n'}
[0.410064] (aws_robomaker_small_house_world) StdoutLine: {'line': b'-- Up-to-date: /home/frankie/ros2_ws/install/aws_robomaker_small_house_world/share/aws_robomaker_small_house_world/models/aws_robomaker_residential_PortraitD_02/materials/textures\n'}
[0.410366] (aws_robomaker_small_house_world) StdoutLine: {'line': b'-- Up-to-date: /home/frankie/ros2_ws/install/aws_robomaker_small_house_world/share/aws_robomaker_small_house_world/models/aws_robomaker_residential_PortraitD_02/materials/textures/aws_PortraitD_01.png\n'}
[0.410481] (aws_robomaker_small_house_world) StdoutLine: {'line': b'-- Up-to-date: /home/frankie/ros2_ws/install/aws_robomaker_small_house_world/share/aws_robomaker_small_house_world/models/aws_robomaker_residential_PortraitD_02/materials/textures/aws_PortraitD_02.png\n'}
[0.410541] (aws_robomaker_small_house_world) StdoutLine: {'line': b'-- Up-to-date: /home/frankie/ros2_ws/install/aws_robomaker_small_house_world/share/aws_robomaker_small_house_world/models/aws_robomaker_residential_PortraitD_02/meshes\n'}
[0.410722] (aws_robomaker_small_house_world) StdoutLine: {'line': b'-- Up-to-date: /home/frankie/ros2_ws/install/aws_robomaker_small_house_world/share/aws_robomaker_small_house_world/models/aws_robomaker_residential_PortraitD_02/meshes/aws_PortraitD_01_visual.DAE\n'}
[0.410866] (aws_robomaker_small_house_world) StdoutLine: {'line': b'-- Up-to-date: /home/frankie/ros2_ws/install/aws_robomaker_small_house_world/share/aws_robomaker_small_house_world/models/aws_robomaker_residential_PortraitD_02/meshes/aws_PortraitD_01_collision.DAE\n'}
[0.410945] (aws_robomaker_small_house_world) StdoutLine: {'line': b'-- Up-to-date: /home/frankie/ros2_ws/install/aws_robomaker_small_house_world/share/aws_robomaker_small_house_world/models/aws_robomaker_residential_PortraitD_02/model.config\n'}
[0.411018] (aws_robomaker_small_house_world) StdoutLine: {'line': b'-- Up-to-date: /home/frankie/ros2_ws/install/aws_robomaker_small_house_world/share/aws_robomaker_small_house_world/models/aws_robomaker_residential_PortraitD_02/model.sdf\n'}
[0.411084] (aws_robomaker_small_house_world) StdoutLine: {'line': b'-- Up-to-date: /home/frankie/ros2_ws/install/aws_robomaker_small_house_world/share/aws_robomaker_small_house_world/models/aws_robomaker_residential_DeskPortraitB_01\n'}
[0.411201] (aws_robomaker_small_house_world) StdoutLine: {'line': b'-- Up-to-date: /home/frankie/ros2_ws/install/aws_robomaker_small_house_world/share/aws_robomaker_small_house_world/models/aws_robomaker_residential_DeskPortraitB_01/materials\n'}
[0.411355] (aws_robomaker_small_house_world) StdoutLine: {'line': b'-- Up-to-date: /home/frankie/ros2_ws/install/aws_robomaker_small_house_world/share/aws_robomaker_small_house_world/models/aws_robomaker_residential_DeskPortraitB_01/materials/textures\n'}
[0.411657] (aws_robomaker_small_house_world) StdoutLine: {'line': b'-- Up-to-date: /home/frankie/ros2_ws/install/aws_robomaker_small_house_world/share/aws_robomaker_small_house_world/models/aws_robomaker_residential_DeskPortraitB_01/materials/textures/aws_DeskPortraitB_01.png\n'}
[0.411748] (aws_robomaker_small_house_world) StdoutLine: {'line': b'-- Up-to-date: /home/frankie/ros2_ws/install/aws_robomaker_small_house_world/share/aws_robomaker_small_house_world/models/aws_robomaker_residential_DeskPortraitB_01/materials/textures/aws_DeskPortraitB_02.png\n'}
[0.411817] (aws_robomaker_small_house_world) StdoutLine: {'line': b'-- Up-to-date: /home/frankie/ros2_ws/install/aws_robomaker_small_house_world/share/aws_robomaker_small_house_world/models/aws_robomaker_residential_DeskPortraitB_01/meshes\n'}
[0.412077] (aws_robomaker_small_house_world) StdoutLine: {'line': b'-- Up-to-date: /home/frankie/ros2_ws/install/aws_robomaker_small_house_world/share/aws_robomaker_small_house_world/models/aws_robomaker_residential_DeskPortraitB_01/meshes/aws_DeskPortraitB_01_visual.DAE\n'}
[0.412223] (aws_robomaker_small_house_world) StdoutLine: {'line': b'-- Up-to-date: /home/frankie/ros2_ws/install/aws_robomaker_small_house_world/share/aws_robomaker_small_house_world/models/aws_robomaker_residential_DeskPortraitB_01/meshes/aws_DeskPortraitB_01_collision.DAE\n'}
[0.412293] (aws_robomaker_small_house_world) StdoutLine: {'line': b'-- Up-to-date: /home/frankie/ros2_ws/install/aws_robomaker_small_house_world/share/aws_robomaker_small_house_world/models/aws_robomaker_residential_DeskPortraitB_01/model.config\n'}
[0.412338] (aws_robomaker_small_house_world) StdoutLine: {'line': b'-- Up-to-date: /home/frankie/ros2_ws/install/aws_robomaker_small_house_world/share/aws_robomaker_small_house_world/models/aws_robomaker_residential_DeskPortraitB_01/model.sdf\n'}
[0.412378] (aws_robomaker_small_house_world) StdoutLine: {'line': b'-- Up-to-date: /home/frankie/ros2_ws/install/aws_robomaker_small_house_world/share/aws_robomaker_small_house_world/models/aws_robomaker_residential_PortraitB_01\n'}
[0.412536] (aws_robomaker_small_house_world) StdoutLine: {'line': b'-- Up-to-date: /home/frankie/ros2_ws/install/aws_robomaker_small_house_world/share/aws_robomaker_small_house_world/models/aws_robomaker_residential_PortraitB_01/materials\n'}
[0.412843] (aws_robomaker_small_house_world) StdoutLine: {'line': b'-- Up-to-date: /home/frankie/ros2_ws/install/aws_robomaker_small_house_world/share/aws_robomaker_small_house_world/models/aws_robomaker_residential_PortraitB_01/materials/textures\n'}
[0.413172] (aws_robomaker_small_house_world) StdoutLine: {'line': b'-- Up-to-date: /home/frankie/ros2_ws/install/aws_robomaker_small_house_world/share/aws_robomaker_small_house_world/models/aws_robomaker_residential_PortraitB_01/materials/textures/aws_PortraitB_02.png\n'}
[0.413240] (aws_robomaker_small_house_world) StdoutLine: {'line': b'-- Up-to-date: /home/frankie/ros2_ws/install/aws_robomaker_small_house_world/share/aws_robomaker_small_house_world/models/aws_robomaker_residential_PortraitB_01/materials/textures/aws_PortraitB_01.png\n'}
[0.413310] (aws_robomaker_small_house_world) StdoutLine: {'line': b'-- Up-to-date: /home/frankie/ros2_ws/install/aws_robomaker_small_house_world/share/aws_robomaker_small_house_world/models/aws_robomaker_residential_PortraitB_01/meshes\n'}
[0.413567] (aws_robomaker_small_house_world) StdoutLine: {'line': b'-- Up-to-date: /home/frankie/ros2_ws/install/aws_robomaker_small_house_world/share/aws_robomaker_small_house_world/models/aws_robomaker_residential_PortraitB_01/meshes/aws_PortraitB_01_collision.DAE\n'}
[0.413648] (aws_robomaker_small_house_world) StdoutLine: {'line': b'-- Up-to-date: /home/frankie/ros2_ws/install/aws_robomaker_small_house_world/share/aws_robomaker_small_house_world/models/aws_robomaker_residential_PortraitB_01/meshes/aws_PortraitB_01_visual.DAE\n'}
[0.413701] (aws_robomaker_small_house_world) StdoutLine: {'line': b'-- Up-to-date: /home/frankie/ros2_ws/install/aws_robomaker_small_house_world/share/aws_robomaker_small_house_world/models/aws_robomaker_residential_PortraitB_01/model.config\n'}
[0.413767] (aws_robomaker_small_house_world) StdoutLine: {'line': b'-- Up-to-date: /home/frankie/ros2_ws/install/aws_robomaker_small_house_world/share/aws_robomaker_small_house_world/models/aws_robomaker_residential_PortraitB_01/model.sdf\n'}
[0.413834] (aws_robomaker_small_house_world) StdoutLine: {'line': b'-- Up-to-date: /home/frankie/ros2_ws/install/aws_robomaker_small_house_world/share/aws_robomaker_small_house_world/models/aws_robomaker_residential_Pillow_01\n'}
[0.413980] (aws_robomaker_small_house_world) StdoutLine: {'line': b'-- Up-to-date: /home/frankie/ros2_ws/install/aws_robomaker_small_house_world/share/aws_robomaker_small_house_world/models/aws_robomaker_residential_Pillow_01/materials\n'}
[0.414267] (aws_robomaker_small_house_world) StdoutLine: {'line': b'-- Up-to-date: /home/frankie/ros2_ws/install/aws_robomaker_small_house_world/share/aws_robomaker_small_house_world/models/aws_robomaker_residential_Pillow_01/materials/textures\n'}
[0.414588] (aws_robomaker_small_house_world) StdoutLine: {'line': b'-- Up-to-date: /home/frankie/ros2_ws/install/aws_robomaker_small_house_world/share/aws_robomaker_small_house_world/models/aws_robomaker_residential_Pillow_01/materials/textures/aws_Pillow_01.png\n'}
[0.414646] (aws_robomaker_small_house_world) StdoutLine: {'line': b'-- Up-to-date: /home/frankie/ros2_ws/install/aws_robomaker_small_house_world/share/aws_robomaker_small_house_world/models/aws_robomaker_residential_Pillow_01/meshes\n'}
[0.414911] (aws_robomaker_small_house_world) StdoutLine: {'line': b'-- Up-to-date: /home/frankie/ros2_ws/install/aws_robomaker_small_house_world/share/aws_robomaker_small_house_world/models/aws_robomaker_residential_Pillow_01/meshes/aws_Pillow_01_collision.DAE\n'}
[0.414985] (aws_robomaker_small_house_world) StdoutLine: {'line': b'-- Up-to-date: /home/frankie/ros2_ws/install/aws_robomaker_small_house_world/share/aws_robomaker_small_house_world/models/aws_robomaker_residential_Pillow_01/meshes/aws_Pillow_01_visual.DAE\n'}
[0.415038] (aws_robomaker_small_house_world) StdoutLine: {'line': b'-- Up-to-date: /home/frankie/ros2_ws/install/aws_robomaker_small_house_world/share/aws_robomaker_small_house_world/models/aws_robomaker_residential_Pillow_01/model.config\n'}
[0.415103] (aws_robomaker_small_house_world) StdoutLine: {'line': b'-- Up-to-date: /home/frankie/ros2_ws/install/aws_robomaker_small_house_world/share/aws_robomaker_small_house_world/models/aws_robomaker_residential_Pillow_01/model.sdf\n'}
[0.415173] (aws_robomaker_small_house_world) StdoutLine: {'line': b'-- Up-to-date: /home/frankie/ros2_ws/install/aws_robomaker_small_house_world/share/aws_robomaker_small_house_world/models/aws_robomaker_residential_PortraitC_01\n'}
[0.415322] (aws_robomaker_small_house_world) StdoutLine: {'line': b'-- Up-to-date: /home/frankie/ros2_ws/install/aws_robomaker_small_house_world/share/aws_robomaker_small_house_world/models/aws_robomaker_residential_PortraitC_01/materials\n'}
[0.415687] (aws_robomaker_small_house_world) StdoutLine: {'line': b'-- Up-to-date: /home/frankie/ros2_ws/install/aws_robomaker_small_house_world/share/aws_robomaker_small_house_world/models/aws_robomaker_residential_PortraitC_01/materials/textures\n'}
[0.415990] (aws_robomaker_small_house_world) StdoutLine: {'line': b'-- Up-to-date: /home/frankie/ros2_ws/install/aws_robomaker_small_house_world/share/aws_robomaker_small_house_world/models/aws_robomaker_residential_PortraitC_01/materials/textures/aws_PortraitC_01.png\n'}
[0.416056] (aws_robomaker_small_house_world) StdoutLine: {'line': b'-- Up-to-date: /home/frankie/ros2_ws/install/aws_robomaker_small_house_world/share/aws_robomaker_small_house_world/models/aws_robomaker_residential_PortraitC_01/materials/textures/aws_PortraitC_02.png\n'}
[0.416122] (aws_robomaker_small_house_world) StdoutLine: {'line': b'-- Up-to-date: /home/frankie/ros2_ws/install/aws_robomaker_small_house_world/share/aws_robomaker_small_house_world/models/aws_robomaker_residential_PortraitC_01/meshes\n'}
[0.416357] (aws_robomaker_small_house_world) StdoutLine: {'line': b'-- Up-to-date: /home/frankie/ros2_ws/install/aws_robomaker_small_house_world/share/aws_robomaker_small_house_world/models/aws_robomaker_residential_PortraitC_01/meshes/aws_PortraitC_01_collision.DAE\n'}
[0.416432] (aws_robomaker_small_house_world) StdoutLine: {'line': b'-- Up-to-date: /home/frankie/ros2_ws/install/aws_robomaker_small_house_world/share/aws_robomaker_small_house_world/models/aws_robomaker_residential_PortraitC_01/meshes/aws_PortraitC_01_visual.DAE\n'}
[0.416510] (aws_robomaker_small_house_world) StdoutLine: {'line': b'-- Up-to-date: /home/frankie/ros2_ws/install/aws_robomaker_small_house_world/share/aws_robomaker_small_house_world/models/aws_robomaker_residential_PortraitC_01/model.config\n'}
[0.416551] (aws_robomaker_small_house_world) StdoutLine: {'line': b'-- Up-to-date: /home/frankie/ros2_ws/install/aws_robomaker_small_house_world/share/aws_robomaker_small_house_world/models/aws_robomaker_residential_PortraitC_01/model.sdf\n'}
[0.416592] (aws_robomaker_small_house_world) StdoutLine: {'line': b'-- Up-to-date: /home/frankie/ros2_ws/install/aws_robomaker_small_house_world/share/aws_robomaker_small_house_world/models/aws_robomaker_residential_ShoeRack_01\n'}
[0.416793] (aws_robomaker_small_house_world) StdoutLine: {'line': b'-- Up-to-date: /home/frankie/ros2_ws/install/aws_robomaker_small_house_world/share/aws_robomaker_small_house_world/models/aws_robomaker_residential_ShoeRack_01/materials\n'}
[0.417148] (aws_robomaker_small_house_world) StdoutLine: {'line': b'-- Up-to-date: /home/frankie/ros2_ws/install/aws_robomaker_small_house_world/share/aws_robomaker_small_house_world/models/aws_robomaker_residential_ShoeRack_01/materials/textures\n'}
[0.417434] (aws_robomaker_small_house_world) StdoutLine: {'line': b'-- Up-to-date: /home/frankie/ros2_ws/install/aws_robomaker_small_house_world/share/aws_robomaker_small_house_world/models/aws_robomaker_residential_ShoeRack_01/materials/textures/aws_ShoeRack_01.png\n'}
[0.417504] (aws_robomaker_small_house_world) StdoutLine: {'line': b'-- Up-to-date: /home/frankie/ros2_ws/install/aws_robomaker_small_house_world/share/aws_robomaker_small_house_world/models/aws_robomaker_residential_ShoeRack_01/meshes\n'}
[0.417791] (aws_robomaker_small_house_world) StdoutLine: {'line': b'-- Up-to-date: /home/frankie/ros2_ws/install/aws_robomaker_small_house_world/share/aws_robomaker_small_house_world/models/aws_robomaker_residential_ShoeRack_01/meshes/aws_ShoeRack_01_visual.DAE\n'}
[0.417858] (aws_robomaker_small_house_world) StdoutLine: {'line': b'-- Up-to-date: /home/frankie/ros2_ws/install/aws_robomaker_small_house_world/share/aws_robomaker_small_house_world/models/aws_robomaker_residential_ShoeRack_01/meshes/aws_ShoeRack_01_collision.DAE\n'}
[0.417935] (aws_robomaker_small_house_world) StdoutLine: {'line': b'-- Up-to-date: /home/frankie/ros2_ws/install/aws_robomaker_small_house_world/share/aws_robomaker_small_house_world/models/aws_robomaker_residential_ShoeRack_01/model.config\n'}
[0.417974] (aws_robomaker_small_house_world) StdoutLine: {'line': b'-- Up-to-date: /home/frankie/ros2_ws/install/aws_robomaker_small_house_world/share/aws_robomaker_small_house_world/models/aws_robomaker_residential_ShoeRack_01/model.sdf\n'}
[0.418016] (aws_robomaker_small_house_world) StdoutLine: {'line': b'-- Up-to-date: /home/frankie/ros2_ws/install/aws_robomaker_small_house_world/share/aws_robomaker_small_house_world/models/aws_robomaker_residential_PortraitE_01\n'}
[0.418214] (aws_robomaker_small_house_world) StdoutLine: {'line': b'-- Up-to-date: /home/frankie/ros2_ws/install/aws_robomaker_small_house_world/share/aws_robomaker_small_house_world/models/aws_robomaker_residential_PortraitE_01/materials\n'}
[0.418545] (aws_robomaker_small_house_world) StdoutLine: {'line': b'-- Up-to-date: /home/frankie/ros2_ws/install/aws_robomaker_small_house_world/share/aws_robomaker_small_house_world/models/aws_robomaker_residential_PortraitE_01/materials/textures\n'}
[0.418896] (aws_robomaker_small_house_world) StdoutLine: {'line': b'-- Up-to-date: /home/frankie/ros2_ws/install/aws_robomaker_small_house_world/share/aws_robomaker_small_house_world/models/aws_robomaker_residential_PortraitE_01/materials/textures/aws_PortraitE_01.png\n'}
[0.418968] (aws_robomaker_small_house_world) StdoutLine: {'line': b'-- Up-to-date: /home/frankie/ros2_ws/install/aws_robomaker_small_house_world/share/aws_robomaker_small_house_world/models/aws_robomaker_residential_PortraitE_01/materials/textures/aws_PortraitE_02.png\n'}
[0.419094] (aws_robomaker_small_house_world) StdoutLine: {'line': b'-- Up-to-date: /home/frankie/ros2_ws/install/aws_robomaker_small_house_world/share/aws_robomaker_small_house_world/models/aws_robomaker_residential_PortraitE_01/meshes\n'}
[0.419197] (aws_robomaker_small_house_world) StdoutLine: {'line': b'-- Up-to-date: /home/frankie/ros2_ws/install/aws_robomaker_small_house_world/share/aws_robomaker_small_house_world/models/aws_robomaker_residential_PortraitE_01/meshes/aws_PortraitE_01_collision.DAE\n'}
[0.419315] (aws_robomaker_small_house_world) StdoutLine: {'line': b'-- Up-to-date: /home/frankie/ros2_ws/install/aws_robomaker_small_house_world/share/aws_robomaker_small_house_world/models/aws_robomaker_residential_PortraitE_01/meshes/aws_PortraitE_01_visual.DAE\n'}
[0.419403] (aws_robomaker_small_house_world) StdoutLine: {'line': b'-- Up-to-date: /home/frankie/ros2_ws/install/aws_robomaker_small_house_world/share/aws_robomaker_small_house_world/models/aws_robomaker_residential_PortraitE_01/model.config\n'}
[0.419470] (aws_robomaker_small_house_world) StdoutLine: {'line': b'-- Up-to-date: /home/frankie/ros2_ws/install/aws_robomaker_small_house_world/share/aws_robomaker_small_house_world/models/aws_robomaker_residential_PortraitE_01/model.sdf\n'}
[0.419535] (aws_robomaker_small_house_world) StdoutLine: {'line': b'-- Up-to-date: /home/frankie/ros2_ws/install/aws_robomaker_small_house_world/share/aws_robomaker_small_house_world/models/aws_robomaker_residential_Ball_01\n'}
[0.419684] (aws_robomaker_small_house_world) StdoutLine: {'line': b'-- Up-to-date: /home/frankie/ros2_ws/install/aws_robomaker_small_house_world/share/aws_robomaker_small_house_world/models/aws_robomaker_residential_Ball_01/materials\n'}
[0.419975] (aws_robomaker_small_house_world) StdoutLine: {'line': b'-- Up-to-date: /home/frankie/ros2_ws/install/aws_robomaker_small_house_world/share/aws_robomaker_small_house_world/models/aws_robomaker_residential_Ball_01/materials/textures\n'}
[0.420281] (aws_robomaker_small_house_world) StdoutLine: {'line': b'-- Up-to-date: /home/frankie/ros2_ws/install/aws_robomaker_small_house_world/share/aws_robomaker_small_house_world/models/aws_robomaker_residential_Ball_01/materials/textures/aws_Ball_01.png\n'}
[0.420344] (aws_robomaker_small_house_world) StdoutLine: {'line': b'-- Up-to-date: /home/frankie/ros2_ws/install/aws_robomaker_small_house_world/share/aws_robomaker_small_house_world/models/aws_robomaker_residential_Ball_01/meshes\n'}
[0.420663] (aws_robomaker_small_house_world) StdoutLine: {'line': b'-- Up-to-date: /home/frankie/ros2_ws/install/aws_robomaker_small_house_world/share/aws_robomaker_small_house_world/models/aws_robomaker_residential_Ball_01/meshes/aws_Ball_01_collision.DAE\n'}
[0.420709] (aws_robomaker_small_house_world) StdoutLine: {'line': b'-- Up-to-date: /home/frankie/ros2_ws/install/aws_robomaker_small_house_world/share/aws_robomaker_small_house_world/models/aws_robomaker_residential_Ball_01/meshes/aws_Ball_01_visual.DAE\n'}
[0.420766] (aws_robomaker_small_house_world) StdoutLine: {'line': b'-- Up-to-date: /home/frankie/ros2_ws/install/aws_robomaker_small_house_world/share/aws_robomaker_small_house_world/models/aws_robomaker_residential_Ball_01/model.config\n'}
[0.420823] (aws_robomaker_small_house_world) StdoutLine: {'line': b'-- Up-to-date: /home/frankie/ros2_ws/install/aws_robomaker_small_house_world/share/aws_robomaker_small_house_world/models/aws_robomaker_residential_Ball_01/model.sdf\n'}
[0.420862] (aws_robomaker_small_house_world) StdoutLine: {'line': b'-- Up-to-date: /home/frankie/ros2_ws/install/aws_robomaker_small_house_world/share/aws_robomaker_small_house_world/models/aws_robomaker_residential_DeskPortraitD_02\n'}
[0.420912] (aws_robomaker_small_house_world) StdoutLine: {'line': b'-- Up-to-date: /home/frankie/ros2_ws/install/aws_robomaker_small_house_world/share/aws_robomaker_small_house_world/models/aws_robomaker_residential_DeskPortraitD_02/materials\n'}
[0.421081] (aws_robomaker_small_house_world) StdoutLine: {'line': b'-- Up-to-date: /home/frankie/ros2_ws/install/aws_robomaker_small_house_world/share/aws_robomaker_small_house_world/models/aws_robomaker_residential_DeskPortraitD_02/materials/textures\n'}
[0.421266] (aws_robomaker_small_house_world) StdoutLine: {'line': b'-- Up-to-date: /home/frankie/ros2_ws/install/aws_robomaker_small_house_world/share/aws_robomaker_small_house_world/models/aws_robomaker_residential_DeskPortraitD_02/materials/textures/aws_DeskPortraitD_02.png\n'}
[0.421335] (aws_robomaker_small_house_world) StdoutLine: {'line': b'-- Up-to-date: /home/frankie/ros2_ws/install/aws_robomaker_small_house_world/share/aws_robomaker_small_house_world/models/aws_robomaker_residential_DeskPortraitD_02/materials/textures/aws_DeskPortraitD_01.png\n'}
[0.421374] (aws_robomaker_small_house_world) StdoutLine: {'line': b'-- Up-to-date: /home/frankie/ros2_ws/install/aws_robomaker_small_house_world/share/aws_robomaker_small_house_world/models/aws_robomaker_residential_DeskPortraitD_02/meshes\n'}
[0.421498] (aws_robomaker_small_house_world) StdoutLine: {'line': b'-- Up-to-date: /home/frankie/ros2_ws/install/aws_robomaker_small_house_world/share/aws_robomaker_small_house_world/models/aws_robomaker_residential_DeskPortraitD_02/meshes/aws_DeskPortraitD_01_collision.DAE\n'}
[0.421561] (aws_robomaker_small_house_world) StdoutLine: {'line': b'-- Up-to-date: /home/frankie/ros2_ws/install/aws_robomaker_small_house_world/share/aws_robomaker_small_house_world/models/aws_robomaker_residential_DeskPortraitD_02/meshes/aws_DeskPortraitD_01_visual.DAE\n'}
[0.421606] (aws_robomaker_small_house_world) StdoutLine: {'line': b'-- Up-to-date: /home/frankie/ros2_ws/install/aws_robomaker_small_house_world/share/aws_robomaker_small_house_world/models/aws_robomaker_residential_DeskPortraitD_02/model.config\n'}
[0.421664] (aws_robomaker_small_house_world) StdoutLine: {'line': b'-- Up-to-date: /home/frankie/ros2_ws/install/aws_robomaker_small_house_world/share/aws_robomaker_small_house_world/models/aws_robomaker_residential_DeskPortraitD_02/model.sdf\n'}
[0.421701] (aws_robomaker_small_house_world) StdoutLine: {'line': b'-- Up-to-date: /home/frankie/ros2_ws/install/aws_robomaker_small_house_world/share/aws_robomaker_small_house_world/models/aws_robomaker_residential_Curtain_01\n'}
[0.421773] (aws_robomaker_small_house_world) StdoutLine: {'line': b'-- Up-to-date: /home/frankie/ros2_ws/install/aws_robomaker_small_house_world/share/aws_robomaker_small_house_world/models/aws_robomaker_residential_Curtain_01/materials\n'}
[0.421947] (aws_robomaker_small_house_world) StdoutLine: {'line': b'-- Up-to-date: /home/frankie/ros2_ws/install/aws_robomaker_small_house_world/share/aws_robomaker_small_house_world/models/aws_robomaker_residential_Curtain_01/materials/textures\n'}
[0.422127] (aws_robomaker_small_house_world) StdoutLine: {'line': b'-- Up-to-date: /home/frankie/ros2_ws/install/aws_robomaker_small_house_world/share/aws_robomaker_small_house_world/models/aws_robomaker_residential_Curtain_01/materials/textures/aws_Curtain_01.png\n'}
[0.422188] (aws_robomaker_small_house_world) StdoutLine: {'line': b'-- Up-to-date: /home/frankie/ros2_ws/install/aws_robomaker_small_house_world/share/aws_robomaker_small_house_world/models/aws_robomaker_residential_Curtain_01/meshes\n'}
[0.422329] (aws_robomaker_small_house_world) StdoutLine: {'line': b'-- Up-to-date: /home/frankie/ros2_ws/install/aws_robomaker_small_house_world/share/aws_robomaker_small_house_world/models/aws_robomaker_residential_Curtain_01/meshes/aws_Curtain_01_collision.DAE\n'}
[0.422387] (aws_robomaker_small_house_world) StdoutLine: {'line': b'-- Up-to-date: /home/frankie/ros2_ws/install/aws_robomaker_small_house_world/share/aws_robomaker_small_house_world/models/aws_robomaker_residential_Curtain_01/meshes/aws_Curtain_01_visual.DAE\n'}
[0.422445] (aws_robomaker_small_house_world) StdoutLine: {'line': b'-- Up-to-date: /home/frankie/ros2_ws/install/aws_robomaker_small_house_world/share/aws_robomaker_small_house_world/models/aws_robomaker_residential_Curtain_01/model.config\n'}
[0.422499] (aws_robomaker_small_house_world) StdoutLine: {'line': b'-- Up-to-date: /home/frankie/ros2_ws/install/aws_robomaker_small_house_world/share/aws_robomaker_small_house_world/models/aws_robomaker_residential_Curtain_01/model.sdf\n'}
[0.422535] (aws_robomaker_small_house_world) StdoutLine: {'line': b'-- Up-to-date: /home/frankie/ros2_ws/install/aws_robomaker_small_house_world/share/aws_robomaker_small_house_world/models/aws_robomaker_residential_DeskPortraitD_01\n'}
[0.422604] (aws_robomaker_small_house_world) StdoutLine: {'line': b'-- Up-to-date: /home/frankie/ros2_ws/install/aws_robomaker_small_house_world/share/aws_robomaker_small_house_world/models/aws_robomaker_residential_DeskPortraitD_01/materials\n'}
[0.422773] (aws_robomaker_small_house_world) StdoutLine: {'line': b'-- Up-to-date: /home/frankie/ros2_ws/install/aws_robomaker_small_house_world/share/aws_robomaker_small_house_world/models/aws_robomaker_residential_DeskPortraitD_01/materials/textures\n'}
[0.422953] (aws_robomaker_small_house_world) StdoutLine: {'line': b'-- Up-to-date: /home/frankie/ros2_ws/install/aws_robomaker_small_house_world/share/aws_robomaker_small_house_world/models/aws_robomaker_residential_DeskPortraitD_01/materials/textures/aws_DeskPortraitD_02.png\n'}
[0.423017] (aws_robomaker_small_house_world) StdoutLine: {'line': b'-- Up-to-date: /home/frankie/ros2_ws/install/aws_robomaker_small_house_world/share/aws_robomaker_small_house_world/models/aws_robomaker_residential_DeskPortraitD_01/materials/textures/aws_DeskPortraitD_01.png\n'}
[0.423060] (aws_robomaker_small_house_world) StdoutLine: {'line': b'-- Up-to-date: /home/frankie/ros2_ws/install/aws_robomaker_small_house_world/share/aws_robomaker_small_house_world/models/aws_robomaker_residential_DeskPortraitD_01/meshes\n'}
[0.423185] (aws_robomaker_small_house_world) StdoutLine: {'line': b'-- Up-to-date: /home/frankie/ros2_ws/install/aws_robomaker_small_house_world/share/aws_robomaker_small_house_world/models/aws_robomaker_residential_DeskPortraitD_01/meshes/aws_DeskPortraitD_01_collision.DAE\n'}
[0.423249] (aws_robomaker_small_house_world) StdoutLine: {'line': b'-- Up-to-date: /home/frankie/ros2_ws/install/aws_robomaker_small_house_world/share/aws_robomaker_small_house_world/models/aws_robomaker_residential_DeskPortraitD_01/meshes/aws_DeskPortraitD_01_visual.DAE\n'}
[0.423293] (aws_robomaker_small_house_world) StdoutLine: {'line': b'-- Up-to-date: /home/frankie/ros2_ws/install/aws_robomaker_small_house_world/share/aws_robomaker_small_house_world/models/aws_robomaker_residential_DeskPortraitD_01/model.config\n'}
[0.423351] (aws_robomaker_small_house_world) StdoutLine: {'line': b'-- Up-to-date: /home/frankie/ros2_ws/install/aws_robomaker_small_house_world/share/aws_robomaker_small_house_world/models/aws_robomaker_residential_DeskPortraitD_01/model.sdf\n'}
[0.423391] (aws_robomaker_small_house_world) StdoutLine: {'line': b'-- Up-to-date: /home/frankie/ros2_ws/install/aws_robomaker_small_house_world/share/aws_robomaker_small_house_world/models/aws_robomaker_residential_NightStand_01\n'}
[0.423459] (aws_robomaker_small_house_world) StdoutLine: {'line': b'-- Up-to-date: /home/frankie/ros2_ws/install/aws_robomaker_small_house_world/share/aws_robomaker_small_house_world/models/aws_robomaker_residential_NightStand_01/materials\n'}
[0.423634] (aws_robomaker_small_house_world) StdoutLine: {'line': b'-- Up-to-date: /home/frankie/ros2_ws/install/aws_robomaker_small_house_world/share/aws_robomaker_small_house_world/models/aws_robomaker_residential_NightStand_01/materials/textures\n'}
[0.423810] (aws_robomaker_small_house_world) StdoutLine: {'line': b'-- Up-to-date: /home/frankie/ros2_ws/install/aws_robomaker_small_house_world/share/aws_robomaker_small_house_world/models/aws_robomaker_residential_NightStand_01/materials/textures/aws_NightStand_01.png\n'}
[0.423866] (aws_robomaker_small_house_world) StdoutLine: {'line': b'-- Up-to-date: /home/frankie/ros2_ws/install/aws_robomaker_small_house_world/share/aws_robomaker_small_house_world/models/aws_robomaker_residential_NightStand_01/meshes\n'}
[0.424004] (aws_robomaker_small_house_world) StdoutLine: {'line': b'-- Up-to-date: /home/frankie/ros2_ws/install/aws_robomaker_small_house_world/share/aws_robomaker_small_house_world/models/aws_robomaker_residential_NightStand_01/meshes/aws_NightStand_01_collision.DAE\n'}
[0.424068] (aws_robomaker_small_house_world) StdoutLine: {'line': b'-- Up-to-date: /home/frankie/ros2_ws/install/aws_robomaker_small_house_world/share/aws_robomaker_small_house_world/models/aws_robomaker_residential_NightStand_01/meshes/aws_NightStand_01_visual.DAE\n'}
[0.424112] (aws_robomaker_small_house_world) StdoutLine: {'line': b'-- Up-to-date: /home/frankie/ros2_ws/install/aws_robomaker_small_house_world/share/aws_robomaker_small_house_world/models/aws_robomaker_residential_NightStand_01/model.config\n'}
[0.424175] (aws_robomaker_small_house_world) StdoutLine: {'line': b'-- Up-to-date: /home/frankie/ros2_ws/install/aws_robomaker_small_house_world/share/aws_robomaker_small_house_world/models/aws_robomaker_residential_NightStand_01/model.sdf\n'}
[0.424221] (aws_robomaker_small_house_world) StdoutLine: {'line': b'-- Up-to-date: /home/frankie/ros2_ws/install/aws_robomaker_small_house_world/share/aws_robomaker_small_house_world/models/aws_robomaker_residential_ChairA_01\n'}
[0.424406] (aws_robomaker_small_house_world) StdoutLine: {'line': b'-- Up-to-date: /home/frankie/ros2_ws/install/aws_robomaker_small_house_world/share/aws_robomaker_small_house_world/models/aws_robomaker_residential_ChairA_01/materials\n'}
[0.424737] (aws_robomaker_small_house_world) StdoutLine: {'line': b'-- Up-to-date: /home/frankie/ros2_ws/install/aws_robomaker_small_house_world/share/aws_robomaker_small_house_world/models/aws_robomaker_residential_ChairA_01/materials/textures\n'}
[0.425034] (aws_robomaker_small_house_world) StdoutLine: {'line': b'-- Up-to-date: /home/frankie/ros2_ws/install/aws_robomaker_small_house_world/share/aws_robomaker_small_house_world/models/aws_robomaker_residential_ChairA_01/materials/textures/aws_ChairA_01.png\n'}
[0.425089] (aws_robomaker_small_house_world) StdoutLine: {'line': b'-- Up-to-date: /home/frankie/ros2_ws/install/aws_robomaker_small_house_world/share/aws_robomaker_small_house_world/models/aws_robomaker_residential_ChairA_01/meshes\n'}
[0.425384] (aws_robomaker_small_house_world) StdoutLine: {'line': b'-- Up-to-date: /home/frankie/ros2_ws/install/aws_robomaker_small_house_world/share/aws_robomaker_small_house_world/models/aws_robomaker_residential_ChairA_01/meshes/aws_ChairA_01_visual.DAE\n'}
[0.425456] (aws_robomaker_small_house_world) StdoutLine: {'line': b'-- Up-to-date: /home/frankie/ros2_ws/install/aws_robomaker_small_house_world/share/aws_robomaker_small_house_world/models/aws_robomaker_residential_ChairA_01/meshes/aws_ChairA_01_collision.DAE\n'}
[0.425509] (aws_robomaker_small_house_world) StdoutLine: {'line': b'-- Up-to-date: /home/frankie/ros2_ws/install/aws_robomaker_small_house_world/share/aws_robomaker_small_house_world/models/aws_robomaker_residential_ChairA_01/model.config\n'}
[0.425547] (aws_robomaker_small_house_world) StdoutLine: {'line': b'-- Up-to-date: /home/frankie/ros2_ws/install/aws_robomaker_small_house_world/share/aws_robomaker_small_house_world/models/aws_robomaker_residential_ChairA_01/model.sdf\n'}
[0.425584] (aws_robomaker_small_house_world) StdoutLine: {'line': b'-- Up-to-date: /home/frankie/ros2_ws/install/aws_robomaker_small_house_world/share/aws_robomaker_small_house_world/models/aws_robomaker_residential_Vase_01\n'}
[0.425656] (aws_robomaker_small_house_world) StdoutLine: {'line': b'-- Up-to-date: /home/frankie/ros2_ws/install/aws_robomaker_small_house_world/share/aws_robomaker_small_house_world/models/aws_robomaker_residential_Vase_01/materials\n'}
[0.425848] (aws_robomaker_small_house_world) StdoutLine: {'line': b'-- Up-to-date: /home/frankie/ros2_ws/install/aws_robomaker_small_house_world/share/aws_robomaker_small_house_world/models/aws_robomaker_residential_Vase_01/materials/textures\n'}
[0.426057] (aws_robomaker_small_house_world) StdoutLine: {'line': b'-- Up-to-date: /home/frankie/ros2_ws/install/aws_robomaker_small_house_world/share/aws_robomaker_small_house_world/models/aws_robomaker_residential_Vase_01/materials/textures/aws_Vase_01.png\n'}
[0.426118] (aws_robomaker_small_house_world) StdoutLine: {'line': b'-- Up-to-date: /home/frankie/ros2_ws/install/aws_robomaker_small_house_world/share/aws_robomaker_small_house_world/models/aws_robomaker_residential_Vase_01/meshes\n'}
[0.426271] (aws_robomaker_small_house_world) StdoutLine: {'line': b'-- Up-to-date: /home/frankie/ros2_ws/install/aws_robomaker_small_house_world/share/aws_robomaker_small_house_world/models/aws_robomaker_residential_Vase_01/meshes/aws_Vase_01_collision.DAE\n'}
[0.426340] (aws_robomaker_small_house_world) StdoutLine: {'line': b'-- Up-to-date: /home/frankie/ros2_ws/install/aws_robomaker_small_house_world/share/aws_robomaker_small_house_world/models/aws_robomaker_residential_Vase_01/meshes/aws_Vase_01_visual.DAE\n'}
[0.426404] (aws_robomaker_small_house_world) StdoutLine: {'line': b'-- Up-to-date: /home/frankie/ros2_ws/install/aws_robomaker_small_house_world/share/aws_robomaker_small_house_world/models/aws_robomaker_residential_Vase_01/model.config\n'}
[0.426440] (aws_robomaker_small_house_world) StdoutLine: {'line': b'-- Up-to-date: /home/frankie/ros2_ws/install/aws_robomaker_small_house_world/share/aws_robomaker_small_house_world/models/aws_robomaker_residential_Vase_01/model.sdf\n'}
[0.426476] (aws_robomaker_small_house_world) StdoutLine: {'line': b'-- Up-to-date: /home/frankie/ros2_ws/install/aws_robomaker_small_house_world/share/aws_robomaker_small_house_world/models/aws_robomaker_residential_SeasoningBox_01\n'}
[0.426560] (aws_robomaker_small_house_world) StdoutLine: {'line': b'-- Up-to-date: /home/frankie/ros2_ws/install/aws_robomaker_small_house_world/share/aws_robomaker_small_house_world/models/aws_robomaker_residential_SeasoningBox_01/materials\n'}
[0.426756] (aws_robomaker_small_house_world) StdoutLine: {'line': b'-- Up-to-date: /home/frankie/ros2_ws/install/aws_robomaker_small_house_world/share/aws_robomaker_small_house_world/models/aws_robomaker_residential_SeasoningBox_01/materials/textures\n'}
[0.426954] (aws_robomaker_small_house_world) StdoutLine: {'line': b'-- Up-to-date: /home/frankie/ros2_ws/install/aws_robomaker_small_house_world/share/aws_robomaker_small_house_world/models/aws_robomaker_residential_SeasoningBox_01/materials/textures/aws_SeasoningBox_01.png\n'}
[0.427013] (aws_robomaker_small_house_world) StdoutLine: {'line': b'-- Up-to-date: /home/frankie/ros2_ws/install/aws_robomaker_small_house_world/share/aws_robomaker_small_house_world/models/aws_robomaker_residential_SeasoningBox_01/meshes\n'}
[0.427186] (aws_robomaker_small_house_world) StdoutLine: {'line': b'-- Up-to-date: /home/frankie/ros2_ws/install/aws_robomaker_small_house_world/share/aws_robomaker_small_house_world/models/aws_robomaker_residential_SeasoningBox_01/meshes/aws_SeasoningBox_01_visual.DAE\n'}
[0.427262] (aws_robomaker_small_house_world) StdoutLine: {'line': b'-- Up-to-date: /home/frankie/ros2_ws/install/aws_robomaker_small_house_world/share/aws_robomaker_small_house_world/models/aws_robomaker_residential_SeasoningBox_01/meshes/aws_SeasoningBox_01_collision.DAE\n'}
[0.427320] (aws_robomaker_small_house_world) StdoutLine: {'line': b'-- Up-to-date: /home/frankie/ros2_ws/install/aws_robomaker_small_house_world/share/aws_robomaker_small_house_world/models/aws_robomaker_residential_SeasoningBox_01/model.config\n'}
[0.427356] (aws_robomaker_small_house_world) StdoutLine: {'line': b'-- Up-to-date: /home/frankie/ros2_ws/install/aws_robomaker_small_house_world/share/aws_robomaker_small_house_world/models/aws_robomaker_residential_SeasoningBox_01/model.sdf\n'}
[0.427392] (aws_robomaker_small_house_world) StdoutLine: {'line': b'-- Up-to-date: /home/frankie/ros2_ws/install/aws_robomaker_small_house_world/share/aws_robomaker_small_house_world/models/aws_robomaker_residential_Chandelier_01\n'}
[0.427625] (aws_robomaker_small_house_world) StdoutLine: {'line': b'-- Up-to-date: /home/frankie/ros2_ws/install/aws_robomaker_small_house_world/share/aws_robomaker_small_house_world/models/aws_robomaker_residential_Chandelier_01/materials\n'}
[0.427935] (aws_robomaker_small_house_world) StdoutLine: {'line': b'-- Up-to-date: /home/frankie/ros2_ws/install/aws_robomaker_small_house_world/share/aws_robomaker_small_house_world/models/aws_robomaker_residential_Chandelier_01/materials/textures\n'}
[0.428227] (aws_robomaker_small_house_world) StdoutLine: {'line': b'-- Up-to-date: /home/frankie/ros2_ws/install/aws_robomaker_small_house_world/share/aws_robomaker_small_house_world/models/aws_robomaker_residential_Chandelier_01/materials/textures/aws_Chandelier_01.png\n'}
[0.428291] (aws_robomaker_small_house_world) StdoutLine: {'line': b'-- Up-to-date: /home/frankie/ros2_ws/install/aws_robomaker_small_house_world/share/aws_robomaker_small_house_world/models/aws_robomaker_residential_Chandelier_01/meshes\n'}
[0.428588] (aws_robomaker_small_house_world) StdoutLine: {'line': b'-- Up-to-date: /home/frankie/ros2_ws/install/aws_robomaker_small_house_world/share/aws_robomaker_small_house_world/models/aws_robomaker_residential_Chandelier_01/meshes/aws_Chandelier_01_collision.DAE\n'}
[0.428647] (aws_robomaker_small_house_world) StdoutLine: {'line': b'-- Up-to-date: /home/frankie/ros2_ws/install/aws_robomaker_small_house_world/share/aws_robomaker_small_house_world/models/aws_robomaker_residential_Chandelier_01/meshes/aws_Chandelier_01_visual.DAE\n'}
[0.428704] (aws_robomaker_small_house_world) StdoutLine: {'line': b'-- Up-to-date: /home/frankie/ros2_ws/install/aws_robomaker_small_house_world/share/aws_robomaker_small_house_world/models/aws_robomaker_residential_Chandelier_01/meshes/aws_Chandelier_01.DAE\n'}
[0.428769] (aws_robomaker_small_house_world) StdoutLine: {'line': b'-- Up-to-date: /home/frankie/ros2_ws/install/aws_robomaker_small_house_world/share/aws_robomaker_small_house_world/models/aws_robomaker_residential_Chandelier_01/model.config\n'}
[0.428809] (aws_robomaker_small_house_world) StdoutLine: {'line': b'-- Up-to-date: /home/frankie/ros2_ws/install/aws_robomaker_small_house_world/share/aws_robomaker_small_house_world/models/aws_robomaker_residential_Chandelier_01/model.sdf\n'}
[0.428847] (aws_robomaker_small_house_world) StdoutLine: {'line': b'-- Up-to-date: /home/frankie/ros2_ws/install/aws_robomaker_small_house_world/share/aws_robomaker_small_house_world/models/aws_robomaker_residential_PortraitD_01\n'}
[0.428911] (aws_robomaker_small_house_world) StdoutLine: {'line': b'-- Up-to-date: /home/frankie/ros2_ws/install/aws_robomaker_small_house_world/share/aws_robomaker_small_house_world/models/aws_robomaker_residential_PortraitD_01/materials\n'}
[0.429109] (aws_robomaker_small_house_world) StdoutLine: {'line': b'-- Up-to-date: /home/frankie/ros2_ws/install/aws_robomaker_small_house_world/share/aws_robomaker_small_house_world/models/aws_robomaker_residential_PortraitD_01/materials/textures\n'}
[0.429302] (aws_robomaker_small_house_world) StdoutLine: {'line': b'-- Up-to-date: /home/frankie/ros2_ws/install/aws_robomaker_small_house_world/share/aws_robomaker_small_house_world/models/aws_robomaker_residential_PortraitD_01/materials/textures/aws_PortraitD_01.png\n'}
[0.429373] (aws_robomaker_small_house_world) StdoutLine: {'line': b'-- Up-to-date: /home/frankie/ros2_ws/install/aws_robomaker_small_house_world/share/aws_robomaker_small_house_world/models/aws_robomaker_residential_PortraitD_01/materials/textures/aws_PortraitD_02.png\n'}
[0.429414] (aws_robomaker_small_house_world) StdoutLine: {'line': b'-- Up-to-date: /home/frankie/ros2_ws/install/aws_robomaker_small_house_world/share/aws_robomaker_small_house_world/models/aws_robomaker_residential_PortraitD_01/meshes\n'}
[0.429550] (aws_robomaker_small_house_world) StdoutLine: {'line': b'-- Up-to-date: /home/frankie/ros2_ws/install/aws_robomaker_small_house_world/share/aws_robomaker_small_house_world/models/aws_robomaker_residential_PortraitD_01/meshes/aws_PortraitD_01_visual.DAE\n'}
[0.429616] (aws_robomaker_small_house_world) StdoutLine: {'line': b'-- Up-to-date: /home/frankie/ros2_ws/install/aws_robomaker_small_house_world/share/aws_robomaker_small_house_world/models/aws_robomaker_residential_PortraitD_01/meshes/aws_PortraitD_01_collision.DAE\n'}
[0.429660] (aws_robomaker_small_house_world) StdoutLine: {'line': b'-- Up-to-date: /home/frankie/ros2_ws/install/aws_robomaker_small_house_world/share/aws_robomaker_small_house_world/models/aws_robomaker_residential_PortraitD_01/model.config\n'}
[0.429719] (aws_robomaker_small_house_world) StdoutLine: {'line': b'-- Up-to-date: /home/frankie/ros2_ws/install/aws_robomaker_small_house_world/share/aws_robomaker_small_house_world/models/aws_robomaker_residential_PortraitD_01/model.sdf\n'}
[0.429757] (aws_robomaker_small_house_world) StdoutLine: {'line': b'-- Up-to-date: /home/frankie/ros2_ws/install/aws_robomaker_small_house_world/share/aws_robomaker_small_house_world/models/aws_robomaker_residential_Handle_01\n'}
[0.429831] (aws_robomaker_small_house_world) StdoutLine: {'line': b'-- Up-to-date: /home/frankie/ros2_ws/install/aws_robomaker_small_house_world/share/aws_robomaker_small_house_world/models/aws_robomaker_residential_Handle_01/materials\n'}
[0.430005] (aws_robomaker_small_house_world) StdoutLine: {'line': b'-- Up-to-date: /home/frankie/ros2_ws/install/aws_robomaker_small_house_world/share/aws_robomaker_small_house_world/models/aws_robomaker_residential_Handle_01/materials/textures\n'}
[0.430184] (aws_robomaker_small_house_world) StdoutLine: {'line': b'-- Up-to-date: /home/frankie/ros2_ws/install/aws_robomaker_small_house_world/share/aws_robomaker_small_house_world/models/aws_robomaker_residential_Handle_01/materials/textures/aws_Handle_01.png\n'}
[0.430247] (aws_robomaker_small_house_world) StdoutLine: {'line': b'-- Up-to-date: /home/frankie/ros2_ws/install/aws_robomaker_small_house_world/share/aws_robomaker_small_house_world/models/aws_robomaker_residential_Handle_01/meshes\n'}
[0.430381] (aws_robomaker_small_house_world) StdoutLine: {'line': b'-- Up-to-date: /home/frankie/ros2_ws/install/aws_robomaker_small_house_world/share/aws_robomaker_small_house_world/models/aws_robomaker_residential_Handle_01/meshes/aws_Handle_01_visual.DAE\n'}
[0.430451] (aws_robomaker_small_house_world) StdoutLine: {'line': b'-- Up-to-date: /home/frankie/ros2_ws/install/aws_robomaker_small_house_world/share/aws_robomaker_small_house_world/models/aws_robomaker_residential_Handle_01/meshes/aws_ handle_01_collision.DAE\n'}
[0.430498] (aws_robomaker_small_house_world) StdoutLine: {'line': b'-- Up-to-date: /home/frankie/ros2_ws/install/aws_robomaker_small_house_world/share/aws_robomaker_small_house_world/models/aws_robomaker_residential_Handle_01/meshes/aws_Handle_01_collision.DAE\n'}
[0.430539] (aws_robomaker_small_house_world) StdoutLine: {'line': b'-- Up-to-date: /home/frankie/ros2_ws/install/aws_robomaker_small_house_world/share/aws_robomaker_small_house_world/models/aws_robomaker_residential_Handle_01/model.config\n'}
[0.430594] (aws_robomaker_small_house_world) StdoutLine: {'line': b'-- Up-to-date: /home/frankie/ros2_ws/install/aws_robomaker_small_house_world/share/aws_robomaker_small_house_world/models/aws_robomaker_residential_Handle_01/model.sdf\n'}
[0.430649] (aws_robomaker_small_house_world) StdoutLine: {'line': b'-- Up-to-date: /home/frankie/ros2_ws/install/aws_robomaker_small_house_world/share/aws_robomaker_small_house_world/models/aws_robomaker_residential_PortraitE_02\n'}
[0.430700] (aws_robomaker_small_house_world) StdoutLine: {'line': b'-- Up-to-date: /home/frankie/ros2_ws/install/aws_robomaker_small_house_world/share/aws_robomaker_small_house_world/models/aws_robomaker_residential_PortraitE_02/materials\n'}
[0.430878] (aws_robomaker_small_house_world) StdoutLine: {'line': b'-- Up-to-date: /home/frankie/ros2_ws/install/aws_robomaker_small_house_world/share/aws_robomaker_small_house_world/models/aws_robomaker_residential_PortraitE_02/materials/textures\n'}
[0.431077] (aws_robomaker_small_house_world) StdoutLine: {'line': b'-- Up-to-date: /home/frankie/ros2_ws/install/aws_robomaker_small_house_world/share/aws_robomaker_small_house_world/models/aws_robomaker_residential_PortraitE_02/materials/textures/aws_PortraitE_01.png\n'}
[0.431132] (aws_robomaker_small_house_world) StdoutLine: {'line': b'-- Up-to-date: /home/frankie/ros2_ws/install/aws_robomaker_small_house_world/share/aws_robomaker_small_house_world/models/aws_robomaker_residential_PortraitE_02/materials/textures/aws_PortraitE_02.png\n'}
[0.431194] (aws_robomaker_small_house_world) StdoutLine: {'line': b'-- Up-to-date: /home/frankie/ros2_ws/install/aws_robomaker_small_house_world/share/aws_robomaker_small_house_world/models/aws_robomaker_residential_PortraitE_02/meshes\n'}
[0.431372] (aws_robomaker_small_house_world) StdoutLine: {'line': b'-- Up-to-date: /home/frankie/ros2_ws/install/aws_robomaker_small_house_world/share/aws_robomaker_small_house_world/models/aws_robomaker_residential_PortraitE_02/meshes/aws_PortraitE_01_collision.DAE\n'}
[0.431438] (aws_robomaker_small_house_world) StdoutLine: {'line': b'-- Up-to-date: /home/frankie/ros2_ws/install/aws_robomaker_small_house_world/share/aws_robomaker_small_house_world/models/aws_robomaker_residential_PortraitE_02/meshes/aws_PortraitE_01_visual.DAE\n'}
[0.431493] (aws_robomaker_small_house_world) StdoutLine: {'line': b'-- Up-to-date: /home/frankie/ros2_ws/install/aws_robomaker_small_house_world/share/aws_robomaker_small_house_world/models/aws_robomaker_residential_PortraitE_02/model.config\n'}
[0.431533] (aws_robomaker_small_house_world) StdoutLine: {'line': b'-- Up-to-date: /home/frankie/ros2_ws/install/aws_robomaker_small_house_world/share/aws_robomaker_small_house_world/models/aws_robomaker_residential_PortraitE_02/model.sdf\n'}
[0.431585] (aws_robomaker_small_house_world) StdoutLine: {'line': b'-- Up-to-date: /home/frankie/ros2_ws/install/aws_robomaker_small_house_world/share/aws_robomaker_small_house_world/models/aws_robomaker_residential_SofaC_01\n'}
[0.431660] (aws_robomaker_small_house_world) StdoutLine: {'line': b'-- Up-to-date: /home/frankie/ros2_ws/install/aws_robomaker_small_house_world/share/aws_robomaker_small_house_world/models/aws_robomaker_residential_SofaC_01/materials\n'}
[0.431844] (aws_robomaker_small_house_world) StdoutLine: {'line': b'-- Up-to-date: /home/frankie/ros2_ws/install/aws_robomaker_small_house_world/share/aws_robomaker_small_house_world/models/aws_robomaker_residential_SofaC_01/materials/textures\n'}
[0.432038] (aws_robomaker_small_house_world) StdoutLine: {'line': b'-- Up-to-date: /home/frankie/ros2_ws/install/aws_robomaker_small_house_world/share/aws_robomaker_small_house_world/models/aws_robomaker_residential_SofaC_01/materials/textures/aws_SofaC_01.png\n'}
[0.432098] (aws_robomaker_small_house_world) StdoutLine: {'line': b'-- Up-to-date: /home/frankie/ros2_ws/install/aws_robomaker_small_house_world/share/aws_robomaker_small_house_world/models/aws_robomaker_residential_SofaC_01/meshes\n'}
[0.432266] (aws_robomaker_small_house_world) StdoutLine: {'line': b'-- Up-to-date: /home/frankie/ros2_ws/install/aws_robomaker_small_house_world/share/aws_robomaker_small_house_world/models/aws_robomaker_residential_SofaC_01/meshes/aws_SofaC_01_collision.DAE\n'}
[0.432371] (aws_robomaker_small_house_world) StdoutLine: {'line': b'-- Up-to-date: /home/frankie/ros2_ws/install/aws_robomaker_small_house_world/share/aws_robomaker_small_house_world/models/aws_robomaker_residential_SofaC_01/meshes/aws_SofaC_01_visual.DAE\n'}
[0.432418] (aws_robomaker_small_house_world) StdoutLine: {'line': b'-- Up-to-date: /home/frankie/ros2_ws/install/aws_robomaker_small_house_world/share/aws_robomaker_small_house_world/models/aws_robomaker_residential_SofaC_01/model.config\n'}
[0.432457] (aws_robomaker_small_house_world) StdoutLine: {'line': b'-- Up-to-date: /home/frankie/ros2_ws/install/aws_robomaker_small_house_world/share/aws_robomaker_small_house_world/models/aws_robomaker_residential_SofaC_01/model.sdf\n'}
[0.432495] (aws_robomaker_small_house_world) StdoutLine: {'line': b'-- Up-to-date: /home/frankie/ros2_ws/install/aws_robomaker_small_house_world/share/aws_robomaker_small_house_world/models/aws_robomaker_residential_Door_01\n'}
[0.432555] (aws_robomaker_small_house_world) StdoutLine: {'line': b'-- Up-to-date: /home/frankie/ros2_ws/install/aws_robomaker_small_house_world/share/aws_robomaker_small_house_world/models/aws_robomaker_residential_Door_01/materials\n'}
[0.432905] (aws_robomaker_small_house_world) StdoutLine: {'line': b'-- Up-to-date: /home/frankie/ros2_ws/install/aws_robomaker_small_house_world/share/aws_robomaker_small_house_world/models/aws_robomaker_residential_Door_01/materials/textures\n'}
[0.433053] (aws_robomaker_small_house_world) StdoutLine: {'line': b'-- Up-to-date: /home/frankie/ros2_ws/install/aws_robomaker_small_house_world/share/aws_robomaker_small_house_world/models/aws_robomaker_residential_Door_01/materials/textures/aws_Door_01.png\n'}
[0.433110] (aws_robomaker_small_house_world) StdoutLine: {'line': b'-- Up-to-date: /home/frankie/ros2_ws/install/aws_robomaker_small_house_world/share/aws_robomaker_small_house_world/models/aws_robomaker_residential_Door_01/meshes\n'}
[0.433193] (aws_robomaker_small_house_world) StdoutLine: {'line': b'-- Up-to-date: /home/frankie/ros2_ws/install/aws_robomaker_small_house_world/share/aws_robomaker_small_house_world/models/aws_robomaker_residential_Door_01/meshes/aws_Door_01_visual.DAE\n'}
[0.433301] (aws_robomaker_small_house_world) StdoutLine: {'line': b'-- Up-to-date: /home/frankie/ros2_ws/install/aws_robomaker_small_house_world/share/aws_robomaker_small_house_world/models/aws_robomaker_residential_Door_01/meshes/aws_Door_01_collision.DAE\n'}
[0.433345] (aws_robomaker_small_house_world) StdoutLine: {'line': b'-- Up-to-date: /home/frankie/ros2_ws/install/aws_robomaker_small_house_world/share/aws_robomaker_small_house_world/models/aws_robomaker_residential_Door_01/model.config\n'}
[0.433401] (aws_robomaker_small_house_world) StdoutLine: {'line': b'-- Up-to-date: /home/frankie/ros2_ws/install/aws_robomaker_small_house_world/share/aws_robomaker_small_house_world/models/aws_robomaker_residential_Door_01/model.sdf\n'}
[0.433473] (aws_robomaker_small_house_world) StdoutLine: {'line': b'-- Up-to-date: /home/frankie/ros2_ws/install/aws_robomaker_small_house_world/share/aws_robomaker_small_house_world/models/aws_robomaker_residential_TVCabinet_01\n'}
[0.433543] (aws_robomaker_small_house_world) StdoutLine: {'line': b'-- Up-to-date: /home/frankie/ros2_ws/install/aws_robomaker_small_house_world/share/aws_robomaker_small_house_world/models/aws_robomaker_residential_TVCabinet_01/materials\n'}
[0.433728] (aws_robomaker_small_house_world) StdoutLine: {'line': b'-- Up-to-date: /home/frankie/ros2_ws/install/aws_robomaker_small_house_world/share/aws_robomaker_small_house_world/models/aws_robomaker_residential_TVCabinet_01/materials/textures\n'}
[0.433952] (aws_robomaker_small_house_world) StdoutLine: {'line': b'-- Up-to-date: /home/frankie/ros2_ws/install/aws_robomaker_small_house_world/share/aws_robomaker_small_house_world/models/aws_robomaker_residential_TVCabinet_01/materials/textures/aws_TVCabinet_01.png\n'}
[0.434088] (aws_robomaker_small_house_world) StdoutLine: {'line': b'-- Up-to-date: /home/frankie/ros2_ws/install/aws_robomaker_small_house_world/share/aws_robomaker_small_house_world/models/aws_robomaker_residential_TVCabinet_01/meshes\n'}
[0.434217] (aws_robomaker_small_house_world) StdoutLine: {'line': b'-- Up-to-date: /home/frankie/ros2_ws/install/aws_robomaker_small_house_world/share/aws_robomaker_small_house_world/models/aws_robomaker_residential_TVCabinet_01/meshes/aws_TVCabinet_01_collision.DAE\n'}
[0.434342] (aws_robomaker_small_house_world) StdoutLine: {'line': b'-- Up-to-date: /home/frankie/ros2_ws/install/aws_robomaker_small_house_world/share/aws_robomaker_small_house_world/models/aws_robomaker_residential_TVCabinet_01/meshes/aws_TVCabinet_01_visual.DAE\n'}
[0.434438] (aws_robomaker_small_house_world) StdoutLine: {'line': b'-- Up-to-date: /home/frankie/ros2_ws/install/aws_robomaker_small_house_world/share/aws_robomaker_small_house_world/models/aws_robomaker_residential_TVCabinet_01/model.config\n'}
[0.434512] (aws_robomaker_small_house_world) StdoutLine: {'line': b'-- Up-to-date: /home/frankie/ros2_ws/install/aws_robomaker_small_house_world/share/aws_robomaker_small_house_world/models/aws_robomaker_residential_TVCabinet_01/model.sdf\n'}
[0.434605] (aws_robomaker_small_house_world) StdoutLine: {'line': b'-- Up-to-date: /home/frankie/ros2_ws/install/aws_robomaker_small_house_world/share/aws_robomaker_small_house_world/models/aws_robomaker_residential_FoldingDoor_02\n'}
[0.434679] (aws_robomaker_small_house_world) StdoutLine: {'line': b'-- Up-to-date: /home/frankie/ros2_ws/install/aws_robomaker_small_house_world/share/aws_robomaker_small_house_world/models/aws_robomaker_residential_FoldingDoor_02/materials\n'}
[0.434752] (aws_robomaker_small_house_world) StdoutLine: {'line': b'-- Up-to-date: /home/frankie/ros2_ws/install/aws_robomaker_small_house_world/share/aws_robomaker_small_house_world/models/aws_robomaker_residential_FoldingDoor_02/materials/textures\n'}
[0.434857] (aws_robomaker_small_house_world) StdoutLine: {'line': b'-- Up-to-date: /home/frankie/ros2_ws/install/aws_robomaker_small_house_world/share/aws_robomaker_small_house_world/models/aws_robomaker_residential_FoldingDoor_02/materials/textures/aws_FoldingDoor_02.png\n'}
[0.434943] (aws_robomaker_small_house_world) StdoutLine: {'line': b'-- Up-to-date: /home/frankie/ros2_ws/install/aws_robomaker_small_house_world/share/aws_robomaker_small_house_world/models/aws_robomaker_residential_FoldingDoor_02/meshes\n'}
[0.435023] (aws_robomaker_small_house_world) StdoutLine: {'line': b'-- Up-to-date: /home/frankie/ros2_ws/install/aws_robomaker_small_house_world/share/aws_robomaker_small_house_world/models/aws_robomaker_residential_FoldingDoor_02/meshes/aws_FoldingDoor_02_visual.DAE\n'}
[0.435135] (aws_robomaker_small_house_world) StdoutLine: {'line': b'-- Up-to-date: /home/frankie/ros2_ws/install/aws_robomaker_small_house_world/share/aws_robomaker_small_house_world/models/aws_robomaker_residential_FoldingDoor_02/meshes/aws_FoldingDoor_02_collision.DAE\n'}
[0.435224] (aws_robomaker_small_house_world) StdoutLine: {'line': b'-- Up-to-date: /home/frankie/ros2_ws/install/aws_robomaker_small_house_world/share/aws_robomaker_small_house_world/models/aws_robomaker_residential_FoldingDoor_02/model.config\n'}
[0.435303] (aws_robomaker_small_house_world) StdoutLine: {'line': b'-- Up-to-date: /home/frankie/ros2_ws/install/aws_robomaker_small_house_world/share/aws_robomaker_small_house_world/models/aws_robomaker_residential_FoldingDoor_02/model.sdf\n'}
[0.435398] (aws_robomaker_small_house_world) StdoutLine: {'line': b'-- Up-to-date: /home/frankie/ros2_ws/install/aws_robomaker_small_house_world/share/aws_robomaker_small_house_world/models/aws_robomaker_residential_Tableware_01\n'}
[0.435480] (aws_robomaker_small_house_world) StdoutLine: {'line': b'-- Up-to-date: /home/frankie/ros2_ws/install/aws_robomaker_small_house_world/share/aws_robomaker_small_house_world/models/aws_robomaker_residential_Tableware_01/materials\n'}
[0.435559] (aws_robomaker_small_house_world) StdoutLine: {'line': b'-- Up-to-date: /home/frankie/ros2_ws/install/aws_robomaker_small_house_world/share/aws_robomaker_small_house_world/models/aws_robomaker_residential_Tableware_01/materials/textures\n'}
[0.435666] (aws_robomaker_small_house_world) StdoutLine: {'line': b'-- Up-to-date: /home/frankie/ros2_ws/install/aws_robomaker_small_house_world/share/aws_robomaker_small_house_world/models/aws_robomaker_residential_Tableware_01/materials/textures/aws_Tableware_01.png\n'}
[0.435744] (aws_robomaker_small_house_world) StdoutLine: {'line': b'-- Up-to-date: /home/frankie/ros2_ws/install/aws_robomaker_small_house_world/share/aws_robomaker_small_house_world/models/aws_robomaker_residential_Tableware_01/meshes\n'}
[0.435816] (aws_robomaker_small_house_world) StdoutLine: {'line': b'-- Up-to-date: /home/frankie/ros2_ws/install/aws_robomaker_small_house_world/share/aws_robomaker_small_house_world/models/aws_robomaker_residential_Tableware_01/meshes/aws_Tableware_01_visual.DAE\n'}
[0.435920] (aws_robomaker_small_house_world) StdoutLine: {'line': b'-- Up-to-date: /home/frankie/ros2_ws/install/aws_robomaker_small_house_world/share/aws_robomaker_small_house_world/models/aws_robomaker_residential_Tableware_01/meshes/aws_Tableware_01_collision.DAE\n'}
[0.435997] (aws_robomaker_small_house_world) StdoutLine: {'line': b'-- Up-to-date: /home/frankie/ros2_ws/install/aws_robomaker_small_house_world/share/aws_robomaker_small_house_world/models/aws_robomaker_residential_Tableware_01/model.config\n'}
[0.436074] (aws_robomaker_small_house_world) StdoutLine: {'line': b'-- Up-to-date: /home/frankie/ros2_ws/install/aws_robomaker_small_house_world/share/aws_robomaker_small_house_world/models/aws_robomaker_residential_Tableware_01/model.sdf\n'}
[0.436164] (aws_robomaker_small_house_world) StdoutLine: {'line': b'-- Up-to-date: /home/frankie/ros2_ws/install/aws_robomaker_small_house_world/share/aws_robomaker_small_house_world/models/aws_robomaker_residential_DeskPortraitA_02\n'}
[0.436299] (aws_robomaker_small_house_world) StdoutLine: {'line': b'-- Up-to-date: /home/frankie/ros2_ws/install/aws_robomaker_small_house_world/share/aws_robomaker_small_house_world/models/aws_robomaker_residential_DeskPortraitA_02/materials\n'}
[0.436499] (aws_robomaker_small_house_world) StdoutLine: {'line': b'-- Up-to-date: /home/frankie/ros2_ws/install/aws_robomaker_small_house_world/share/aws_robomaker_small_house_world/models/aws_robomaker_residential_DeskPortraitA_02/materials/textures\n'}
[0.436584] (aws_robomaker_small_house_world) StdoutLine: {'line': b'-- Up-to-date: /home/frankie/ros2_ws/install/aws_robomaker_small_house_world/share/aws_robomaker_small_house_world/models/aws_robomaker_residential_DeskPortraitA_02/materials/textures/aws_DeskPortraitA_02.png\n'}
[0.436725] (aws_robomaker_small_house_world) StdoutLine: {'line': b'-- Up-to-date: /home/frankie/ros2_ws/install/aws_robomaker_small_house_world/share/aws_robomaker_small_house_world/models/aws_robomaker_residential_DeskPortraitA_02/materials/textures/aws_DeskPortraitA_01.png\n'}
[0.436796] (aws_robomaker_small_house_world) StdoutLine: {'line': b'-- Up-to-date: /home/frankie/ros2_ws/install/aws_robomaker_small_house_world/share/aws_robomaker_small_house_world/models/aws_robomaker_residential_DeskPortraitA_02/meshes\n'}
[0.436868] (aws_robomaker_small_house_world) StdoutLine: {'line': b'-- Up-to-date: /home/frankie/ros2_ws/install/aws_robomaker_small_house_world/share/aws_robomaker_small_house_world/models/aws_robomaker_residential_DeskPortraitA_02/meshes/aws_DeskPortraitA_01_collision.DAE\n'}
[0.436941] (aws_robomaker_small_house_world) StdoutLine: {'line': b'-- Up-to-date: /home/frankie/ros2_ws/install/aws_robomaker_small_house_world/share/aws_robomaker_small_house_world/models/aws_robomaker_residential_DeskPortraitA_02/meshes/aws_DeskPortraitA_01_visual.DAE\n'}
[0.437012] (aws_robomaker_small_house_world) StdoutLine: {'line': b'-- Up-to-date: /home/frankie/ros2_ws/install/aws_robomaker_small_house_world/share/aws_robomaker_small_house_world/models/aws_robomaker_residential_DeskPortraitA_02/model.config\n'}
[0.437080] (aws_robomaker_small_house_world) StdoutLine: {'line': b'-- Up-to-date: /home/frankie/ros2_ws/install/aws_robomaker_small_house_world/share/aws_robomaker_small_house_world/models/aws_robomaker_residential_DeskPortraitA_02/model.sdf\n'}
[0.437191] (aws_robomaker_small_house_world) StdoutLine: {'line': b'-- Up-to-date: /home/frankie/ros2_ws/install/aws_robomaker_small_house_world/share/aws_robomaker_small_house_world/models/aws_robomaker_residential_CookingBench_01\n'}
[0.437291] (aws_robomaker_small_house_world) StdoutLine: {'line': b'-- Up-to-date: /home/frankie/ros2_ws/install/aws_robomaker_small_house_world/share/aws_robomaker_small_house_world/models/aws_robomaker_residential_CookingBench_01/materials\n'}
[0.437363] (aws_robomaker_small_house_world) StdoutLine: {'line': b'-- Up-to-date: /home/frankie/ros2_ws/install/aws_robomaker_small_house_world/share/aws_robomaker_small_house_world/models/aws_robomaker_residential_CookingBench_01/materials/textures\n'}
[0.437459] (aws_robomaker_small_house_world) StdoutLine: {'line': b'-- Up-to-date: /home/frankie/ros2_ws/install/aws_robomaker_small_house_world/share/aws_robomaker_small_house_world/models/aws_robomaker_residential_CookingBench_01/materials/textures/aws_CookingBench_01.png\n'}
[0.437527] (aws_robomaker_small_house_world) StdoutLine: {'line': b'-- Up-to-date: /home/frankie/ros2_ws/install/aws_robomaker_small_house_world/share/aws_robomaker_small_house_world/models/aws_robomaker_residential_CookingBench_01/meshes\n'}
[0.437621] (aws_robomaker_small_house_world) StdoutLine: {'line': b'-- Up-to-date: /home/frankie/ros2_ws/install/aws_robomaker_small_house_world/share/aws_robomaker_small_house_world/models/aws_robomaker_residential_CookingBench_01/meshes/aws_CookingBench_01_visual.DAE\n'}
[0.437694] (aws_robomaker_small_house_world) StdoutLine: {'line': b'-- Up-to-date: /home/frankie/ros2_ws/install/aws_robomaker_small_house_world/share/aws_robomaker_small_house_world/models/aws_robomaker_residential_CookingBench_01/meshes/aws_CookingBench_01_collision.DAE\n'}
[0.437764] (aws_robomaker_small_house_world) StdoutLine: {'line': b'-- Up-to-date: /home/frankie/ros2_ws/install/aws_robomaker_small_house_world/share/aws_robomaker_small_house_world/models/aws_robomaker_residential_CookingBench_01/meshes/aws_CookingBench_01.DAE\n'}
[0.437853] (aws_robomaker_small_house_world) StdoutLine: {'line': b'-- Up-to-date: /home/frankie/ros2_ws/install/aws_robomaker_small_house_world/share/aws_robomaker_small_house_world/models/aws_robomaker_residential_CookingBench_01/model.config\n'}
[0.437925] (aws_robomaker_small_house_world) StdoutLine: {'line': b'-- Up-to-date: /home/frankie/ros2_ws/install/aws_robomaker_small_house_world/share/aws_robomaker_small_house_world/models/aws_robomaker_residential_CookingBench_01/model.sdf\n'}
[0.437995] (aws_robomaker_small_house_world) StdoutLine: {'line': b'-- Up-to-date: /home/frankie/ros2_ws/install/aws_robomaker_small_house_world/share/aws_robomaker_small_house_world/models/aws_robomaker_residential_KitchenCabinet_01\n'}
[0.438088] (aws_robomaker_small_house_world) StdoutLine: {'line': b'-- Up-to-date: /home/frankie/ros2_ws/install/aws_robomaker_small_house_world/share/aws_robomaker_small_house_world/models/aws_robomaker_residential_KitchenCabinet_01/materials\n'}
[0.438157] (aws_robomaker_small_house_world) StdoutLine: {'line': b'-- Up-to-date: /home/frankie/ros2_ws/install/aws_robomaker_small_house_world/share/aws_robomaker_small_house_world/models/aws_robomaker_residential_KitchenCabinet_01/materials/textures\n'}
[0.438255] (aws_robomaker_small_house_world) StdoutLine: {'line': b'-- Up-to-date: /home/frankie/ros2_ws/install/aws_robomaker_small_house_world/share/aws_robomaker_small_house_world/models/aws_robomaker_residential_KitchenCabinet_01/materials/textures/aws_KitchenCabinet_01.png\n'}
[0.438324] (aws_robomaker_small_house_world) StdoutLine: {'line': b'-- Up-to-date: /home/frankie/ros2_ws/install/aws_robomaker_small_house_world/share/aws_robomaker_small_house_world/models/aws_robomaker_residential_KitchenCabinet_01/meshes\n'}
[0.438418] (aws_robomaker_small_house_world) StdoutLine: {'line': b'-- Up-to-date: /home/frankie/ros2_ws/install/aws_robomaker_small_house_world/share/aws_robomaker_small_house_world/models/aws_robomaker_residential_KitchenCabinet_01/meshes/aws_KitchenCabinet_01_visual.DAE\n'}
[0.438517] (aws_robomaker_small_house_world) StdoutLine: {'line': b'-- Up-to-date: /home/frankie/ros2_ws/install/aws_robomaker_small_house_world/share/aws_robomaker_small_house_world/models/aws_robomaker_residential_KitchenCabinet_01/meshes/aws_KitchenCabinet_01_collision.DAE\n'}
[0.438585] (aws_robomaker_small_house_world) StdoutLine: {'line': b'-- Up-to-date: /home/frankie/ros2_ws/install/aws_robomaker_small_house_world/share/aws_robomaker_small_house_world/models/aws_robomaker_residential_KitchenCabinet_01/model.config\n'}
[0.438650] (aws_robomaker_small_house_world) StdoutLine: {'line': b'-- Up-to-date: /home/frankie/ros2_ws/install/aws_robomaker_small_house_world/share/aws_robomaker_small_house_world/models/aws_robomaker_residential_KitchenCabinet_01/model.sdf\n'}
[0.438723] (aws_robomaker_small_house_world) StdoutLine: {'line': b'-- Up-to-date: /home/frankie/ros2_ws/install/aws_robomaker_small_house_world/share/aws_robomaker_small_house_world/models/aws_robomaker_residential_DeskPortraitB_02\n'}
[0.438817] (aws_robomaker_small_house_world) StdoutLine: {'line': b'-- Up-to-date: /home/frankie/ros2_ws/install/aws_robomaker_small_house_world/share/aws_robomaker_small_house_world/models/aws_robomaker_residential_DeskPortraitB_02/materials\n'}
[0.438907] (aws_robomaker_small_house_world) StdoutLine: {'line': b'-- Up-to-date: /home/frankie/ros2_ws/install/aws_robomaker_small_house_world/share/aws_robomaker_small_house_world/models/aws_robomaker_residential_DeskPortraitB_02/materials/textures\n'}
[0.439018] (aws_robomaker_small_house_world) StdoutLine: {'line': b'-- Up-to-date: /home/frankie/ros2_ws/install/aws_robomaker_small_house_world/share/aws_robomaker_small_house_world/models/aws_robomaker_residential_DeskPortraitB_02/materials/textures/aws_DeskPortraitB_01.png\n'}
[0.439111] (aws_robomaker_small_house_world) StdoutLine: {'line': b'-- Up-to-date: /home/frankie/ros2_ws/install/aws_robomaker_small_house_world/share/aws_robomaker_small_house_world/models/aws_robomaker_residential_DeskPortraitB_02/materials/textures/aws_DeskPortraitB_02.png\n'}
[0.439186] (aws_robomaker_small_house_world) StdoutLine: {'line': b'-- Up-to-date: /home/frankie/ros2_ws/install/aws_robomaker_small_house_world/share/aws_robomaker_small_house_world/models/aws_robomaker_residential_DeskPortraitB_02/meshes\n'}
[0.439272] (aws_robomaker_small_house_world) StdoutLine: {'line': b'-- Up-to-date: /home/frankie/ros2_ws/install/aws_robomaker_small_house_world/share/aws_robomaker_small_house_world/models/aws_robomaker_residential_DeskPortraitB_02/meshes/aws_DeskPortraitB_01_visual.DAE\n'}
[0.439369] (aws_robomaker_small_house_world) StdoutLine: {'line': b'-- Up-to-date: /home/frankie/ros2_ws/install/aws_robomaker_small_house_world/share/aws_robomaker_small_house_world/models/aws_robomaker_residential_DeskPortraitB_02/meshes/aws_DeskPortraitB_01_collision.DAE\n'}
[0.439440] (aws_robomaker_small_house_world) StdoutLine: {'line': b'-- Up-to-date: /home/frankie/ros2_ws/install/aws_robomaker_small_house_world/share/aws_robomaker_small_house_world/models/aws_robomaker_residential_DeskPortraitB_02/model.config\n'}
[0.439508] (aws_robomaker_small_house_world) StdoutLine: {'line': b'-- Up-to-date: /home/frankie/ros2_ws/install/aws_robomaker_small_house_world/share/aws_robomaker_small_house_world/models/aws_robomaker_residential_DeskPortraitB_02/model.sdf\n'}
[0.439578] (aws_robomaker_small_house_world) StdoutLine: {'line': b'-- Up-to-date: /home/frankie/ros2_ws/install/aws_robomaker_small_house_world/share/aws_robomaker_small_house_world/models/aws_robomaker_residential_Dumbbell_01\n'}
[0.439665] (aws_robomaker_small_house_world) StdoutLine: {'line': b'-- Up-to-date: /home/frankie/ros2_ws/install/aws_robomaker_small_house_world/share/aws_robomaker_small_house_world/models/aws_robomaker_residential_Dumbbell_01/materials\n'}
[0.439753] (aws_robomaker_small_house_world) StdoutLine: {'line': b'-- Up-to-date: /home/frankie/ros2_ws/install/aws_robomaker_small_house_world/share/aws_robomaker_small_house_world/models/aws_robomaker_residential_Dumbbell_01/materials/textures\n'}
[0.439865] (aws_robomaker_small_house_world) StdoutLine: {'line': b'-- Up-to-date: /home/frankie/ros2_ws/install/aws_robomaker_small_house_world/share/aws_robomaker_small_house_world/models/aws_robomaker_residential_Dumbbell_01/materials/textures/aws_Dumbbell_01.png\n'}
[0.439956] (aws_robomaker_small_house_world) StdoutLine: {'line': b'-- Up-to-date: /home/frankie/ros2_ws/install/aws_robomaker_small_house_world/share/aws_robomaker_small_house_world/models/aws_robomaker_residential_Dumbbell_01/meshes\n'}
[0.440068] (aws_robomaker_small_house_world) StdoutLine: {'line': b'-- Up-to-date: /home/frankie/ros2_ws/install/aws_robomaker_small_house_world/share/aws_robomaker_small_house_world/models/aws_robomaker_residential_Dumbbell_01/meshes/aws_Dumbbell_01_visual.DAE\n'}
[0.440176] (aws_robomaker_small_house_world) StdoutLine: {'line': b'-- Up-to-date: /home/frankie/ros2_ws/install/aws_robomaker_small_house_world/share/aws_robomaker_small_house_world/models/aws_robomaker_residential_Dumbbell_01/meshes/aws_Dumbbell_01_collision.DAE\n'}
[0.440256] (aws_robomaker_small_house_world) StdoutLine: {'line': b'-- Up-to-date: /home/frankie/ros2_ws/install/aws_robomaker_small_house_world/share/aws_robomaker_small_house_world/models/aws_robomaker_residential_Dumbbell_01/model.config\n'}
[0.440325] (aws_robomaker_small_house_world) StdoutLine: {'line': b'-- Up-to-date: /home/frankie/ros2_ws/install/aws_robomaker_small_house_world/share/aws_robomaker_small_house_world/models/aws_robomaker_residential_Dumbbell_01/model.sdf\n'}
[0.440412] (aws_robomaker_small_house_world) StdoutLine: {'line': b'-- Up-to-date: /home/frankie/ros2_ws/install/aws_robomaker_small_house_world/share/aws_robomaker_small_house_world/models/aws_robomaker_residential_FloorB_01\n'}
[0.440481] (aws_robomaker_small_house_world) StdoutLine: {'line': b'-- Up-to-date: /home/frankie/ros2_ws/install/aws_robomaker_small_house_world/share/aws_robomaker_small_house_world/models/aws_robomaker_residential_FloorB_01/materials\n'}
[0.440570] (aws_robomaker_small_house_world) StdoutLine: {'line': b'-- Up-to-date: /home/frankie/ros2_ws/install/aws_robomaker_small_house_world/share/aws_robomaker_small_house_world/models/aws_robomaker_residential_FloorB_01/materials/textures\n'}
[0.440696] (aws_robomaker_small_house_world) StdoutLine: {'line': b'-- Up-to-date: /home/frankie/ros2_ws/install/aws_robomaker_small_house_world/share/aws_robomaker_small_house_world/models/aws_robomaker_residential_FloorB_01/materials/textures/aws_FloorB_01.png\n'}
[0.440781] (aws_robomaker_small_house_world) StdoutLine: {'line': b'-- Up-to-date: /home/frankie/ros2_ws/install/aws_robomaker_small_house_world/share/aws_robomaker_small_house_world/models/aws_robomaker_residential_FloorB_01/meshes\n'}
[0.440894] (aws_robomaker_small_house_world) StdoutLine: {'line': b'-- Up-to-date: /home/frankie/ros2_ws/install/aws_robomaker_small_house_world/share/aws_robomaker_small_house_world/models/aws_robomaker_residential_FloorB_01/meshes/aws_FloorB_01_visual.DAE\n'}
[0.440988] (aws_robomaker_small_house_world) StdoutLine: {'line': b'-- Up-to-date: /home/frankie/ros2_ws/install/aws_robomaker_small_house_world/share/aws_robomaker_small_house_world/models/aws_robomaker_residential_FloorB_01/meshes/aws_FloorB_01_collision.DAE\n'}
[0.441059] (aws_robomaker_small_house_world) StdoutLine: {'line': b'-- Up-to-date: /home/frankie/ros2_ws/install/aws_robomaker_small_house_world/share/aws_robomaker_small_house_world/models/aws_robomaker_residential_FloorB_01/model.config\n'}
[0.441123] (aws_robomaker_small_house_world) StdoutLine: {'line': b'-- Up-to-date: /home/frankie/ros2_ws/install/aws_robomaker_small_house_world/share/aws_robomaker_small_house_world/models/aws_robomaker_residential_FloorB_01/model.sdf\n'}
[0.441214] (aws_robomaker_small_house_world) StdoutLine: {'line': b'-- Up-to-date: /home/frankie/ros2_ws/install/aws_robomaker_small_house_world/share/aws_robomaker_small_house_world/models/aws_robomaker_residential_PortraitA_02\n'}
[0.441286] (aws_robomaker_small_house_world) StdoutLine: {'line': b'-- Up-to-date: /home/frankie/ros2_ws/install/aws_robomaker_small_house_world/share/aws_robomaker_small_house_world/models/aws_robomaker_residential_PortraitA_02/materials\n'}
[0.441363] (aws_robomaker_small_house_world) StdoutLine: {'line': b'-- Up-to-date: /home/frankie/ros2_ws/install/aws_robomaker_small_house_world/share/aws_robomaker_small_house_world/models/aws_robomaker_residential_PortraitA_02/materials/textures\n'}
[0.441525] (aws_robomaker_small_house_world) StdoutLine: {'line': b'-- Up-to-date: /home/frankie/ros2_ws/install/aws_robomaker_small_house_world/share/aws_robomaker_small_house_world/models/aws_robomaker_residential_PortraitA_02/materials/textures/aws_PortraitA_01.png\n'}
[0.441625] (aws_robomaker_small_house_world) StdoutLine: {'line': b'-- Up-to-date: /home/frankie/ros2_ws/install/aws_robomaker_small_house_world/share/aws_robomaker_small_house_world/models/aws_robomaker_residential_PortraitA_02/materials/textures/aws_PortraitA_02.png\n'}
[0.441691] (aws_robomaker_small_house_world) StdoutLine: {'line': b'-- Up-to-date: /home/frankie/ros2_ws/install/aws_robomaker_small_house_world/share/aws_robomaker_small_house_world/models/aws_robomaker_residential_PortraitA_02/meshes\n'}
[0.441782] (aws_robomaker_small_house_world) StdoutLine: {'line': b'-- Up-to-date: /home/frankie/ros2_ws/install/aws_robomaker_small_house_world/share/aws_robomaker_small_house_world/models/aws_robomaker_residential_PortraitA_02/meshes/aws_PortraitA_01_collision.DAE\n'}
[0.441858] (aws_robomaker_small_house_world) StdoutLine: {'line': b'-- Up-to-date: /home/frankie/ros2_ws/install/aws_robomaker_small_house_world/share/aws_robomaker_small_house_world/models/aws_robomaker_residential_PortraitA_02/meshes/aws_PortraitA_01_visual.DAE\n'}
[0.441955] (aws_robomaker_small_house_world) StdoutLine: {'line': b'-- Up-to-date: /home/frankie/ros2_ws/install/aws_robomaker_small_house_world/share/aws_robomaker_small_house_world/models/aws_robomaker_residential_PortraitA_02/model.config\n'}
[0.442029] (aws_robomaker_small_house_world) StdoutLine: {'line': b'-- Up-to-date: /home/frankie/ros2_ws/install/aws_robomaker_small_house_world/share/aws_robomaker_small_house_world/models/aws_robomaker_residential_PortraitA_02/model.sdf\n'}
[0.442092] (aws_robomaker_small_house_world) StdoutLine: {'line': b'-- Up-to-date: /home/frankie/ros2_ws/install/aws_robomaker_small_house_world/share/aws_robomaker_small_house_world/models/aws_robomaker_residential_BalconyTable_01\n'}
[0.442175] (aws_robomaker_small_house_world) StdoutLine: {'line': b'-- Up-to-date: /home/frankie/ros2_ws/install/aws_robomaker_small_house_world/share/aws_robomaker_small_house_world/models/aws_robomaker_residential_BalconyTable_01/materials\n'}
[0.442447] (aws_robomaker_small_house_world) StdoutLine: {'line': b'-- Up-to-date: /home/frankie/ros2_ws/install/aws_robomaker_small_house_world/share/aws_robomaker_small_house_world/models/aws_robomaker_residential_BalconyTable_01/materials/textures\n'}
[0.442751] (aws_robomaker_small_house_world) StdoutLine: {'line': b'-- Up-to-date: /home/frankie/ros2_ws/install/aws_robomaker_small_house_world/share/aws_robomaker_small_house_world/models/aws_robomaker_residential_BalconyTable_01/materials/textures/aws_BalconyTable_01.png\n'}
[0.442843] (aws_robomaker_small_house_world) StdoutLine: {'line': b'-- Up-to-date: /home/frankie/ros2_ws/install/aws_robomaker_small_house_world/share/aws_robomaker_small_house_world/models/aws_robomaker_residential_BalconyTable_01/meshes\n'}
[0.443076] (aws_robomaker_small_house_world) StdoutLine: {'line': b'-- Up-to-date: /home/frankie/ros2_ws/install/aws_robomaker_small_house_world/share/aws_robomaker_small_house_world/models/aws_robomaker_residential_BalconyTable_01/meshes/aws_BalconyTable_01_visual.DAE\n'}
[0.443188] (aws_robomaker_small_house_world) StdoutLine: {'line': b'-- Up-to-date: /home/frankie/ros2_ws/install/aws_robomaker_small_house_world/share/aws_robomaker_small_house_world/models/aws_robomaker_residential_BalconyTable_01/meshes/aws_BalconyTable_01_collision.DAE\n'}
[0.443264] (aws_robomaker_small_house_world) StdoutLine: {'line': b'-- Up-to-date: /home/frankie/ros2_ws/install/aws_robomaker_small_house_world/share/aws_robomaker_small_house_world/models/aws_robomaker_residential_BalconyTable_01/model.config\n'}
[0.443335] (aws_robomaker_small_house_world) StdoutLine: {'line': b'-- Up-to-date: /home/frankie/ros2_ws/install/aws_robomaker_small_house_world/share/aws_robomaker_small_house_world/models/aws_robomaker_residential_BalconyTable_01/model.sdf\n'}
[0.443404] (aws_robomaker_small_house_world) StdoutLine: {'line': b'-- Up-to-date: /home/frankie/ros2_ws/install/aws_robomaker_small_house_world/share/aws_robomaker_small_house_world/models/aws_robomaker_residential_Bed_01\n'}
[0.443482] (aws_robomaker_small_house_world) StdoutLine: {'line': b'-- Up-to-date: /home/frankie/ros2_ws/install/aws_robomaker_small_house_world/share/aws_robomaker_small_house_world/models/aws_robomaker_residential_Bed_01/materials\n'}
[0.443749] (aws_robomaker_small_house_world) StdoutLine: {'line': b'-- Up-to-date: /home/frankie/ros2_ws/install/aws_robomaker_small_house_world/share/aws_robomaker_small_house_world/models/aws_robomaker_residential_Bed_01/materials/textures\n'}
[0.444061] (aws_robomaker_small_house_world) StdoutLine: {'line': b'-- Up-to-date: /home/frankie/ros2_ws/install/aws_robomaker_small_house_world/share/aws_robomaker_small_house_world/models/aws_robomaker_residential_Bed_01/materials/textures/aws_BedC_01.png\n'}
[0.444152] (aws_robomaker_small_house_world) StdoutLine: {'line': b'-- Up-to-date: /home/frankie/ros2_ws/install/aws_robomaker_small_house_world/share/aws_robomaker_small_house_world/models/aws_robomaker_residential_Bed_01/materials/textures/aws_Bed_01.png\n'}
[0.444248] (aws_robomaker_small_house_world) StdoutLine: {'line': b'-- Up-to-date: /home/frankie/ros2_ws/install/aws_robomaker_small_house_world/share/aws_robomaker_small_house_world/models/aws_robomaker_residential_Bed_01/materials/textures/aws_BedB_01.png\n'}
[0.444322] (aws_robomaker_small_house_world) StdoutLine: {'line': b'-- Up-to-date: /home/frankie/ros2_ws/install/aws_robomaker_small_house_world/share/aws_robomaker_small_house_world/models/aws_robomaker_residential_Bed_01/materials/textures/aws_BedA_01.png\n'}
[0.444387] (aws_robomaker_small_house_world) StdoutLine: {'line': b'-- Up-to-date: /home/frankie/ros2_ws/install/aws_robomaker_small_house_world/share/aws_robomaker_small_house_world/models/aws_robomaker_residential_Bed_01/meshes\n'}
[0.444473] (aws_robomaker_small_house_world) StdoutLine: {'line': b'-- Up-to-date: /home/frankie/ros2_ws/install/aws_robomaker_small_house_world/share/aws_robomaker_small_house_world/models/aws_robomaker_residential_Bed_01/meshes/aws_Bed_01_collision.DAE\n'}
[0.444557] (aws_robomaker_small_house_world) StdoutLine: {'line': b'-- Up-to-date: /home/frankie/ros2_ws/install/aws_robomaker_small_house_world/share/aws_robomaker_small_house_world/models/aws_robomaker_residential_Bed_01/meshes/aws_Bed_01_visual.DAE\n'}
[0.444654] (aws_robomaker_small_house_world) StdoutLine: {'line': b'-- Up-to-date: /home/frankie/ros2_ws/install/aws_robomaker_small_house_world/share/aws_robomaker_small_house_world/models/aws_robomaker_residential_Bed_01/model.config\n'}
[0.444725] (aws_robomaker_small_house_world) StdoutLine: {'line': b'-- Up-to-date: /home/frankie/ros2_ws/install/aws_robomaker_small_house_world/share/aws_robomaker_small_house_world/models/aws_robomaker_residential_Bed_01/model.sdf\n'}
[0.444796] (aws_robomaker_small_house_world) StdoutLine: {'line': b'-- Up-to-date: /home/frankie/ros2_ws/install/aws_robomaker_small_house_world/share/aws_robomaker_small_house_world/models/aws_robomaker_residential_Trash_01\n'}
[0.444883] (aws_robomaker_small_house_world) StdoutLine: {'line': b'-- Up-to-date: /home/frankie/ros2_ws/install/aws_robomaker_small_house_world/share/aws_robomaker_small_house_world/models/aws_robomaker_residential_Trash_01/materials\n'}
[0.444970] (aws_robomaker_small_house_world) StdoutLine: {'line': b'-- Up-to-date: /home/frankie/ros2_ws/install/aws_robomaker_small_house_world/share/aws_robomaker_small_house_world/models/aws_robomaker_residential_Trash_01/materials/textures\n'}
[0.445147] (aws_robomaker_small_house_world) StdoutLine: {'line': b'-- Up-to-date: /home/frankie/ros2_ws/install/aws_robomaker_small_house_world/share/aws_robomaker_small_house_world/models/aws_robomaker_residential_Trash_01/materials/textures/aws_Trash_01.png\n'}
[0.445240] (aws_robomaker_small_house_world) StdoutLine: {'line': b'-- Up-to-date: /home/frankie/ros2_ws/install/aws_robomaker_small_house_world/share/aws_robomaker_small_house_world/models/aws_robomaker_residential_Trash_01/meshes\n'}
[0.445373] (aws_robomaker_small_house_world) StdoutLine: {'line': b'-- Up-to-date: /home/frankie/ros2_ws/install/aws_robomaker_small_house_world/share/aws_robomaker_small_house_world/models/aws_robomaker_residential_Trash_01/meshes/aws_Trash_01_visual.DAE\n'}
[0.445474] (aws_robomaker_small_house_world) StdoutLine: {'line': b'-- Up-to-date: /home/frankie/ros2_ws/install/aws_robomaker_small_house_world/share/aws_robomaker_small_house_world/models/aws_robomaker_residential_Trash_01/meshes/aws_Trash_01_collision.DAE\n'}
[0.445546] (aws_robomaker_small_house_world) StdoutLine: {'line': b'-- Up-to-date: /home/frankie/ros2_ws/install/aws_robomaker_small_house_world/share/aws_robomaker_small_house_world/models/aws_robomaker_residential_Trash_01/model.config\n'}
[0.445616] (aws_robomaker_small_house_world) StdoutLine: {'line': b'-- Up-to-date: /home/frankie/ros2_ws/install/aws_robomaker_small_house_world/share/aws_robomaker_small_house_world/models/aws_robomaker_residential_Trash_01/model.sdf\n'}
[0.445709] (aws_robomaker_small_house_world) StdoutLine: {'line': b'-- Up-to-date: /home/frankie/ros2_ws/install/aws_robomaker_small_house_world/share/aws_robomaker_small_house_world/models/aws_robomaker_residential_FitnessEquipment_01\n'}
[0.445781] (aws_robomaker_small_house_world) StdoutLine: {'line': b'-- Up-to-date: /home/frankie/ros2_ws/install/aws_robomaker_small_house_world/share/aws_robomaker_small_house_world/models/aws_robomaker_residential_FitnessEquipment_01/materials\n'}
[0.445863] (aws_robomaker_small_house_world) StdoutLine: {'line': b'-- Up-to-date: /home/frankie/ros2_ws/install/aws_robomaker_small_house_world/share/aws_robomaker_small_house_world/models/aws_robomaker_residential_FitnessEquipment_01/materials/textures\n'}
[0.445979] (aws_robomaker_small_house_world) StdoutLine: {'line': b'-- Up-to-date: /home/frankie/ros2_ws/install/aws_robomaker_small_house_world/share/aws_robomaker_small_house_world/models/aws_robomaker_residential_FitnessEquipment_01/materials/textures/aws_FitnessEquipment_01.png\n'}
[0.446070] (aws_robomaker_small_house_world) StdoutLine: {'line': b'-- Up-to-date: /home/frankie/ros2_ws/install/aws_robomaker_small_house_world/share/aws_robomaker_small_house_world/models/aws_robomaker_residential_FitnessEquipment_01/meshes\n'}
[0.446170] (aws_robomaker_small_house_world) StdoutLine: {'line': b'-- Up-to-date: /home/frankie/ros2_ws/install/aws_robomaker_small_house_world/share/aws_robomaker_small_house_world/models/aws_robomaker_residential_FitnessEquipment_01/meshes/aws_FitnessEquipment_01_visual.DAE\n'}
[0.446270] (aws_robomaker_small_house_world) StdoutLine: {'line': b'-- Up-to-date: /home/frankie/ros2_ws/install/aws_robomaker_small_house_world/share/aws_robomaker_small_house_world/models/aws_robomaker_residential_FitnessEquipment_01/meshes/aws_FitnessEquipment_01_collision.DAE\n'}
[0.446344] (aws_robomaker_small_house_world) StdoutLine: {'line': b'-- Up-to-date: /home/frankie/ros2_ws/install/aws_robomaker_small_house_world/share/aws_robomaker_small_house_world/models/aws_robomaker_residential_FitnessEquipment_01/model.config\n'}
[0.446418] (aws_robomaker_small_house_world) StdoutLine: {'line': b'-- Up-to-date: /home/frankie/ros2_ws/install/aws_robomaker_small_house_world/share/aws_robomaker_small_house_world/models/aws_robomaker_residential_FitnessEquipment_01/model.sdf\n'}
[0.446512] (aws_robomaker_small_house_world) StdoutLine: {'line': b'-- Up-to-date: /home/frankie/ros2_ws/install/aws_robomaker_small_house_world/share/aws_robomaker_small_house_world/models/aws_robomaker_residential_Sofa_01\n'}
[0.446580] (aws_robomaker_small_house_world) StdoutLine: {'line': b'-- Up-to-date: /home/frankie/ros2_ws/install/aws_robomaker_small_house_world/share/aws_robomaker_small_house_world/models/aws_robomaker_residential_Sofa_01/materials\n'}
[0.446661] (aws_robomaker_small_house_world) StdoutLine: {'line': b'-- Up-to-date: /home/frankie/ros2_ws/install/aws_robomaker_small_house_world/share/aws_robomaker_small_house_world/models/aws_robomaker_residential_Sofa_01/materials/textures\n'}
[0.446851] (aws_robomaker_small_house_world) StdoutLine: {'line': b'-- Up-to-date: /home/frankie/ros2_ws/install/aws_robomaker_small_house_world/share/aws_robomaker_small_house_world/models/aws_robomaker_residential_Sofa_01/materials/textures/aws_Sofa_01.png\n'}
[0.446942] (aws_robomaker_small_house_world) StdoutLine: {'line': b'-- Up-to-date: /home/frankie/ros2_ws/install/aws_robomaker_small_house_world/share/aws_robomaker_small_house_world/models/aws_robomaker_residential_Sofa_01/meshes\n'}
[0.447054] (aws_robomaker_small_house_world) StdoutLine: {'line': b'-- Up-to-date: /home/frankie/ros2_ws/install/aws_robomaker_small_house_world/share/aws_robomaker_small_house_world/models/aws_robomaker_residential_Sofa_01/meshes/aws_Sofa_01.DAE\n'}
[0.447149] (aws_robomaker_small_house_world) StdoutLine: {'line': b'-- Up-to-date: /home/frankie/ros2_ws/install/aws_robomaker_small_house_world/share/aws_robomaker_small_house_world/models/aws_robomaker_residential_Sofa_01/meshes/aws_Sofa_01_collision.DAE\n'}
[0.447243] (aws_robomaker_small_house_world) StdoutLine: {'line': b'-- Up-to-date: /home/frankie/ros2_ws/install/aws_robomaker_small_house_world/share/aws_robomaker_small_house_world/models/aws_robomaker_residential_Sofa_01/meshes/aws_Sofa_01_visual.DAE\n'}
[0.447312] (aws_robomaker_small_house_world) StdoutLine: {'line': b'-- Up-to-date: /home/frankie/ros2_ws/install/aws_robomaker_small_house_world/share/aws_robomaker_small_house_world/models/aws_robomaker_residential_Sofa_01/model.config\n'}
[0.447385] (aws_robomaker_small_house_world) StdoutLine: {'line': b'-- Up-to-date: /home/frankie/ros2_ws/install/aws_robomaker_small_house_world/share/aws_robomaker_small_house_world/models/aws_robomaker_residential_Sofa_01/model.sdf\n'}
[0.447458] (aws_robomaker_small_house_world) StdoutLine: {'line': b'-- Up-to-date: /home/frankie/ros2_ws/install/aws_robomaker_small_house_world/share/aws_robomaker_small_house_world/models/aws_robomaker_residential_PortraitB_03\n'}
[0.447551] (aws_robomaker_small_house_world) StdoutLine: {'line': b'-- Up-to-date: /home/frankie/ros2_ws/install/aws_robomaker_small_house_world/share/aws_robomaker_small_house_world/models/aws_robomaker_residential_PortraitB_03/materials\n'}
[0.447619] (aws_robomaker_small_house_world) StdoutLine: {'line': b'-- Up-to-date: /home/frankie/ros2_ws/install/aws_robomaker_small_house_world/share/aws_robomaker_small_house_world/models/aws_robomaker_residential_PortraitB_03/materials/textures\n'}
[0.447702] (aws_robomaker_small_house_world) StdoutLine: {'line': b'-- Up-to-date: /home/frankie/ros2_ws/install/aws_robomaker_small_house_world/share/aws_robomaker_small_house_world/models/aws_robomaker_residential_PortraitB_03/materials/textures/aws_PortraitB_02.png\n'}
[0.447796] (aws_robomaker_small_house_world) StdoutLine: {'line': b'-- Up-to-date: /home/frankie/ros2_ws/install/aws_robomaker_small_house_world/share/aws_robomaker_small_house_world/models/aws_robomaker_residential_PortraitB_03/materials/textures/aws_PortraitB_01.png\n'}
[0.447865] (aws_robomaker_small_house_world) StdoutLine: {'line': b'-- Up-to-date: /home/frankie/ros2_ws/install/aws_robomaker_small_house_world/share/aws_robomaker_small_house_world/models/aws_robomaker_residential_PortraitB_03/meshes\n'}
[0.447943] (aws_robomaker_small_house_world) StdoutLine: {'line': b'-- Up-to-date: /home/frankie/ros2_ws/install/aws_robomaker_small_house_world/share/aws_robomaker_small_house_world/models/aws_robomaker_residential_PortraitB_03/meshes/aws_PortraitB_01_collision.DAE\n'}
[0.448037] (aws_robomaker_small_house_world) StdoutLine: {'line': b'-- Up-to-date: /home/frankie/ros2_ws/install/aws_robomaker_small_house_world/share/aws_robomaker_small_house_world/models/aws_robomaker_residential_PortraitB_03/meshes/aws_PortraitB_01_visual.DAE\n'}
[0.448108] (aws_robomaker_small_house_world) StdoutLine: {'line': b'-- Up-to-date: /home/frankie/ros2_ws/install/aws_robomaker_small_house_world/share/aws_robomaker_small_house_world/models/aws_robomaker_residential_PortraitB_03/model.config\n'}
[0.448178] (aws_robomaker_small_house_world) StdoutLine: {'line': b'-- Up-to-date: /home/frankie/ros2_ws/install/aws_robomaker_small_house_world/share/aws_robomaker_small_house_world/models/aws_robomaker_residential_PortraitB_03/model.sdf\n'}
[0.448263] (aws_robomaker_small_house_world) StdoutLine: {'line': b'-- Up-to-date: /home/frankie/ros2_ws/install/aws_robomaker_small_house_world/share/aws_robomaker_small_house_world/models/aws_robomaker_residential_Tablet_01\n'}
[0.448330] (aws_robomaker_small_house_world) StdoutLine: {'line': b'-- Up-to-date: /home/frankie/ros2_ws/install/aws_robomaker_small_house_world/share/aws_robomaker_small_house_world/models/aws_robomaker_residential_Tablet_01/materials\n'}
[0.448416] (aws_robomaker_small_house_world) StdoutLine: {'line': b'-- Up-to-date: /home/frankie/ros2_ws/install/aws_robomaker_small_house_world/share/aws_robomaker_small_house_world/models/aws_robomaker_residential_Tablet_01/materials/textures\n'}
[0.448547] (aws_robomaker_small_house_world) StdoutLine: {'line': b'-- Up-to-date: /home/frankie/ros2_ws/install/aws_robomaker_small_house_world/share/aws_robomaker_small_house_world/models/aws_robomaker_residential_Tablet_01/materials/textures/aws_Tablet_01_nologo.png\n'}
[0.448638] (aws_robomaker_small_house_world) StdoutLine: {'line': b'-- Up-to-date: /home/frankie/ros2_ws/install/aws_robomaker_small_house_world/share/aws_robomaker_small_house_world/models/aws_robomaker_residential_Tablet_01/meshes\n'}
[0.448751] (aws_robomaker_small_house_world) StdoutLine: {'line': b'-- Up-to-date: /home/frankie/ros2_ws/install/aws_robomaker_small_house_world/share/aws_robomaker_small_house_world/models/aws_robomaker_residential_Tablet_01/meshes/aws_Tablet_01_visual.DAE\n'}
[0.448844] (aws_robomaker_small_house_world) StdoutLine: {'line': b'-- Up-to-date: /home/frankie/ros2_ws/install/aws_robomaker_small_house_world/share/aws_robomaker_small_house_world/models/aws_robomaker_residential_Tablet_01/meshes/aws_Tablet_01_collision.DAE\n'}
[0.448929] (aws_robomaker_small_house_world) StdoutLine: {'line': b'-- Up-to-date: /home/frankie/ros2_ws/install/aws_robomaker_small_house_world/share/aws_robomaker_small_house_world/models/aws_robomaker_residential_Tablet_01/model.config\n'}
[0.448993] (aws_robomaker_small_house_world) StdoutLine: {'line': b'-- Up-to-date: /home/frankie/ros2_ws/install/aws_robomaker_small_house_world/share/aws_robomaker_small_house_world/models/aws_robomaker_residential_Tablet_01/model.sdf\n'}
[0.449063] (aws_robomaker_small_house_world) StdoutLine: {'line': b'-- Up-to-date: /home/frankie/ros2_ws/install/aws_robomaker_small_house_world/share/aws_robomaker_small_house_world/models/aws_robomaker_residential_PortraitA_01\n'}
[0.449151] (aws_robomaker_small_house_world) StdoutLine: {'line': b'-- Up-to-date: /home/frankie/ros2_ws/install/aws_robomaker_small_house_world/share/aws_robomaker_small_house_world/models/aws_robomaker_residential_PortraitA_01/materials\n'}
[0.449240] (aws_robomaker_small_house_world) StdoutLine: {'line': b'-- Up-to-date: /home/frankie/ros2_ws/install/aws_robomaker_small_house_world/share/aws_robomaker_small_house_world/models/aws_robomaker_residential_PortraitA_01/materials/textures\n'}
[0.449397] (aws_robomaker_small_house_world) StdoutLine: {'line': b'-- Up-to-date: /home/frankie/ros2_ws/install/aws_robomaker_small_house_world/share/aws_robomaker_small_house_world/models/aws_robomaker_residential_PortraitA_01/materials/textures/aws_PortraitA_01.png\n'}
[0.449492] (aws_robomaker_small_house_world) StdoutLine: {'line': b'-- Up-to-date: /home/frankie/ros2_ws/install/aws_robomaker_small_house_world/share/aws_robomaker_small_house_world/models/aws_robomaker_residential_PortraitA_01/materials/textures/aws_PortraitA_02.png\n'}
[0.449567] (aws_robomaker_small_house_world) StdoutLine: {'line': b'-- Up-to-date: /home/frankie/ros2_ws/install/aws_robomaker_small_house_world/share/aws_robomaker_small_house_world/models/aws_robomaker_residential_PortraitA_01/meshes\n'}
[0.449650] (aws_robomaker_small_house_world) StdoutLine: {'line': b'-- Up-to-date: /home/frankie/ros2_ws/install/aws_robomaker_small_house_world/share/aws_robomaker_small_house_world/models/aws_robomaker_residential_PortraitA_01/meshes/aws_PortraitA_01_collision.DAE\n'}
[0.449745] (aws_robomaker_small_house_world) StdoutLine: {'line': b'-- Up-to-date: /home/frankie/ros2_ws/install/aws_robomaker_small_house_world/share/aws_robomaker_small_house_world/models/aws_robomaker_residential_PortraitA_01/meshes/aws_PortraitA_01_visual.DAE\n'}
[0.449815] (aws_robomaker_small_house_world) StdoutLine: {'line': b'-- Up-to-date: /home/frankie/ros2_ws/install/aws_robomaker_small_house_world/share/aws_robomaker_small_house_world/models/aws_robomaker_residential_PortraitA_01/model.config\n'}
[0.449884] (aws_robomaker_small_house_world) StdoutLine: {'line': b'-- Up-to-date: /home/frankie/ros2_ws/install/aws_robomaker_small_house_world/share/aws_robomaker_small_house_world/models/aws_robomaker_residential_PortraitA_01/model.sdf\n'}
[0.449954] (aws_robomaker_small_house_world) StdoutLine: {'line': b'-- Up-to-date: /home/frankie/ros2_ws/install/aws_robomaker_small_house_world/share/aws_robomaker_small_house_world/models/aws_robomaker_residential_TV_02\n'}
[0.450043] (aws_robomaker_small_house_world) StdoutLine: {'line': b'-- Up-to-date: /home/frankie/ros2_ws/install/aws_robomaker_small_house_world/share/aws_robomaker_small_house_world/models/aws_robomaker_residential_TV_02/materials\n'}
[0.450140] (aws_robomaker_small_house_world) StdoutLine: {'line': b'-- Up-to-date: /home/frankie/ros2_ws/install/aws_robomaker_small_house_world/share/aws_robomaker_small_house_world/models/aws_robomaker_residential_TV_02/materials/textures\n'}
[0.450363] (aws_robomaker_small_house_world) StdoutLine: {'line': b'-- Up-to-date: /home/frankie/ros2_ws/install/aws_robomaker_small_house_world/share/aws_robomaker_small_house_world/models/aws_robomaker_residential_TV_02/materials/textures/aws_TV_01.png\n'}
[0.450452] (aws_robomaker_small_house_world) StdoutLine: {'line': b'-- Up-to-date: /home/frankie/ros2_ws/install/aws_robomaker_small_house_world/share/aws_robomaker_small_house_world/models/aws_robomaker_residential_TV_02/meshes\n'}
[0.450578] (aws_robomaker_small_house_world) StdoutLine: {'line': b'-- Up-to-date: /home/frankie/ros2_ws/install/aws_robomaker_small_house_world/share/aws_robomaker_small_house_world/models/aws_robomaker_residential_TV_02/meshes/aws_TV_01_collision.DAE\n'}
[0.450678] (aws_robomaker_small_house_world) StdoutLine: {'line': b'-- Up-to-date: /home/frankie/ros2_ws/install/aws_robomaker_small_house_world/share/aws_robomaker_small_house_world/models/aws_robomaker_residential_TV_02/meshes/aws_TV_01_visual.DAE\n'}
[0.450753] (aws_robomaker_small_house_world) StdoutLine: {'line': b'-- Up-to-date: /home/frankie/ros2_ws/install/aws_robomaker_small_house_world/share/aws_robomaker_small_house_world/models/aws_robomaker_residential_TV_02/model.config\n'}
[0.450822] (aws_robomaker_small_house_world) StdoutLine: {'line': b'-- Up-to-date: /home/frankie/ros2_ws/install/aws_robomaker_small_house_world/share/aws_robomaker_small_house_world/models/aws_robomaker_residential_TV_02/model.sdf\n'}
[0.450910] (aws_robomaker_small_house_world) StdoutLine: {'line': b'-- Up-to-date: /home/frankie/ros2_ws/install/aws_robomaker_small_house_world/share/aws_robomaker_small_house_world/models/aws_robomaker_residential_PortraitB_02\n'}
[0.450985] (aws_robomaker_small_house_world) StdoutLine: {'line': b'-- Up-to-date: /home/frankie/ros2_ws/install/aws_robomaker_small_house_world/share/aws_robomaker_small_house_world/models/aws_robomaker_residential_PortraitB_02/materials\n'}
[0.451065] (aws_robomaker_small_house_world) StdoutLine: {'line': b'-- Up-to-date: /home/frankie/ros2_ws/install/aws_robomaker_small_house_world/share/aws_robomaker_small_house_world/models/aws_robomaker_residential_PortraitB_02/materials/textures\n'}
[0.451247] (aws_robomaker_small_house_world) StdoutLine: {'line': b'-- Up-to-date: /home/frankie/ros2_ws/install/aws_robomaker_small_house_world/share/aws_robomaker_small_house_world/models/aws_robomaker_residential_PortraitB_02/materials/textures/aws_PortraitB_02.png\n'}
[0.451348] (aws_robomaker_small_house_world) StdoutLine: {'line': b'-- Up-to-date: /home/frankie/ros2_ws/install/aws_robomaker_small_house_world/share/aws_robomaker_small_house_world/models/aws_robomaker_residential_PortraitB_02/materials/textures/aws_PortraitB_01.png\n'}
[0.451408] (aws_robomaker_small_house_world) StdoutLine: {'line': b'-- Up-to-date: /home/frankie/ros2_ws/install/aws_robomaker_small_house_world/share/aws_robomaker_small_house_world/models/aws_robomaker_residential_PortraitB_02/meshes\n'}
[0.451489] (aws_robomaker_small_house_world) StdoutLine: {'line': b'-- Up-to-date: /home/frankie/ros2_ws/install/aws_robomaker_small_house_world/share/aws_robomaker_small_house_world/models/aws_robomaker_residential_PortraitB_02/meshes/aws_PortraitB_01_collision.DAE\n'}
[0.451589] (aws_robomaker_small_house_world) StdoutLine: {'line': b'-- Up-to-date: /home/frankie/ros2_ws/install/aws_robomaker_small_house_world/share/aws_robomaker_small_house_world/models/aws_robomaker_residential_PortraitB_02/meshes/aws_PortraitB_01_visual.DAE\n'}
[0.451661] (aws_robomaker_small_house_world) StdoutLine: {'line': b'-- Up-to-date: /home/frankie/ros2_ws/install/aws_robomaker_small_house_world/share/aws_robomaker_small_house_world/models/aws_robomaker_residential_PortraitB_02/model.config\n'}
[0.451742] (aws_robomaker_small_house_world) StdoutLine: {'line': b'-- Up-to-date: /home/frankie/ros2_ws/install/aws_robomaker_small_house_world/share/aws_robomaker_small_house_world/models/aws_robomaker_residential_PortraitB_02/model.sdf\n'}
[0.451811] (aws_robomaker_small_house_world) StdoutLine: {'line': b'-- Up-to-date: /home/frankie/ros2_ws/install/aws_robomaker_small_house_world/share/aws_robomaker_small_house_world/models/aws_robomaker_residential_HouseWallB_01\n'}
[0.451904] (aws_robomaker_small_house_world) StdoutLine: {'line': b'-- Up-to-date: /home/frankie/ros2_ws/install/aws_robomaker_small_house_world/share/aws_robomaker_small_house_world/models/aws_robomaker_residential_HouseWallB_01/materials\n'}
[0.451996] (aws_robomaker_small_house_world) StdoutLine: {'line': b'-- Up-to-date: /home/frankie/ros2_ws/install/aws_robomaker_small_house_world/share/aws_robomaker_small_house_world/models/aws_robomaker_residential_HouseWallB_01/materials/textures\n'}
[0.452211] (aws_robomaker_small_house_world) StdoutLine: {'line': b'-- Up-to-date: /home/frankie/ros2_ws/install/aws_robomaker_small_house_world/share/aws_robomaker_small_house_world/models/aws_robomaker_residential_HouseWallB_01/materials/textures/aws_HouseWallB_01.png\n'}
[0.452311] (aws_robomaker_small_house_world) StdoutLine: {'line': b'-- Up-to-date: /home/frankie/ros2_ws/install/aws_robomaker_small_house_world/share/aws_robomaker_small_house_world/models/aws_robomaker_residential_HouseWallB_01/meshes\n'}
[0.452402] (aws_robomaker_small_house_world) StdoutLine: {'line': b'-- Up-to-date: /home/frankie/ros2_ws/install/aws_robomaker_small_house_world/share/aws_robomaker_small_house_world/models/aws_robomaker_residential_HouseWallB_01/meshes/aws_HouseWallB_01_collision.DAE\n'}
[0.452470] (aws_robomaker_small_house_world) StdoutLine: {'line': b'-- Up-to-date: /home/frankie/ros2_ws/install/aws_robomaker_small_house_world/share/aws_robomaker_small_house_world/models/aws_robomaker_residential_HouseWallB_01/meshes/aws_HouseWallB_01_visual.DAE\n'}
[0.452539] (aws_robomaker_small_house_world) StdoutLine: {'line': b'-- Up-to-date: /home/frankie/ros2_ws/install/aws_robomaker_small_house_world/share/aws_robomaker_small_house_world/models/aws_robomaker_residential_HouseWallB_01/model.config\n'}
[0.452578] (aws_robomaker_small_house_world) StdoutLine: {'line': b'-- Up-to-date: /home/frankie/ros2_ws/install/aws_robomaker_small_house_world/share/aws_robomaker_small_house_world/models/aws_robomaker_residential_HouseWallB_01/model.sdf\n'}
[0.452620] (aws_robomaker_small_house_world) StdoutLine: {'line': b'-- Up-to-date: /home/frankie/ros2_ws/install/aws_robomaker_small_house_world/share/aws_robomaker_small_house_world/models/aws_robomaker_residential_DeskPortraitD_03\n'}
[0.452681] (aws_robomaker_small_house_world) StdoutLine: {'line': b'-- Up-to-date: /home/frankie/ros2_ws/install/aws_robomaker_small_house_world/share/aws_robomaker_small_house_world/models/aws_robomaker_residential_DeskPortraitD_03/materials\n'}
[0.452777] (aws_robomaker_small_house_world) StdoutLine: {'line': b'-- Up-to-date: /home/frankie/ros2_ws/install/aws_robomaker_small_house_world/share/aws_robomaker_small_house_world/models/aws_robomaker_residential_DeskPortraitD_03/materials/textures\n'}
[0.452942] (aws_robomaker_small_house_world) StdoutLine: {'line': b'-- Up-to-date: /home/frankie/ros2_ws/install/aws_robomaker_small_house_world/share/aws_robomaker_small_house_world/models/aws_robomaker_residential_DeskPortraitD_03/materials/textures/aws_DeskPortraitD_02.png\n'}
[0.453010] (aws_robomaker_small_house_world) StdoutLine: {'line': b'-- Up-to-date: /home/frankie/ros2_ws/install/aws_robomaker_small_house_world/share/aws_robomaker_small_house_world/models/aws_robomaker_residential_DeskPortraitD_03/materials/textures/aws_DeskPortraitD_01.png\n'}
[0.453048] (aws_robomaker_small_house_world) StdoutLine: {'line': b'-- Up-to-date: /home/frankie/ros2_ws/install/aws_robomaker_small_house_world/share/aws_robomaker_small_house_world/models/aws_robomaker_residential_DeskPortraitD_03/meshes\n'}
[0.453140] (aws_robomaker_small_house_world) StdoutLine: {'line': b'-- Up-to-date: /home/frankie/ros2_ws/install/aws_robomaker_small_house_world/share/aws_robomaker_small_house_world/models/aws_robomaker_residential_DeskPortraitD_03/meshes/aws_DeskPortraitD_01_collision.DAE\n'}
[0.453277] (aws_robomaker_small_house_world) StdoutLine: {'line': b'-- Up-to-date: /home/frankie/ros2_ws/install/aws_robomaker_small_house_world/share/aws_robomaker_small_house_world/models/aws_robomaker_residential_DeskPortraitD_03/meshes/aws_DeskPortraitD_01_visual.DAE\n'}
[0.453353] (aws_robomaker_small_house_world) StdoutLine: {'line': b'-- Up-to-date: /home/frankie/ros2_ws/install/aws_robomaker_small_house_world/share/aws_robomaker_small_house_world/models/aws_robomaker_residential_DeskPortraitD_03/model.config\n'}
[0.453425] (aws_robomaker_small_house_world) StdoutLine: {'line': b'-- Up-to-date: /home/frankie/ros2_ws/install/aws_robomaker_small_house_world/share/aws_robomaker_small_house_world/models/aws_robomaker_residential_DeskPortraitD_03/model.sdf\n'}
[0.453493] (aws_robomaker_small_house_world) StdoutLine: {'line': b'-- Up-to-date: /home/frankie/ros2_ws/install/aws_robomaker_small_house_world/share/aws_robomaker_small_house_world/models/aws_robomaker_residential_DeskPortraitA_01\n'}
[0.453585] (aws_robomaker_small_house_world) StdoutLine: {'line': b'-- Up-to-date: /home/frankie/ros2_ws/install/aws_robomaker_small_house_world/share/aws_robomaker_small_house_world/models/aws_robomaker_residential_DeskPortraitA_01/materials\n'}
[0.453678] (aws_robomaker_small_house_world) StdoutLine: {'line': b'-- Up-to-date: /home/frankie/ros2_ws/install/aws_robomaker_small_house_world/share/aws_robomaker_small_house_world/models/aws_robomaker_residential_DeskPortraitA_01/materials/textures\n'}
[0.453767] (aws_robomaker_small_house_world) StdoutLine: {'line': b'-- Up-to-date: /home/frankie/ros2_ws/install/aws_robomaker_small_house_world/share/aws_robomaker_small_house_world/models/aws_robomaker_residential_DeskPortraitA_01/materials/textures/aws_DeskPortraitA_02.png\n'}
[0.453833] (aws_robomaker_small_house_world) StdoutLine: {'line': b'-- Up-to-date: /home/frankie/ros2_ws/install/aws_robomaker_small_house_world/share/aws_robomaker_small_house_world/models/aws_robomaker_residential_DeskPortraitA_01/materials/textures/aws_DeskPortraitA_01.png\n'}
[0.453898] (aws_robomaker_small_house_world) StdoutLine: {'line': b'-- Up-to-date: /home/frankie/ros2_ws/install/aws_robomaker_small_house_world/share/aws_robomaker_small_house_world/models/aws_robomaker_residential_DeskPortraitA_01/meshes\n'}
[0.453992] (aws_robomaker_small_house_world) StdoutLine: {'line': b'-- Up-to-date: /home/frankie/ros2_ws/install/aws_robomaker_small_house_world/share/aws_robomaker_small_house_world/models/aws_robomaker_residential_DeskPortraitA_01/meshes/aws_DeskPortraitA_01_collision.DAE\n'}
[0.454063] (aws_robomaker_small_house_world) StdoutLine: {'line': b'-- Up-to-date: /home/frankie/ros2_ws/install/aws_robomaker_small_house_world/share/aws_robomaker_small_house_world/models/aws_robomaker_residential_DeskPortraitA_01/meshes/aws_DeskPortraitA_01_visual.DAE\n'}
[0.454136] (aws_robomaker_small_house_world) StdoutLine: {'line': b'-- Up-to-date: /home/frankie/ros2_ws/install/aws_robomaker_small_house_world/share/aws_robomaker_small_house_world/models/aws_robomaker_residential_DeskPortraitA_01/model.config\n'}
[0.454224] (aws_robomaker_small_house_world) StdoutLine: {'line': b'-- Up-to-date: /home/frankie/ros2_ws/install/aws_robomaker_small_house_world/share/aws_robomaker_small_house_world/models/aws_robomaker_residential_DeskPortraitA_01/model.sdf\n'}
[0.454290] (aws_robomaker_small_house_world) StdoutLine: {'line': b'-- Up-to-date: /home/frankie/ros2_ws/install/aws_robomaker_small_house_world/share/aws_robomaker_small_house_world/models/aws_robomaker_residential_Rangehood_01\n'}
[0.454355] (aws_robomaker_small_house_world) StdoutLine: {'line': b'-- Up-to-date: /home/frankie/ros2_ws/install/aws_robomaker_small_house_world/share/aws_robomaker_small_house_world/models/aws_robomaker_residential_Rangehood_01/materials\n'}
[0.454437] (aws_robomaker_small_house_world) StdoutLine: {'line': b'-- Up-to-date: /home/frankie/ros2_ws/install/aws_robomaker_small_house_world/share/aws_robomaker_small_house_world/models/aws_robomaker_residential_Rangehood_01/materials/textures\n'}
[0.454516] (aws_robomaker_small_house_world) StdoutLine: {'line': b'-- Up-to-date: /home/frankie/ros2_ws/install/aws_robomaker_small_house_world/share/aws_robomaker_small_house_world/models/aws_robomaker_residential_Rangehood_01/materials/textures/aws_Rangehood_01.png\n'}
[0.454584] (aws_robomaker_small_house_world) StdoutLine: {'line': b'-- Up-to-date: /home/frankie/ros2_ws/install/aws_robomaker_small_house_world/share/aws_robomaker_small_house_world/models/aws_robomaker_residential_Rangehood_01/meshes\n'}
[0.454682] (aws_robomaker_small_house_world) StdoutLine: {'line': b'-- Up-to-date: /home/frankie/ros2_ws/install/aws_robomaker_small_house_world/share/aws_robomaker_small_house_world/models/aws_robomaker_residential_Rangehood_01/meshes/aws_Rangehood_01_collision.DAE\n'}
[0.454753] (aws_robomaker_small_house_world) StdoutLine: {'line': b'-- Up-to-date: /home/frankie/ros2_ws/install/aws_robomaker_small_house_world/share/aws_robomaker_small_house_world/models/aws_robomaker_residential_Rangehood_01/meshes/aws_Rangehood_01_visual.DAE\n'}
[0.454818] (aws_robomaker_small_house_world) StdoutLine: {'line': b'-- Up-to-date: /home/frankie/ros2_ws/install/aws_robomaker_small_house_world/share/aws_robomaker_small_house_world/models/aws_robomaker_residential_Rangehood_01/model.config\n'}
[0.454881] (aws_robomaker_small_house_world) StdoutLine: {'line': b'-- Up-to-date: /home/frankie/ros2_ws/install/aws_robomaker_small_house_world/share/aws_robomaker_small_house_world/models/aws_robomaker_residential_Rangehood_01/model.sdf\n'}
[0.454967] (aws_robomaker_small_house_world) StdoutLine: {'line': b'-- Up-to-date: /home/frankie/ros2_ws/install/aws_robomaker_small_house_world/share/aws_robomaker_small_house_world/models/aws_robomaker_residential_ReadingDesk_01\n'}
[0.455028] (aws_robomaker_small_house_world) StdoutLine: {'line': b'-- Up-to-date: /home/frankie/ros2_ws/install/aws_robomaker_small_house_world/share/aws_robomaker_small_house_world/models/aws_robomaker_residential_ReadingDesk_01/materials\n'}
[0.455107] (aws_robomaker_small_house_world) StdoutLine: {'line': b'-- Up-to-date: /home/frankie/ros2_ws/install/aws_robomaker_small_house_world/share/aws_robomaker_small_house_world/models/aws_robomaker_residential_ReadingDesk_01/materials/textures\n'}
[0.455216] (aws_robomaker_small_house_world) StdoutLine: {'line': b'-- Up-to-date: /home/frankie/ros2_ws/install/aws_robomaker_small_house_world/share/aws_robomaker_small_house_world/models/aws_robomaker_residential_ReadingDesk_01/materials/textures/aws_ReadingDesk_01.png\n'}
[0.455294] (aws_robomaker_small_house_world) StdoutLine: {'line': b'-- Up-to-date: /home/frankie/ros2_ws/install/aws_robomaker_small_house_world/share/aws_robomaker_small_house_world/models/aws_robomaker_residential_ReadingDesk_01/meshes\n'}
[0.455407] (aws_robomaker_small_house_world) StdoutLine: {'line': b'-- Up-to-date: /home/frankie/ros2_ws/install/aws_robomaker_small_house_world/share/aws_robomaker_small_house_world/models/aws_robomaker_residential_ReadingDesk_01/meshes/aws_ReadingDesk_01_collision.DAE\n'}
[0.455483] (aws_robomaker_small_house_world) StdoutLine: {'line': b'-- Up-to-date: /home/frankie/ros2_ws/install/aws_robomaker_small_house_world/share/aws_robomaker_small_house_world/models/aws_robomaker_residential_ReadingDesk_01/meshes/aws_ReadingDesk_01_visual.DAE\n'}
[0.455568] (aws_robomaker_small_house_world) StdoutLine: {'line': b'-- Up-to-date: /home/frankie/ros2_ws/install/aws_robomaker_small_house_world/share/aws_robomaker_small_house_world/models/aws_robomaker_residential_ReadingDesk_01/model.config\n'}
[0.455631] (aws_robomaker_small_house_world) StdoutLine: {'line': b'-- Up-to-date: /home/frankie/ros2_ws/install/aws_robomaker_small_house_world/share/aws_robomaker_small_house_world/models/aws_robomaker_residential_ReadingDesk_01/model.sdf\n'}
[0.455703] (aws_robomaker_small_house_world) StdoutLine: {'line': b'-- Up-to-date: /home/frankie/ros2_ws/install/aws_robomaker_small_house_world/share/aws_robomaker_small_house_world/models/aws_robomaker_residential_Wardrobe_01\n'}
[0.455787] (aws_robomaker_small_house_world) StdoutLine: {'line': b'-- Up-to-date: /home/frankie/ros2_ws/install/aws_robomaker_small_house_world/share/aws_robomaker_small_house_world/models/aws_robomaker_residential_Wardrobe_01/materials\n'}
[0.455881] (aws_robomaker_small_house_world) StdoutLine: {'line': b'-- Up-to-date: /home/frankie/ros2_ws/install/aws_robomaker_small_house_world/share/aws_robomaker_small_house_world/models/aws_robomaker_residential_Wardrobe_01/materials/textures\n'}
[0.456036] (aws_robomaker_small_house_world) StdoutLine: {'line': b'-- Up-to-date: /home/frankie/ros2_ws/install/aws_robomaker_small_house_world/share/aws_robomaker_small_house_world/models/aws_robomaker_residential_Wardrobe_01/materials/textures/aws_Wardrobe_01.png\n'}
[0.456150] (aws_robomaker_small_house_world) StdoutLine: {'line': b'-- Up-to-date: /home/frankie/ros2_ws/install/aws_robomaker_small_house_world/share/aws_robomaker_small_house_world/models/aws_robomaker_residential_Wardrobe_01/meshes\n'}
[0.456265] (aws_robomaker_small_house_world) StdoutLine: {'line': b'-- Up-to-date: /home/frankie/ros2_ws/install/aws_robomaker_small_house_world/share/aws_robomaker_small_house_world/models/aws_robomaker_residential_Wardrobe_01/meshes/aws_Wardrobe_01_visual.DAE\n'}
[0.456358] (aws_robomaker_small_house_world) StdoutLine: {'line': b'-- Up-to-date: /home/frankie/ros2_ws/install/aws_robomaker_small_house_world/share/aws_robomaker_small_house_world/models/aws_robomaker_residential_Wardrobe_01/meshes/aws_Wardrobe_01_collision.DAE\n'}
[0.456454] (aws_robomaker_small_house_world) StdoutLine: {'line': b'-- Up-to-date: /home/frankie/ros2_ws/install/aws_robomaker_small_house_world/share/aws_robomaker_small_house_world/models/aws_robomaker_residential_Wardrobe_01/model.config\n'}
[0.456545] (aws_robomaker_small_house_world) StdoutLine: {'line': b'-- Up-to-date: /home/frankie/ros2_ws/install/aws_robomaker_small_house_world/share/aws_robomaker_small_house_world/models/aws_robomaker_residential_Wardrobe_01/model.sdf\n'}
[0.456620] (aws_robomaker_small_house_world) StdoutLine: {'line': b'-- Up-to-date: /home/frankie/ros2_ws/install/aws_robomaker_small_house_world/share/aws_robomaker_small_house_world/models/aws_robomaker_residential_KitchenUtensils_01\n'}
[0.456693] (aws_robomaker_small_house_world) StdoutLine: {'line': b'-- Up-to-date: /home/frankie/ros2_ws/install/aws_robomaker_small_house_world/share/aws_robomaker_small_house_world/models/aws_robomaker_residential_KitchenUtensils_01/materials\n'}
[0.456790] (aws_robomaker_small_house_world) StdoutLine: {'line': b'-- Up-to-date: /home/frankie/ros2_ws/install/aws_robomaker_small_house_world/share/aws_robomaker_small_house_world/models/aws_robomaker_residential_KitchenUtensils_01/materials/textures\n'}
[0.456889] (aws_robomaker_small_house_world) StdoutLine: {'line': b'-- Up-to-date: /home/frankie/ros2_ws/install/aws_robomaker_small_house_world/share/aws_robomaker_small_house_world/models/aws_robomaker_residential_KitchenUtensils_01/materials/textures/aws_KitchenUtensils_01.png\n'}
[0.456966] (aws_robomaker_small_house_world) StdoutLine: {'line': b'-- Up-to-date: /home/frankie/ros2_ws/install/aws_robomaker_small_house_world/share/aws_robomaker_small_house_world/models/aws_robomaker_residential_KitchenUtensils_01/meshes\n'}
[0.457057] (aws_robomaker_small_house_world) StdoutLine: {'line': b'-- Up-to-date: /home/frankie/ros2_ws/install/aws_robomaker_small_house_world/share/aws_robomaker_small_house_world/models/aws_robomaker_residential_KitchenUtensils_01/meshes/aws_KitchenUtensils_01_collision.DAE\n'}
[0.457154] (aws_robomaker_small_house_world) StdoutLine: {'line': b'-- Up-to-date: /home/frankie/ros2_ws/install/aws_robomaker_small_house_world/share/aws_robomaker_small_house_world/models/aws_robomaker_residential_KitchenUtensils_01/meshes/aws_KitchenUtensils_01_visual.DAE\n'}
[0.457239] (aws_robomaker_small_house_world) StdoutLine: {'line': b'-- Up-to-date: /home/frankie/ros2_ws/install/aws_robomaker_small_house_world/share/aws_robomaker_small_house_world/models/aws_robomaker_residential_KitchenUtensils_01/model.config\n'}
[0.457322] (aws_robomaker_small_house_world) StdoutLine: {'line': b'-- Up-to-date: /home/frankie/ros2_ws/install/aws_robomaker_small_house_world/share/aws_robomaker_small_house_world/models/aws_robomaker_residential_KitchenUtensils_01/model.sdf\n'}
[0.457411] (aws_robomaker_small_house_world) StdoutLine: {'line': b'-- Up-to-date: /home/frankie/ros2_ws/install/aws_robomaker_small_house_world/share/aws_robomaker_small_house_world/models/aws_robomaker_residential_RoomWindow_01\n'}
[0.457486] (aws_robomaker_small_house_world) StdoutLine: {'line': b'-- Up-to-date: /home/frankie/ros2_ws/install/aws_robomaker_small_house_world/share/aws_robomaker_small_house_world/models/aws_robomaker_residential_RoomWindow_01/materials\n'}
[0.457580] (aws_robomaker_small_house_world) StdoutLine: {'line': b'-- Up-to-date: /home/frankie/ros2_ws/install/aws_robomaker_small_house_world/share/aws_robomaker_small_house_world/models/aws_robomaker_residential_RoomWindow_01/materials/textures\n'}
[0.457690] (aws_robomaker_small_house_world) StdoutLine: {'line': b'-- Up-to-date: /home/frankie/ros2_ws/install/aws_robomaker_small_house_world/share/aws_robomaker_small_house_world/models/aws_robomaker_residential_RoomWindow_01/materials/textures/aws_RoomWindow_01.png\n'}
[0.457767] (aws_robomaker_small_house_world) StdoutLine: {'line': b'-- Up-to-date: /home/frankie/ros2_ws/install/aws_robomaker_small_house_world/share/aws_robomaker_small_house_world/models/aws_robomaker_residential_RoomWindow_01/meshes\n'}
[0.457871] (aws_robomaker_small_house_world) StdoutLine: {'line': b'-- Up-to-date: /home/frankie/ros2_ws/install/aws_robomaker_small_house_world/share/aws_robomaker_small_house_world/models/aws_robomaker_residential_RoomWindow_01/meshes/aws_RoomWindow_01_visual.DAE\n'}
[0.457979] (aws_robomaker_small_house_world) StdoutLine: {'line': b'-- Up-to-date: /home/frankie/ros2_ws/install/aws_robomaker_small_house_world/share/aws_robomaker_small_house_world/models/aws_robomaker_residential_RoomWindow_01/meshes/aws_RoomWindow_01_collision.DAE\n'}
[0.458056] (aws_robomaker_small_house_world) StdoutLine: {'line': b'-- Up-to-date: /home/frankie/ros2_ws/install/aws_robomaker_small_house_world/share/aws_robomaker_small_house_world/models/aws_robomaker_residential_RoomWindow_01/model.config\n'}
[0.458122] (aws_robomaker_small_house_world) StdoutLine: {'line': b'-- Up-to-date: /home/frankie/ros2_ws/install/aws_robomaker_small_house_world/share/aws_robomaker_small_house_world/models/aws_robomaker_residential_RoomWindow_01/model.sdf\n'}
[0.458190] (aws_robomaker_small_house_world) StdoutLine: {'line': b'-- Up-to-date: /home/frankie/ros2_ws/install/aws_robomaker_small_house_world/share/aws_robomaker_small_house_world/models/aws_robomaker_residential_Carpet_01\n'}
[0.458277] (aws_robomaker_small_house_world) StdoutLine: {'line': b'-- Up-to-date: /home/frankie/ros2_ws/install/aws_robomaker_small_house_world/share/aws_robomaker_small_house_world/models/aws_robomaker_residential_Carpet_01/materials\n'}
[0.458555] (aws_robomaker_small_house_world) StdoutLine: {'line': b'-- Up-to-date: /home/frankie/ros2_ws/install/aws_robomaker_small_house_world/share/aws_robomaker_small_house_world/models/aws_robomaker_residential_Carpet_01/materials/textures\n'}
[0.458852] (aws_robomaker_small_house_world) StdoutLine: {'line': b'-- Up-to-date: /home/frankie/ros2_ws/install/aws_robomaker_small_house_world/share/aws_robomaker_small_house_world/models/aws_robomaker_residential_Carpet_01/materials/textures/aws_Carpet_01.png\n'}
[0.458931] (aws_robomaker_small_house_world) StdoutLine: {'line': b'-- Up-to-date: /home/frankie/ros2_ws/install/aws_robomaker_small_house_world/share/aws_robomaker_small_house_world/models/aws_robomaker_residential_Carpet_01/meshes\n'}
[0.459171] (aws_robomaker_small_house_world) StdoutLine: {'line': b'-- Up-to-date: /home/frankie/ros2_ws/install/aws_robomaker_small_house_world/share/aws_robomaker_small_house_world/models/aws_robomaker_residential_Carpet_01/meshes/aws_Carpet_01_collision.DAE\n'}
[0.459299] (aws_robomaker_small_house_world) StdoutLine: {'line': b'-- Up-to-date: /home/frankie/ros2_ws/install/aws_robomaker_small_house_world/share/aws_robomaker_small_house_world/models/aws_robomaker_residential_Carpet_01/meshes/aws_Carpet_01_visual.DAE\n'}
[0.459376] (aws_robomaker_small_house_world) StdoutLine: {'line': b'-- Up-to-date: /home/frankie/ros2_ws/install/aws_robomaker_small_house_world/share/aws_robomaker_small_house_world/models/aws_robomaker_residential_Carpet_01/model.config\n'}
[0.459453] (aws_robomaker_small_house_world) StdoutLine: {'line': b'-- Up-to-date: /home/frankie/ros2_ws/install/aws_robomaker_small_house_world/share/aws_robomaker_small_house_world/models/aws_robomaker_residential_Carpet_01/model.sdf\n'}
[0.459528] (aws_robomaker_small_house_world) StdoutLine: {'line': b'-- Up-to-date: /home/frankie/ros2_ws/install/aws_robomaker_small_house_world/share/aws_robomaker_small_house_world/models/aws_robomaker_residential_DeskPortraitC_02\n'}
[0.459627] (aws_robomaker_small_house_world) StdoutLine: {'line': b'-- Up-to-date: /home/frankie/ros2_ws/install/aws_robomaker_small_house_world/share/aws_robomaker_small_house_world/models/aws_robomaker_residential_DeskPortraitC_02/materials\n'}
[0.459703] (aws_robomaker_small_house_world) StdoutLine: {'line': b'-- Up-to-date: /home/frankie/ros2_ws/install/aws_robomaker_small_house_world/share/aws_robomaker_small_house_world/models/aws_robomaker_residential_DeskPortraitC_02/materials/textures\n'}
[0.459800] (aws_robomaker_small_house_world) StdoutLine: {'line': b'-- Up-to-date: /home/frankie/ros2_ws/install/aws_robomaker_small_house_world/share/aws_robomaker_small_house_world/models/aws_robomaker_residential_DeskPortraitC_02/materials/textures/aws_DeskPortraitC_02.png\n'}
[0.459876] (aws_robomaker_small_house_world) StdoutLine: {'line': b'-- Up-to-date: /home/frankie/ros2_ws/install/aws_robomaker_small_house_world/share/aws_robomaker_small_house_world/models/aws_robomaker_residential_DeskPortraitC_02/materials/textures/aws_DeskPortraitC_01.png\n'}
[0.459984] (aws_robomaker_small_house_world) StdoutLine: {'line': b'-- Up-to-date: /home/frankie/ros2_ws/install/aws_robomaker_small_house_world/share/aws_robomaker_small_house_world/models/aws_robomaker_residential_DeskPortraitC_02/meshes\n'}
[0.460057] (aws_robomaker_small_house_world) StdoutLine: {'line': b'-- Up-to-date: /home/frankie/ros2_ws/install/aws_robomaker_small_house_world/share/aws_robomaker_small_house_world/models/aws_robomaker_residential_DeskPortraitC_02/meshes/aws_DeskPortraitC_01_collision.DAE\n'}
[0.460131] (aws_robomaker_small_house_world) StdoutLine: {'line': b'-- Up-to-date: /home/frankie/ros2_ws/install/aws_robomaker_small_house_world/share/aws_robomaker_small_house_world/models/aws_robomaker_residential_DeskPortraitC_02/meshes/aws_DeskPortraitC_01_visual.DAE\n'}
[0.460237] (aws_robomaker_small_house_world) StdoutLine: {'line': b'-- Up-to-date: /home/frankie/ros2_ws/install/aws_robomaker_small_house_world/share/aws_robomaker_small_house_world/models/aws_robomaker_residential_DeskPortraitC_02/model.config\n'}
[0.460307] (aws_robomaker_small_house_world) StdoutLine: {'line': b'-- Up-to-date: /home/frankie/ros2_ws/install/aws_robomaker_small_house_world/share/aws_robomaker_small_house_world/models/aws_robomaker_residential_DeskPortraitC_02/model.sdf\n'}
[0.460381] (aws_robomaker_small_house_world) StdoutLine: {'line': b'-- Up-to-date: /home/frankie/ros2_ws/install/aws_robomaker_small_house_world/share/aws_robomaker_small_house_world/models/aws_robomaker_residential_LightC_01\n'}
[0.460457] (aws_robomaker_small_house_world) StdoutLine: {'line': b'-- Up-to-date: /home/frankie/ros2_ws/install/aws_robomaker_small_house_world/share/aws_robomaker_small_house_world/models/aws_robomaker_residential_LightC_01/materials\n'}
[0.460557] (aws_robomaker_small_house_world) StdoutLine: {'line': b'-- Up-to-date: /home/frankie/ros2_ws/install/aws_robomaker_small_house_world/share/aws_robomaker_small_house_world/models/aws_robomaker_residential_LightC_01/materials/textures\n'}
[0.460640] (aws_robomaker_small_house_world) StdoutLine: {'line': b'-- Up-to-date: /home/frankie/ros2_ws/install/aws_robomaker_small_house_world/share/aws_robomaker_small_house_world/models/aws_robomaker_residential_LightC_01/materials/textures/aws_LightC_01.png\n'}
[0.460716] (aws_robomaker_small_house_world) StdoutLine: {'line': b'-- Up-to-date: /home/frankie/ros2_ws/install/aws_robomaker_small_house_world/share/aws_robomaker_small_house_world/models/aws_robomaker_residential_LightC_01/meshes\n'}
[0.460812] (aws_robomaker_small_house_world) StdoutLine: {'line': b'-- Up-to-date: /home/frankie/ros2_ws/install/aws_robomaker_small_house_world/share/aws_robomaker_small_house_world/models/aws_robomaker_residential_LightC_01/meshes/aws_LightC_01_collision.DAE\n'}
[0.460891] (aws_robomaker_small_house_world) StdoutLine: {'line': b'-- Up-to-date: /home/frankie/ros2_ws/install/aws_robomaker_small_house_world/share/aws_robomaker_small_house_world/models/aws_robomaker_residential_LightC_01/meshes/aws_LightC_01_visual.DAE\n'}
[0.460985] (aws_robomaker_small_house_world) StdoutLine: {'line': b'-- Up-to-date: /home/frankie/ros2_ws/install/aws_robomaker_small_house_world/share/aws_robomaker_small_house_world/models/aws_robomaker_residential_LightC_01/model.config\n'}
[0.461059] (aws_robomaker_small_house_world) StdoutLine: {'line': b'-- Up-to-date: /home/frankie/ros2_ws/install/aws_robomaker_small_house_world/share/aws_robomaker_small_house_world/models/aws_robomaker_residential_LightC_01/model.sdf\n'}
[0.461130] (aws_robomaker_small_house_world) StdoutLine: {'line': b'-- Up-to-date: /home/frankie/ros2_ws/install/aws_robomaker_small_house_world/share/aws_robomaker_small_house_world/worlds\n'}
[0.461241] (aws_robomaker_small_house_world) StdoutLine: {'line': b'-- Up-to-date: /home/frankie/ros2_ws/install/aws_robomaker_small_house_world/share/aws_robomaker_small_house_world/worlds/kitchen_table.world\n'}
[0.461322] (aws_robomaker_small_house_world) StdoutLine: {'line': b'-- Up-to-date: /home/frankie/ros2_ws/install/aws_robomaker_small_house_world/share/aws_robomaker_small_house_world/worlds/empty.world\n'}
[0.461394] (aws_robomaker_small_house_world) StdoutLine: {'line': b'-- Up-to-date: /home/frankie/ros2_ws/install/aws_robomaker_small_house_world/share/aws_robomaker_small_house_world/worlds/small_house.world\n'}
[0.461472] (aws_robomaker_small_house_world) StdoutLine: {'line': b'-- Up-to-date: /home/frankie/ros2_ws/install/aws_robomaker_small_house_world/share/aws_robomaker_small_house_world/maps\n'}
[0.461572] (aws_robomaker_small_house_world) StdoutLine: {'line': b'-- Up-to-date: /home/frankie/ros2_ws/install/aws_robomaker_small_house_world/share/aws_robomaker_small_house_world/maps/turtlebot3_waffle_pi\n'}
[0.461674] (aws_robomaker_small_house_world) StdoutLine: {'line': b'-- Up-to-date: /home/frankie/ros2_ws/install/aws_robomaker_small_house_world/share/aws_robomaker_small_house_world/maps/turtlebot3_waffle_pi/map.pgm\n'}
[0.461747] (aws_robomaker_small_house_world) StdoutLine: {'line': b'-- Up-to-date: /home/frankie/ros2_ws/install/aws_robomaker_small_house_world/share/aws_robomaker_small_house_world/maps/turtlebot3_waffle_pi/map.yaml\n'}
[0.461819] (aws_robomaker_small_house_world) StdoutLine: {'line': b'-- Up-to-date: /home/frankie/ros2_ws/install/aws_robomaker_small_house_world/share/aws_robomaker_small_house_world/photos\n'}
[0.461910] (aws_robomaker_small_house_world) StdoutLine: {'line': b'-- Up-to-date: /home/frankie/ros2_ws/install/aws_robomaker_small_house_world/share/aws_robomaker_small_house_world/photos/PortraitB_01.jpg\n'}
[0.462009] (aws_robomaker_small_house_world) StdoutLine: {'line': b'-- Up-to-date: /home/frankie/ros2_ws/install/aws_robomaker_small_house_world/share/aws_robomaker_small_house_world/photos/PortraitB_02.jpg\n'}
[0.462084] (aws_robomaker_small_house_world) StdoutLine: {'line': b'-- Up-to-date: /home/frankie/ros2_ws/install/aws_robomaker_small_house_world/share/aws_robomaker_small_house_world/photos/PortraitA_01.jpg\n'}
[0.462252] (aws_robomaker_small_house_world) StdoutLine: {'line': b'-- Up-to-date: /home/frankie/ros2_ws/install/aws_robomaker_small_house_world/share/aws_robomaker_small_house_world/photos/PortraitB_03.jpg\n'}
[0.462338] (aws_robomaker_small_house_world) StdoutLine: {'line': b'-- Up-to-date: /home/frankie/ros2_ws/install/aws_robomaker_small_house_world/share/aws_robomaker_small_house_world/photos/PortraitD_02.jpg\n'}
[0.462413] (aws_robomaker_small_house_world) StdoutLine: {'line': b'-- Up-to-date: /home/frankie/ros2_ws/install/aws_robomaker_small_house_world/share/aws_robomaker_small_house_world/photos/DeskPortraitD_04.jpg\n'}
[0.462492] (aws_robomaker_small_house_world) StdoutLine: {'line': b'-- Up-to-date: /home/frankie/ros2_ws/install/aws_robomaker_small_house_world/share/aws_robomaker_small_house_world/photos/DeskPortraitB_02.jpg\n'}
[0.462566] (aws_robomaker_small_house_world) StdoutLine: {'line': b'-- Up-to-date: /home/frankie/ros2_ws/install/aws_robomaker_small_house_world/share/aws_robomaker_small_house_world/photos/PortraitE_02.jpg\n'}
[0.462639] (aws_robomaker_small_house_world) StdoutLine: {'line': b'-- Up-to-date: /home/frankie/ros2_ws/install/aws_robomaker_small_house_world/share/aws_robomaker_small_house_world/photos/DeskPortraitB_01.jpg\n'}
[0.462710] (aws_robomaker_small_house_world) StdoutLine: {'line': b'-- Up-to-date: /home/frankie/ros2_ws/install/aws_robomaker_small_house_world/share/aws_robomaker_small_house_world/photos/DeskPortraitD_01.jpg\n'}
[0.462782] (aws_robomaker_small_house_world) StdoutLine: {'line': b'-- Up-to-date: /home/frankie/ros2_ws/install/aws_robomaker_small_house_world/share/aws_robomaker_small_house_world/photos/DeskPortraitA_02.jpg\n'}
[0.462858] (aws_robomaker_small_house_world) StdoutLine: {'line': b'-- Up-to-date: /home/frankie/ros2_ws/install/aws_robomaker_small_house_world/share/aws_robomaker_small_house_world/photos/PortraitE_01.jpg\n'}
[0.462929] (aws_robomaker_small_house_world) StdoutLine: {'line': b'-- Up-to-date: /home/frankie/ros2_ws/install/aws_robomaker_small_house_world/share/aws_robomaker_small_house_world/photos/PortraitA_02.jpg\n'}
[0.463030] (aws_robomaker_small_house_world) StdoutLine: {'line': b'-- Up-to-date: /home/frankie/ros2_ws/install/aws_robomaker_small_house_world/share/aws_robomaker_small_house_world/photos/PortraitD_01.jpg\n'}
[0.463118] (aws_robomaker_small_house_world) StdoutLine: {'line': b'-- Up-to-date: /home/frankie/ros2_ws/install/aws_robomaker_small_house_world/share/aws_robomaker_small_house_world/photos/DeskPortraitC_01.jpg\n'}
[0.463208] (aws_robomaker_small_house_world) StdoutLine: {'line': b'-- Up-to-date: /home/frankie/ros2_ws/install/aws_robomaker_small_house_world/share/aws_robomaker_small_house_world/photos/PortraitC_01.jpg\n'}
[0.463282] (aws_robomaker_small_house_world) StdoutLine: {'line': b'-- Up-to-date: /home/frankie/ros2_ws/install/aws_robomaker_small_house_world/share/aws_robomaker_small_house_world/photos/DeskPortraitD_03.jpg\n'}
[0.463351] (aws_robomaker_small_house_world) StdoutLine: {'line': b'-- Up-to-date: /home/frankie/ros2_ws/install/aws_robomaker_small_house_world/share/aws_robomaker_small_house_world/photos/DeskPortraitD_02.jpg\n'}
[0.463420] (aws_robomaker_small_house_world) StdoutLine: {'line': b'-- Up-to-date: /home/frankie/ros2_ws/install/aws_robomaker_small_house_world/share/aws_robomaker_small_house_world/photos/DeskPortraitC_02.jpg\n'}
[0.463489] (aws_robomaker_small_house_world) StdoutLine: {'line': b'-- Up-to-date: /home/frankie/ros2_ws/install/aws_robomaker_small_house_world/share/aws_robomaker_small_house_world/photos/DeskPortraitA_01.jpg\n'}
[0.463557] (aws_robomaker_small_house_world) StdoutLine: {'line': b'-- Up-to-date: /home/frankie/ros2_ws/install/aws_robomaker_small_house_world/share/aws_robomaker_small_house_world/param\n'}
[0.463626] (aws_robomaker_small_house_world) StdoutLine: {'line': b'-- Up-to-date: /home/frankie/ros2_ws/install/aws_robomaker_small_house_world/share/aws_robomaker_small_house_world/param/waffle_pi.yaml\n'}
[0.463695] (aws_robomaker_small_house_world) StdoutLine: {'line': b'-- Up-to-date: /home/frankie/ros2_ws/install/aws_robomaker_small_house_world/share/aws_robomaker_small_house_world/routes\n'}
[0.463786] (aws_robomaker_small_house_world) StdoutLine: {'line': b'-- Up-to-date: /home/frankie/ros2_ws/install/aws_robomaker_small_house_world/share/aws_robomaker_small_house_world/routes/route.yaml\n'}
[0.463864] (aws_robomaker_small_house_world) StdoutLine: {'line': b'-- Up-to-date: /home/frankie/ros2_ws/install/aws_robomaker_small_house_world/share/ament_index/resource_index/package_run_dependencies/aws_robomaker_small_house_world\n'}
[0.463935] (aws_robomaker_small_house_world) StdoutLine: {'line': b'-- Up-to-date: /home/frankie/ros2_ws/install/aws_robomaker_small_house_world/share/ament_index/resource_index/parent_prefix_path/aws_robomaker_small_house_world\n'}
[0.464007] (aws_robomaker_small_house_world) StdoutLine: {'line': b'-- Up-to-date: /home/frankie/ros2_ws/install/aws_robomaker_small_house_world/share/aws_robomaker_small_house_world/environment/ament_prefix_path.sh\n'}
[0.464079] (aws_robomaker_small_house_world) StdoutLine: {'line': b'-- Up-to-date: /home/frankie/ros2_ws/install/aws_robomaker_small_house_world/share/aws_robomaker_small_house_world/environment/ament_prefix_path.dsv\n'}
[0.464205] (aws_robomaker_small_house_world) StdoutLine: {'line': b'-- Up-to-date: /home/frankie/ros2_ws/install/aws_robomaker_small_house_world/share/aws_robomaker_small_house_world/environment/path.sh\n'}
[0.464315] (aws_robomaker_small_house_world) StdoutLine: {'line': b'-- Up-to-date: /home/frankie/ros2_ws/install/aws_robomaker_small_house_world/share/aws_robomaker_small_house_world/environment/path.dsv\n'}
[0.464392] (aws_robomaker_small_house_world) StdoutLine: {'line': b'-- Up-to-date: /home/frankie/ros2_ws/install/aws_robomaker_small_house_world/share/aws_robomaker_small_house_world/local_setup.bash\n'}
[0.464464] (aws_robomaker_small_house_world) StdoutLine: {'line': b'-- Up-to-date: /home/frankie/ros2_ws/install/aws_robomaker_small_house_world/share/aws_robomaker_small_house_world/local_setup.sh\n'}
[0.464541] (aws_robomaker_small_house_world) StdoutLine: {'line': b'-- Up-to-date: /home/frankie/ros2_ws/install/aws_robomaker_small_house_world/share/aws_robomaker_small_house_world/local_setup.zsh\n'}
[0.464610] (aws_robomaker_small_house_world) StdoutLine: {'line': b'-- Up-to-date: /home/frankie/ros2_ws/install/aws_robomaker_small_house_world/share/aws_robomaker_small_house_world/local_setup.dsv\n'}
[0.464679] (aws_robomaker_small_house_world) StdoutLine: {'line': b'-- Installing: /home/frankie/ros2_ws/install/aws_robomaker_small_house_world/share/aws_robomaker_small_house_world/package.dsv\n'}
[0.464748] (aws_robomaker_small_house_world) StdoutLine: {'line': b'-- Up-to-date: /home/frankie/ros2_ws/install/aws_robomaker_small_house_world/share/ament_index/resource_index/packages/aws_robomaker_small_house_world\n'}
[0.464817] (aws_robomaker_small_house_world) StdoutLine: {'line': b'-- Up-to-date: /home/frankie/ros2_ws/install/aws_robomaker_small_house_world/share/aws_robomaker_small_house_world/cmake/ament_cmake_export_dependencies-extras.cmake\n'}
[0.464887] (aws_robomaker_small_house_world) StdoutLine: {'line': b'-- Up-to-date: /home/frankie/ros2_ws/install/aws_robomaker_small_house_world/share/aws_robomaker_small_house_world/cmake/aws_robomaker_small_house_worldConfig.cmake\n'}
[0.464956] (aws_robomaker_small_house_world) StdoutLine: {'line': b'-- Up-to-date: /home/frankie/ros2_ws/install/aws_robomaker_small_house_world/share/aws_robomaker_small_house_world/cmake/aws_robomaker_small_house_worldConfig-version.cmake\n'}
[0.465023] (aws_robomaker_small_house_world) StdoutLine: {'line': b'-- Up-to-date: /home/frankie/ros2_ws/install/aws_robomaker_small_house_world/share/aws_robomaker_small_house_world/package.xml\n'}
[0.465695] (aws_robomaker_small_house_world) CommandEnded: {'returncode': 0}
[0.480410] (aws_robomaker_small_house_world) JobEnded: {'identifier': 'aws_robomaker_small_house_world', 'rc': 0}
[0.500609] (-) TimerEvent: {}
[0.600889] (-) TimerEvent: {}
[0.701258] (-) TimerEvent: {}
[0.727721] (nav2_wfd) Command: {'cmd': ['/usr/bin/python3', '-W', 'ignore:setup.py install is deprecated', '-W', 'ignore:easy_install command is deprecated', 'setup.py', 'egg_info', '--egg-base', '../../build/nav2_wfd', 'build', '--build-base', '/home/frankie/ros2_ws/build/nav2_wfd/build', 'install', '--record', '/home/frankie/ros2_ws/build/nav2_wfd/install.log', '--install-scripts', '$base/lib/nav2_wfd', '--single-version-externally-managed', 'install_data'], 'cwd': '/home/frankie/ros2_ws/src/nav2_wavefront_frontier_exploration', 'env': {'LESSOPEN': '| /usr/bin/lesspipe %s', 'USER': 'frankie', 'XDG_SESSION_TYPE': 'wayland', 'SHLVL': '1', 'LD_LIBRARY_PATH': '/usr/lib/x86_64-linux-gnu/gazebo-11/plugins:/opt/ros/humble/opt/rviz_ogre_vendor/lib:/opt/ros/humble/lib/x86_64-linux-gnu:/opt/ros/humble/lib', 'HOME': '/home/frankie', 'OLDPWD': '/home/frankie/ros2_ws/src', 'DESKTOP_SESSION': 'ubuntu', 'ROS_PYTHON_VERSION': '3', 'GNOME_SHELL_SESSION_MODE': 'ubuntu', 'GTK_MODULES': 'gail:atk-bridge', 'SYSTEMD_EXEC_PID': '6622', 'DBUS_SESSION_BUS_ADDRESS': 'unix:path=/run/user/1000/bus', 'COLORTERM': 'truecolor', 'IM_CONFIG_PHASE': '1', 'WAYLAND_DISPLAY': 'wayland-0', 'ROS_DISTRO': 'humble', 'LOGNAME': 'frankie', '_': '/usr/bin/colcon', 'ROS_VERSION': '2', 'XDG_SESSION_CLASS': 'user', 'USERNAME': 'frankie', 'TERM': 'xterm-256color', 'GNOME_DESKTOP_SESSION_ID': 'this-is-deprecated', 'ROS_LOCALHOST_ONLY': '0', 'PATH': '/opt/ros/humble/bin:/usr/local/sbin:/usr/local/bin:/usr/sbin:/usr/bin:/sbin:/bin:/usr/games:/usr/local/games:/snap/bin:/snap/bin', 'SESSION_MANAGER': 'local/frankie-VivoBook-ASUSLaptop-X513EAN-K513EA:@/tmp/.ICE-unix/1035,unix/frankie-VivoBook-ASUSLaptop-X513EAN-K513EA:/tmp/.ICE-unix/1035', 'XDG_MENU_PREFIX': 'gnome-', 'GNOME_TERMINAL_SCREEN': '/org/gnome/Terminal/screen/c05c6ef0_2ca5_4379_aca2_c67600f0651d', 'GNOME_SETUP_DISPLAY': ':1', 'XDG_RUNTIME_DIR': '/run/user/1000', 'DISPLAY': ':0', 'LANG': 'en_US.UTF-8', 'XDG_CURRENT_DESKTOP': 'ubuntu:GNOME', 'XMODIFIERS': '@im=ibus', 'XDG_SESSION_DESKTOP': 'ubuntu', 'XAUTHORITY': '/run/user/1000/.mutter-Xwaylandauth.AN7UO3', 'LS_COLORS': 'rs=0:di=01;34:ln=01;36:mh=00:pi=40;33:so=01;35:do=01;35:bd=40;33;01:cd=40;33;01:or=40;31;01:mi=00:su=37;41:sg=30;43:ca=30;41:tw=30;42:ow=34;42:st=37;44:ex=01;32:*.tar=01;31:*.tgz=01;31:*.arc=01;31:*.arj=01;31:*.taz=01;31:*.lha=01;31:*.lz4=01;31:*.lzh=01;31:*.lzma=01;31:*.tlz=01;31:*.txz=01;31:*.tzo=01;31:*.t7z=01;31:*.zip=01;31:*.z=01;31:*.dz=01;31:*.gz=01;31:*.lrz=01;31:*.lz=01;31:*.lzo=01;31:*.xz=01;31:*.zst=01;31:*.tzst=01;31:*.bz2=01;31:*.bz=01;31:*.tbz=01;31:*.tbz2=01;31:*.tz=01;31:*.deb=01;31:*.rpm=01;31:*.jar=01;31:*.war=01;31:*.ear=01;31:*.sar=01;31:*.rar=01;31:*.alz=01;31:*.ace=01;31:*.zoo=01;31:*.cpio=01;31:*.7z=01;31:*.rz=01;31:*.cab=01;31:*.wim=01;31:*.swm=01;31:*.dwm=01;31:*.esd=01;31:*.jpg=01;35:*.jpeg=01;35:*.mjpg=01;35:*.mjpeg=01;35:*.gif=01;35:*.bmp=01;35:*.pbm=01;35:*.pgm=01;35:*.ppm=01;35:*.tga=01;35:*.xbm=01;35:*.xpm=01;35:*.tif=01;35:*.tiff=01;35:*.png=01;35:*.svg=01;35:*.svgz=01;35:*.mng=01;35:*.pcx=01;35:*.mov=01;35:*.mpg=01;35:*.mpeg=01;35:*.m2v=01;35:*.mkv=01;35:*.webm=01;35:*.webp=01;35:*.ogm=01;35:*.mp4=01;35:*.m4v=01;35:*.mp4v=01;35:*.vob=01;35:*.qt=01;35:*.nuv=01;35:*.wmv=01;35:*.asf=01;35:*.rm=01;35:*.rmvb=01;35:*.flc=01;35:*.avi=01;35:*.fli=01;35:*.flv=01;35:*.gl=01;35:*.dl=01;35:*.xcf=01;35:*.xwd=01;35:*.yuv=01;35:*.cgm=01;35:*.emf=01;35:*.ogv=01;35:*.ogx=01;35:*.aac=00;36:*.au=00;36:*.flac=00;36:*.m4a=00;36:*.mid=00;36:*.midi=00;36:*.mka=00;36:*.mp3=00;36:*.mpc=00;36:*.ogg=00;36:*.ra=00;36:*.wav=00;36:*.oga=00;36:*.opus=00;36:*.spx=00;36:*.xspf=00;36:', 'GNOME_TERMINAL_SERVICE': ':1.146', 'SSH_AGENT_LAUNCHER': 'gnome-keyring', 'SSH_AUTH_SOCK': '/run/user/1000/keyring/ssh', 'AMENT_PREFIX_PATH': '/opt/ros/humble', 'SHELL': '/bin/bash', 'QT_ACCESSIBILITY': '1', 'GDMSESSION': 'ubuntu', 'LESSCLOSE': '/usr/bin/lesspipe %s %s', 'QT_IM_MODULE': 'ibus', 'PWD': '/home/frankie/ros2_ws/build/nav2_wfd', 'TURTLEBOT3_MODEL': 'waffle_pi', 'XDG_CONFIG_DIRS': '/etc/xdg/xdg-ubuntu:/etc/xdg', 'XDG_DATA_DIRS': '/usr/share/ubuntu:/usr/local/share/:/usr/share/:/var/lib/snapd/desktop', 'PYTHONPATH': '/home/frankie/ros2_ws/build/nav2_wfd/prefix_override:/usr/lib/python3/dist-packages/colcon_core/task/python/colcon_distutils_commands:/home/frankie/ros2_ws/install/nav2_wfd/lib/python3.10/site-packages:/opt/ros/humble/lib/python3.10/site-packages:/opt/ros/humble/local/lib/python3.10/dist-packages', 'COLCON': '1', 'VTE_VERSION': '6800'}, 'shell': False}
[0.730220] (growbot_bringup) Command: {'cmd': ['/usr/bin/python3', '-W', 'ignore:setup.py install is deprecated', '-W', 'ignore:easy_install command is deprecated', 'setup.py', 'egg_info', '--egg-base', '../../build/growbot_bringup', 'build', '--build-base', '/home/frankie/ros2_ws/build/growbot_bringup/build', 'install', '--record', '/home/frankie/ros2_ws/build/growbot_bringup/install.log', '--single-version-externally-managed', 'install_data'], 'cwd': '/home/frankie/ros2_ws/src/growbot_bringup', 'env': {'LESSOPEN': '| /usr/bin/lesspipe %s', 'USER': 'frankie', 'XDG_SESSION_TYPE': 'wayland', 'SHLVL': '1', 'LD_LIBRARY_PATH': '/usr/lib/x86_64-linux-gnu/gazebo-11/plugins:/opt/ros/humble/opt/rviz_ogre_vendor/lib:/opt/ros/humble/lib/x86_64-linux-gnu:/opt/ros/humble/lib', 'HOME': '/home/frankie', 'OLDPWD': '/home/frankie/ros2_ws/src', 'DESKTOP_SESSION': 'ubuntu', 'ROS_PYTHON_VERSION': '3', 'GNOME_SHELL_SESSION_MODE': 'ubuntu', 'GTK_MODULES': 'gail:atk-bridge', 'SYSTEMD_EXEC_PID': '6622', 'DBUS_SESSION_BUS_ADDRESS': 'unix:path=/run/user/1000/bus', 'COLORTERM': 'truecolor', 'IM_CONFIG_PHASE': '1', 'WAYLAND_DISPLAY': 'wayland-0', 'ROS_DISTRO': 'humble', 'LOGNAME': 'frankie', '_': '/usr/bin/colcon', 'ROS_VERSION': '2', 'XDG_SESSION_CLASS': 'user', 'USERNAME': 'frankie', 'TERM': 'xterm-256color', 'GNOME_DESKTOP_SESSION_ID': 'this-is-deprecated', 'ROS_LOCALHOST_ONLY': '0', 'PATH': '/opt/ros/humble/bin:/usr/local/sbin:/usr/local/bin:/usr/sbin:/usr/bin:/sbin:/bin:/usr/games:/usr/local/games:/snap/bin:/snap/bin', 'SESSION_MANAGER': 'local/frankie-VivoBook-ASUSLaptop-X513EAN-K513EA:@/tmp/.ICE-unix/1035,unix/frankie-VivoBook-ASUSLaptop-X513EAN-K513EA:/tmp/.ICE-unix/1035', 'XDG_MENU_PREFIX': 'gnome-', 'GNOME_TERMINAL_SCREEN': '/org/gnome/Terminal/screen/c05c6ef0_2ca5_4379_aca2_c67600f0651d', 'GNOME_SETUP_DISPLAY': ':1', 'XDG_RUNTIME_DIR': '/run/user/1000', 'DISPLAY': ':0', 'LANG': 'en_US.UTF-8', 'XDG_CURRENT_DESKTOP': 'ubuntu:GNOME', 'XMODIFIERS': '@im=ibus', 'XDG_SESSION_DESKTOP': 'ubuntu', 'XAUTHORITY': '/run/user/1000/.mutter-Xwaylandauth.AN7UO3', 'LS_COLORS': 'rs=0:di=01;34:ln=01;36:mh=00:pi=40;33:so=01;35:do=01;35:bd=40;33;01:cd=40;33;01:or=40;31;01:mi=00:su=37;41:sg=30;43:ca=30;41:tw=30;42:ow=34;42:st=37;44:ex=01;32:*.tar=01;31:*.tgz=01;31:*.arc=01;31:*.arj=01;31:*.taz=01;31:*.lha=01;31:*.lz4=01;31:*.lzh=01;31:*.lzma=01;31:*.tlz=01;31:*.txz=01;31:*.tzo=01;31:*.t7z=01;31:*.zip=01;31:*.z=01;31:*.dz=01;31:*.gz=01;31:*.lrz=01;31:*.lz=01;31:*.lzo=01;31:*.xz=01;31:*.zst=01;31:*.tzst=01;31:*.bz2=01;31:*.bz=01;31:*.tbz=01;31:*.tbz2=01;31:*.tz=01;31:*.deb=01;31:*.rpm=01;31:*.jar=01;31:*.war=01;31:*.ear=01;31:*.sar=01;31:*.rar=01;31:*.alz=01;31:*.ace=01;31:*.zoo=01;31:*.cpio=01;31:*.7z=01;31:*.rz=01;31:*.cab=01;31:*.wim=01;31:*.swm=01;31:*.dwm=01;31:*.esd=01;31:*.jpg=01;35:*.jpeg=01;35:*.mjpg=01;35:*.mjpeg=01;35:*.gif=01;35:*.bmp=01;35:*.pbm=01;35:*.pgm=01;35:*.ppm=01;35:*.tga=01;35:*.xbm=01;35:*.xpm=01;35:*.tif=01;35:*.tiff=01;35:*.png=01;35:*.svg=01;35:*.svgz=01;35:*.mng=01;35:*.pcx=01;35:*.mov=01;35:*.mpg=01;35:*.mpeg=01;35:*.m2v=01;35:*.mkv=01;35:*.webm=01;35:*.webp=01;35:*.ogm=01;35:*.mp4=01;35:*.m4v=01;35:*.mp4v=01;35:*.vob=01;35:*.qt=01;35:*.nuv=01;35:*.wmv=01;35:*.asf=01;35:*.rm=01;35:*.rmvb=01;35:*.flc=01;35:*.avi=01;35:*.fli=01;35:*.flv=01;35:*.gl=01;35:*.dl=01;35:*.xcf=01;35:*.xwd=01;35:*.yuv=01;35:*.cgm=01;35:*.emf=01;35:*.ogv=01;35:*.ogx=01;35:*.aac=00;36:*.au=00;36:*.flac=00;36:*.m4a=00;36:*.mid=00;36:*.midi=00;36:*.mka=00;36:*.mp3=00;36:*.mpc=00;36:*.ogg=00;36:*.ra=00;36:*.wav=00;36:*.oga=00;36:*.opus=00;36:*.spx=00;36:*.xspf=00;36:', 'GNOME_TERMINAL_SERVICE': ':1.146', 'SSH_AGENT_LAUNCHER': 'gnome-keyring', 'SSH_AUTH_SOCK': '/run/user/1000/keyring/ssh', 'AMENT_PREFIX_PATH': '/opt/ros/humble', 'SHELL': '/bin/bash', 'QT_ACCESSIBILITY': '1', 'GDMSESSION': 'ubuntu', 'LESSCLOSE': '/usr/bin/lesspipe %s %s', 'QT_IM_MODULE': 'ibus', 'PWD': '/home/frankie/ros2_ws/build/growbot_bringup', 'TURTLEBOT3_MODEL': 'waffle_pi', 'XDG_CONFIG_DIRS': '/etc/xdg/xdg-ubuntu:/etc/xdg', 'XDG_DATA_DIRS': '/usr/share/ubuntu:/usr/local/share/:/usr/share/:/var/lib/snapd/desktop', 'PYTHONPATH': '/home/frankie/ros2_ws/build/growbot_bringup/prefix_override:/usr/lib/python3/dist-packages/colcon_core/task/python/colcon_distutils_commands:/home/frankie/ros2_ws/install/growbot_bringup/lib/python3.10/site-packages:/opt/ros/humble/lib/python3.10/site-packages:/opt/ros/humble/local/lib/python3.10/dist-packages', 'COLCON': '1', 'VTE_VERSION': '6800'}, 'shell': False}
[0.801383] (-) TimerEvent: {}
[0.881529] (nav2_wfd) StderrLine: {'line': b"/usr/lib/python3/dist-packages/setuptools/dist.py:723: UserWarning: Usage of dash-separated 'script-dir' will not be supported in future versions. Please use the underscore name 'script_dir' instead\n"}
[0.881684] (nav2_wfd) StderrLine: {'line': b'  warnings.warn(\n'}
[0.887286] (nav2_wfd) StdoutLine: {'line': b'running egg_info\n'}
[0.887719] (nav2_wfd) StdoutLine: {'line': b'creating ../../build/nav2_wfd/nav2_wfd.egg-info\n'}
[0.887808] (nav2_wfd) StdoutLine: {'line': b'writing ../../build/nav2_wfd/nav2_wfd.egg-info/PKG-INFO\n'}
[0.887939] (nav2_wfd) StdoutLine: {'line': b'writing dependency_links to ../../build/nav2_wfd/nav2_wfd.egg-info/dependency_links.txt\n'}
[0.888048] (nav2_wfd) StdoutLine: {'line': b'writing entry points to ../../build/nav2_wfd/nav2_wfd.egg-info/entry_points.txt\n'}
[0.888094] (nav2_wfd) StdoutLine: {'line': b'writing requirements to ../../build/nav2_wfd/nav2_wfd.egg-info/requires.txt\n'}
[0.888130] (nav2_wfd) StdoutLine: {'line': b'writing top-level names to ../../build/nav2_wfd/nav2_wfd.egg-info/top_level.txt\n'}
[0.888210] (nav2_wfd) StdoutLine: {'line': b"writing manifest file '../../build/nav2_wfd/nav2_wfd.egg-info/SOURCES.txt'\n"}
[0.889485] (nav2_wfd) StdoutLine: {'line': b"reading manifest file '../../build/nav2_wfd/nav2_wfd.egg-info/SOURCES.txt'\n"}
[0.889527] (nav2_wfd) StdoutLine: {'line': b"adding license file 'LICENSE'\n"}
[0.889875] (nav2_wfd) StdoutLine: {'line': b"writing manifest file '../../build/nav2_wfd/nav2_wfd.egg-info/SOURCES.txt'\n"}
[0.889937] (nav2_wfd) StdoutLine: {'line': b'running build\n'}
[0.889974] (nav2_wfd) StdoutLine: {'line': b'running build_py\n'}
[0.890025] (nav2_wfd) StdoutLine: {'line': b'creating /home/frankie/ros2_ws/build/nav2_wfd/build\n'}
[0.890084] (nav2_wfd) StdoutLine: {'line': b'creating /home/frankie/ros2_ws/build/nav2_wfd/build/lib\n'}
[0.890126] (nav2_wfd) StdoutLine: {'line': b'creating /home/frankie/ros2_ws/build/nav2_wfd/build/lib/nav2_wfd\n'}
[0.890191] (nav2_wfd) StdoutLine: {'line': b'copying nav2_wfd/wavefront_frontier.py -> /home/frankie/ros2_ws/build/nav2_wfd/build/lib/nav2_wfd\n'}
[0.890233] (nav2_wfd) StdoutLine: {'line': b'copying nav2_wfd/__init__.py -> /home/frankie/ros2_ws/build/nav2_wfd/build/lib/nav2_wfd\n'}
[0.890303] (nav2_wfd) StdoutLine: {'line': b'running install\n'}
[0.890531] (nav2_wfd) StdoutLine: {'line': b'running install_lib\n'}
[0.890737] (growbot_bringup) StdoutLine: {'line': b'running egg_info\n'}
[0.891016] (nav2_wfd) StdoutLine: {'line': b'creating /home/frankie/ros2_ws/install/nav2_wfd/lib/python3.10/site-packages/nav2_wfd\n'}
[0.891072] (nav2_wfd) StdoutLine: {'line': b'copying /home/frankie/ros2_ws/build/nav2_wfd/build/lib/nav2_wfd/wavefront_frontier.py -> /home/frankie/ros2_ws/install/nav2_wfd/lib/python3.10/site-packages/nav2_wfd\n'}
[0.891127] (nav2_wfd) StdoutLine: {'line': b'copying /home/frankie/ros2_ws/build/nav2_wfd/build/lib/nav2_wfd/__init__.py -> /home/frankie/ros2_ws/install/nav2_wfd/lib/python3.10/site-packages/nav2_wfd\n'}
[0.891268] (growbot_bringup) StdoutLine: {'line': b'writing ../../build/growbot_bringup/growbot_bringup.egg-info/PKG-INFO\n'}
[0.891435] (nav2_wfd) StdoutLine: {'line': b'byte-compiling /home/frankie/ros2_ws/install/nav2_wfd/lib/python3.10/site-packages/nav2_wfd/wavefront_frontier.py to wavefront_frontier.cpython-310.pyc\n'}
[0.894068] (nav2_wfd) StdoutLine: {'line': b'byte-compiling /home/frankie/ros2_ws/install/nav2_wfd/lib/python3.10/site-packages/nav2_wfd/__init__.py to __init__.cpython-310.pyc\n'}
[0.894200] (nav2_wfd) StdoutLine: {'line': b'running install_data\n'}
[0.894263] (nav2_wfd) StdoutLine: {'line': b'creating /home/frankie/ros2_ws/install/nav2_wfd/share/ament_index\n'}
[0.894302] (nav2_wfd) StdoutLine: {'line': b'creating /home/frankie/ros2_ws/install/nav2_wfd/share/ament_index/resource_index\n'}
[0.894341] (nav2_wfd) StdoutLine: {'line': b'creating /home/frankie/ros2_ws/install/nav2_wfd/share/ament_index/resource_index/packages\n'}
[0.894378] (nav2_wfd) StdoutLine: {'line': b'copying resource/nav2_wfd -> /home/frankie/ros2_ws/install/nav2_wfd/share/ament_index/resource_index/packages\n'}
[0.894452] (nav2_wfd) StdoutLine: {'line': b'copying package.xml -> /home/frankie/ros2_ws/install/nav2_wfd/share/nav2_wfd\n'}
[0.894489] (nav2_wfd) StdoutLine: {'line': b'running install_egg_info\n'}
[0.895411] (growbot_bringup) StdoutLine: {'line': b'writing dependency_links to ../../build/growbot_bringup/growbot_bringup.egg-info/dependency_links.txt\n'}
[0.895475] (growbot_bringup) StdoutLine: {'line': b'writing entry points to ../../build/growbot_bringup/growbot_bringup.egg-info/entry_points.txt\n'}
[0.895539] (nav2_wfd) StdoutLine: {'line': b'Copying ../../build/nav2_wfd/nav2_wfd.egg-info to /home/frankie/ros2_ws/install/nav2_wfd/lib/python3.10/site-packages/nav2_wfd-0.0.0-py3.10.egg-info\n'}
[0.895603] (growbot_bringup) StdoutLine: {'line': b'writing requirements to ../../build/growbot_bringup/growbot_bringup.egg-info/requires.txt\n'}
[0.895668] (growbot_bringup) StdoutLine: {'line': b'writing top-level names to ../../build/growbot_bringup/growbot_bringup.egg-info/top_level.txt\n'}
[0.896076] (nav2_wfd) StdoutLine: {'line': b'running install_scripts\n'}
[0.896987] (growbot_bringup) StdoutLine: {'line': b"reading manifest file '../../build/growbot_bringup/growbot_bringup.egg-info/SOURCES.txt'\n"}
[0.897778] (growbot_bringup) StdoutLine: {'line': b"writing manifest file '../../build/growbot_bringup/growbot_bringup.egg-info/SOURCES.txt'\n"}
[0.897853] (growbot_bringup) StdoutLine: {'line': b'running build\n'}
[0.897921] (growbot_bringup) StdoutLine: {'line': b'running build_py\n'}
[0.898538] (growbot_bringup) StdoutLine: {'line': b'running install\n'}
[0.898765] (growbot_bringup) StdoutLine: {'line': b'running install_lib\n'}
[0.899953] (growbot_bringup) StdoutLine: {'line': b'running install_data\n'}
[0.900240] (growbot_bringup) StdoutLine: {'line': b'running install_egg_info\n'}
[0.901435] (-) TimerEvent: {}
[0.902373] (growbot_bringup) StdoutLine: {'line': b"removing '/home/frankie/ros2_ws/install/growbot_bringup/lib/python3.10/site-packages/growbot_bringup-0.0.0-py3.10.egg-info' (and everything under it)\n"}
[0.902534] (growbot_bringup) StdoutLine: {'line': b'Copying ../../build/growbot_bringup/growbot_bringup.egg-info to /home/frankie/ros2_ws/install/growbot_bringup/lib/python3.10/site-packages/growbot_bringup-0.0.0-py3.10.egg-info\n'}
[0.903177] (growbot_bringup) StdoutLine: {'line': b'running install_scripts\n'}
[0.911380] (nav2_wfd) StdoutLine: {'line': b'Installing explore script to /home/frankie/ros2_ws/install/nav2_wfd/lib/nav2_wfd\n'}
[0.911529] (nav2_wfd) StdoutLine: {'line': b"writing list of installed files to '/home/frankie/ros2_ws/build/nav2_wfd/install.log'\n"}
[0.918357] (growbot_bringup) StdoutLine: {'line': b'Installing random_explorer script to /home/frankie/ros2_ws/install/growbot_bringup/lib/growbot_bringup\n'}
[0.918804] (growbot_bringup) StdoutLine: {'line': b"writing list of installed files to '/home/frankie/ros2_ws/build/growbot_bringup/install.log'\n"}
[0.934143] (nav2_wfd) CommandEnded: {'returncode': 0}
[0.939254] (nav2_wfd) JobEnded: {'identifier': 'nav2_wfd', 'rc': 0}
[0.943435] (growbot_bringup) CommandEnded: {'returncode': 0}
[0.947941] (growbot_bringup) JobEnded: {'identifier': 'growbot_bringup', 'rc': 0}
[0.948333] (-) EventReactorShutdown: {}
